[{"model": "admin.logentry", "pk": 1, "fields": {"action_time": "2025-05-10T11:33:44.539Z", "user": 1, "content_type": 18, "object_id": "1", "object_repr": "Sinav1", "action_flag": 1, "change_message": "[{\"added\": {}}]"}}, {"model": "admin.logentry", "pk": 2, "fields": {"action_time": "2025-05-10T11:57:42.452Z", "user": 1, "content_type": 18, "object_id": "1", "object_repr": "Sinav1", "action_flag": 3, "change_message": ""}}, {"model": "admin.logentry", "pk": 3, "fields": {"action_time": "2025-05-10T12:02:04.751Z", "user": 1, "content_type": 18, "object_id": "2", "object_repr": "CEFR 1", "action_flag": 1, "change_message": "[{\"added\": {}}]"}}, {"model": "admin.logentry", "pk": 4, "fields": {"action_time": "2025-05-10T12:09:36.568Z", "user": 1, "content_type": 15, "object_id": "1", "object_repr": "Turan Talim CEFR 1 Dinleme Bölümü", "action_flag": 1, "change_message": "[{\"added\": {}}]"}}, {"model": "admin.logentry", "pk": 5, "fields": {"action_time": "2025-05-10T12:11:00.569Z", "user": 1, "content_type": 15, "object_id": "2", "object_repr": "Turan Talim CEFR 1 Okuma Bölümü", "action_flag": 1, "change_message": "[{\"added\": {}}]"}}, {"model": "admin.logentry", "pk": 6, "fields": {"action_time": "2025-05-10T12:12:47.372Z", "user": 1, "content_type": 15, "object_id": "3", "object_repr": "Turan Talim CEFR 1 Yazma Bölümü", "action_flag": 1, "change_message": "[{\"added\": {}}]"}}, {"model": "admin.logentry", "pk": 7, "fields": {"action_time": "2025-05-10T12:33:36.971Z", "user": 1, "content_type": 15, "object_id": "4", "object_repr": "Turan Talim CEFR 1. Sınav Konuşma Bölümü", "action_flag": 1, "change_message": "[{\"added\": {}}]"}}, {"model": "admin.logentry", "pk": 8, "fields": {"action_time": "2025-05-10T12:34:12.924Z", "user": 1, "content_type": 15, "object_id": "3", "object_repr": "Turan Talim CEFR 1. Sınav Yazma Bölümü", "action_flag": 2, "change_message": "[{\"changed\": {\"fields\": [\"Sarlavha\", \"Tavsif\"]}}]"}}, {"model": "admin.logentry", "pk": 9, "fields": {"action_time": "2025-05-10T12:48:51.200Z", "user": 1, "content_type": 15, "object_id": "1", "object_repr": "Turan Talim CEFR 1. Sınav Dinleme Bölümü", "action_flag": 2, "change_message": "[{\"changed\": {\"fields\": [\"Sarlavha\", \"Tavsif\"]}}]"}}, {"model": "admin.logentry", "pk": 10, "fields": {"action_time": "2025-05-10T12:49:18.108Z", "user": 1, "content_type": 15, "object_id": "2", "object_repr": "Turan Talim CEFR 1. Sınav Okuma Bölümü", "action_flag": 2, "change_message": "[{\"changed\": {\"fields\": [\"Sarlavha\", \"Tavsif\"]}}]"}}, {"model": "admin.logentry", "pk": 11, "fields": {"action_time": "2025-05-10T12:57:03.831Z", "user": 1, "content_type": 12, "object_id": "1", "object_repr": "Mısol", "action_flag": 1, "change_message": "[{\"added\": {}}]"}}, {"model": "admin.logentry", "pk": 12, "fields": {"action_time": "2025-05-10T12:58:23.761Z", "user": 1, "content_type": 12, "object_id": "1", "object_repr": "Turan Talim CEFR 1. Sınav Dinleme Bölümü", "action_flag": 2, "change_message": "[{\"changed\": {\"fields\": [\"Sarlavha\", \"Tavsif\"]}}]"}}, {"model": "admin.logentry", "pk": 13, "fields": {"action_time": "2025-05-10T13:02:45.130Z", "user": 1, "content_type": 12, "object_id": "2", "object_repr": "2. Dinleme Bölümü (9-14)", "action_flag": 1, "change_message": "[{\"added\": {}}]"}}, {"model": "admin.logentry", "pk": 14, "fields": {"action_time": "2025-05-10T13:03:37.045Z", "user": 1, "content_type": 12, "object_id": "1", "object_repr": "1. Dinleme Bölümü (1-8)", "action_flag": 2, "change_message": "[{\"changed\": {\"fields\": [\"Sarlavha\"]}}]"}}, {"model": "admin.logentry", "pk": 15, "fields": {"action_time": "2025-05-10T13:04:51.923Z", "user": 1, "content_type": 12, "object_id": "3", "object_repr": "3. Dinleme Bölümü (15-18)", "action_flag": 1, "change_message": "[{\"added\": {}}]"}}, {"model": "admin.logentry", "pk": 16, "fields": {"action_time": "2025-05-10T13:07:57.847Z", "user": 1, "content_type": 12, "object_id": "4", "object_repr": "4. Dinleme Bölümü (19-23)", "action_flag": 1, "change_message": "[{\"added\": {}}]"}}, {"model": "admin.logentry", "pk": 17, "fields": {"action_time": "2025-05-10T13:09:41.506Z", "user": 1, "content_type": 12, "object_id": "5", "object_repr": "5. Dinleme Bölümü (24-29)", "action_flag": 1, "change_message": "[{\"added\": {}}]"}}, {"model": "admin.logentry", "pk": 18, "fields": {"action_time": "2025-05-10T13:12:05.557Z", "user": 1, "content_type": 12, "object_id": "6", "object_repr": "6. Dinleme Bölümü (30-35)", "action_flag": 1, "change_message": "[{\"added\": {}}]"}}, {"model": "admin.logentry", "pk": 19, "fields": {"action_time": "2025-05-10T13:13:54.462Z", "user": 1, "content_type": 12, "object_id": "2", "object_repr": "2. Dinleme Bölümü (9-14)", "action_flag": 2, "change_message": "[{\"changed\": {\"fields\": [\"Audio\"]}}]"}}, {"model": "admin.logentry", "pk": 20, "fields": {"action_time": "2025-05-10T13:14:17.747Z", "user": 1, "content_type": 12, "object_id": "2", "object_repr": "2. Dinleme Bölümü (9-14)", "action_flag": 2, "change_message": "[{\"changed\": {\"fields\": [\"Audio\"]}}]"}}, {"model": "admin.logentry", "pk": 21, "fields": {"action_time": "2025-05-10T13:14:28.642Z", "user": 1, "content_type": 12, "object_id": "3", "object_repr": "3. Dinleme Bölümü (15-18)", "action_flag": 2, "change_message": "[{\"changed\": {\"fields\": [\"Audio\"]}}]"}}, {"model": "admin.logentry", "pk": 22, "fields": {"action_time": "2025-05-10T13:15:17.927Z", "user": 1, "content_type": 12, "object_id": "3", "object_repr": "3. Dinleme Bölümü (15-18)", "action_flag": 2, "change_message": "[{\"changed\": {\"fields\": [\"Audio\"]}}]"}}, {"model": "admin.logentry", "pk": 23, "fields": {"action_time": "2025-05-10T13:15:47.046Z", "user": 1, "content_type": 12, "object_id": "4", "object_repr": "4. Dinleme Bölümü (19-23)", "action_flag": 2, "change_message": "[{\"changed\": {\"fields\": [\"Audio\"]}}]"}}, {"model": "admin.logentry", "pk": 24, "fields": {"action_time": "2025-05-10T13:16:20.328Z", "user": 1, "content_type": 12, "object_id": "4", "object_repr": "4. Dinleme Bölümü (19-23)", "action_flag": 2, "change_message": "[{\"changed\": {\"fields\": [\"Audio\"]}}]"}}, {"model": "admin.logentry", "pk": 25, "fields": {"action_time": "2025-05-10T13:16:35.658Z", "user": 1, "content_type": 12, "object_id": "5", "object_repr": "5. Dinleme Bölümü (24-29)", "action_flag": 2, "change_message": "[{\"changed\": {\"fields\": [\"Audio\"]}}]"}}, {"model": "admin.logentry", "pk": 26, "fields": {"action_time": "2025-05-10T13:17:03.016Z", "user": 1, "content_type": 12, "object_id": "5", "object_repr": "5. Dinleme Bölümü (24-29)", "action_flag": 2, "change_message": "[{\"changed\": {\"fields\": [\"Audio\"]}}]"}}, {"model": "admin.logentry", "pk": 27, "fields": {"action_time": "2025-05-10T13:17:19.858Z", "user": 1, "content_type": 12, "object_id": "1", "object_repr": "1. Dinleme Bölümü (1-8)", "action_flag": 2, "change_message": "[]"}}, {"model": "admin.logentry", "pk": 28, "fields": {"action_time": "2025-05-10T13:24:14.953Z", "user": 1, "content_type": 13, "object_id": "1", "object_repr": "Soru 1.", "action_flag": 1, "change_message": "[{\"added\": {}}, {\"added\": {\"name\": \"Variant\", \"object\": \"A) \\u00c7\\u00fcnk\\u00fc \\u00e7ok fazla zaman\\u0131m vard\\u0131, acele etmedim.\"}}, {\"added\": {\"name\": \"Variant\", \"object\": \"B) Raporu teslim ettim ama ba\\u015fka bir rapor eksikti\"}}, {\"added\": {\"name\": \"Variant\", \"object\": \"C) Teslim tarihini kar\\u0131\\u015ft\\u0131rd\\u0131\\u011f\\u0131m i\\u00e7in ge\\u00e7 kald\\u0131m.\"}}]"}}, {"model": "admin.logentry", "pk": 29, "fields": {"action_time": "2025-05-10T13:27:07.438Z", "user": 1, "content_type": 13, "object_id": "2", "object_repr": "Soru 2.", "action_flag": 1, "change_message": "[{\"added\": {}}, {\"added\": {\"name\": \"Variant\", \"object\": \"A) \\u00c7\\u00fcnk\\u00fc bu y\\u00f6ntemin en etkili oldu\\u011funu d\\u00fc\\u015f\\u00fcnd\\u00fcm.\"}}, {\"added\": {\"name\": \"Variant\", \"object\": \"B) Ba\\u015fka bir y\\u00f6ntem denemek istedim ama vazge\\u00e7tim.\"}}, {\"added\": {\"name\": \"Variant\", \"object\": \"C) Projeyi y\\u00f6netmedim, ekip arkada\\u015flar\\u0131ma b\\u0131rakt\\u0131m\"}}]"}}, {"model": "admin.logentry", "pk": 30, "fields": {"action_time": "2025-05-10T13:28:49.648Z", "user": 1, "content_type": 13, "object_id": "3", "object_repr": "Soru 3.", "action_flag": 1, "change_message": "[{\"added\": {}}, {\"added\": {\"name\": \"Variant\", \"object\": \"A) Sunumu uzun tutmay\\u0131 planl\\u0131yordum ama f\\u0131rsat olm\"}}, {\"added\": {\"name\": \"Variant\", \"object\": \"B) Sunum \\u00e7ok yo\\u011fundu ve daha fazla uzatmak istemed\"}}, {\"added\": {\"name\": \"Variant\", \"object\": \"C) Zaman k\\u0131s\\u0131tlamas\\u0131 vard\\u0131, k\\u0131sa tutmak zorundayd\\u0131\"}}]"}}, {"model": "admin.logentry", "pk": 31, "fields": {"action_time": "2025-05-10T13:31:33.865Z", "user": 1, "content_type": 13, "object_id": "4", "object_repr": "Soru 4.", "action_flag": 1, "change_message": "[{\"added\": {}}, {\"added\": {\"name\": \"Variant\", \"object\": \"A) Toplant\\u0131n\\u0131n ba\\u015flama saatini yanl\\u0131\\u015f hat\\u0131rlad\\u0131m.\"}}, {\"added\": {\"name\": \"Variant\", \"object\": \"B) Trafik beklenmedik \\u015fekilde yo\\u011fun oldu\\u011fu i\\u00e7in.\"}}, {\"added\": {\"name\": \"Variant\", \"object\": \"C) Toplant\\u0131ya erken gelmek istedim ama zaman\\u0131nda y\"}}]"}}, {"model": "admin.logentry", "pk": 32, "fields": {"action_time": "2025-05-10T13:33:14.308Z", "user": 1, "content_type": 13, "object_id": "5", "object_repr": "Soru 5.", "action_flag": 1, "change_message": "[{\"added\": {}}, {\"added\": {\"name\": \"Variant\", \"object\": \"A) G\\u00f6rev bana verilmedi\\u011fi halde g\\u00f6n\\u00fcll\\u00fc oldum.\"}}, {\"added\": {\"name\": \"Variant\", \"object\": \"B) Daha \\u00f6nce benzer bir g\\u00f6revi ba\\u015far\\u0131yla tamamlad\\u0131\"}}, {\"added\": {\"name\": \"Variant\", \"object\": \"C) G\\u00f6revden kimse memnun olmad\\u0131\\u011f\\u0131 i\\u00e7in.\"}}]"}}, {"model": "admin.logentry", "pk": 33, "fields": {"action_time": "2025-05-10T13:41:44.126Z", "user": 1, "content_type": 12, "object_id": "7", "object_repr": "1.\tOKUMA METNİ  (1-6. sorular)", "action_flag": 1, "change_message": "[{\"added\": {}}]"}}, {"model": "admin.logentry", "pk": 34, "fields": {"action_time": "2025-05-10T13:42:35.430Z", "user": 1, "content_type": 12, "object_id": "8", "object_repr": "2. OKUMA METNİ (7-14. sorular)", "action_flag": 1, "change_message": "[{\"added\": {}}]"}}, {"model": "admin.logentry", "pk": 35, "fields": {"action_time": "2025-05-10T13:43:17.534Z", "user": 1, "content_type": 12, "object_id": "9", "object_repr": "3. OKUMA METNİ (15-20. sorular)", "action_flag": 1, "change_message": "[{\"added\": {}}]"}}, {"model": "admin.logentry", "pk": 36, "fields": {"action_time": "2025-05-10T13:44:29.287Z", "user": 1, "content_type": 12, "object_id": "10", "object_repr": "4. OKUMA METNİ (21-29. sorular)", "action_flag": 1, "change_message": "[{\"added\": {}}]"}}, {"model": "admin.logentry", "pk": 37, "fields": {"action_time": "2025-05-10T13:45:21.514Z", "user": 1, "content_type": 12, "object_id": "11", "object_repr": "5. OKUMA METNİ (30-35. sorular)", "action_flag": 1, "change_message": "[{\"added\": {}}]"}}, {"model": "admin.logentry", "pk": 38, "fields": {"action_time": "2025-05-10T13:50:39.160Z", "user": 1, "content_type": 13, "object_id": "6", "object_repr": "Soru 1.", "action_flag": 1, "change_message": "[{\"added\": {}}]"}}, {"model": "admin.logentry", "pk": 39, "fields": {"action_time": "2025-05-10T13:52:01.342Z", "user": 1, "content_type": 12, "object_id": "7", "object_repr": "1.\tOKUMA METNİ  (1-6. sorular)", "action_flag": 2, "change_message": "[{\"changed\": {\"fields\": [\"Test matni\", \"Variantlar JSON\"]}}]"}}, {"model": "admin.logentry", "pk": 40, "fields": {"action_time": "2025-05-10T13:55:31.243Z", "user": 1, "content_type": 12, "object_id": "8", "object_repr": "2. OKUMA METNİ (7-14. sorular)", "action_flag": 2, "change_message": "[{\"changed\": {\"fields\": [\"Variantlar JSON\"]}}]"}}, {"model": "admin.logentry", "pk": 41, "fields": {"action_time": "2025-05-10T13:56:33.945Z", "user": 1, "content_type": 12, "object_id": "9", "object_repr": "3. OKUMA METNİ (15-20. sorular)", "action_flag": 2, "change_message": "[{\"changed\": {\"fields\": [\"Test matni\", \"Variantlar JSON\"]}}]"}}, {"model": "admin.logentry", "pk": 42, "fields": {"action_time": "2025-05-10T13:57:57.765Z", "user": 1, "content_type": 12, "object_id": "10", "object_repr": "4. OKUMA METNİ (21-29. sorular)", "action_flag": 2, "change_message": "[{\"changed\": {\"fields\": [\"Test matni\"]}}]"}}, {"model": "admin.logentry", "pk": 43, "fields": {"action_time": "2025-05-10T13:58:51.262Z", "user": 1, "content_type": 12, "object_id": "11", "object_repr": "5. OKUMA METNİ (30-35. sorular)", "action_flag": 2, "change_message": "[{\"changed\": {\"fields\": [\"Test matni\"]}}]"}}, {"model": "admin.logentry", "pk": 44, "fields": {"action_time": "2025-05-10T14:02:23.596Z", "user": 1, "content_type": 13, "object_id": "7", "object_repr": "Soru 2.", "action_flag": 1, "change_message": "[{\"added\": {}}]"}}, {"model": "admin.logentry", "pk": 45, "fields": {"action_time": "2025-05-10T14:02:51.184Z", "user": 1, "content_type": 13, "object_id": "8", "object_repr": "Soru 3.", "action_flag": 1, "change_message": "[{\"added\": {}}]"}}, {"model": "admin.logentry", "pk": 46, "fields": {"action_time": "2025-05-10T14:03:20.064Z", "user": 1, "content_type": 13, "object_id": "9", "object_repr": "Soru 4.", "action_flag": 1, "change_message": "[{\"added\": {}}]"}}, {"model": "admin.logentry", "pk": 47, "fields": {"action_time": "2025-05-10T14:04:59.691Z", "user": 1, "content_type": 13, "object_id": "10", "object_repr": "Soru 5.", "action_flag": 1, "change_message": "[{\"added\": {}}]"}}, {"model": "admin.logentry", "pk": 48, "fields": {"action_time": "2025-05-10T14:07:06.066Z", "user": 1, "content_type": 13, "object_id": "11", "object_repr": "Soru 6.", "action_flag": 1, "change_message": "[{\"added\": {}}]"}}, {"model": "admin.logentry", "pk": 49, "fields": {"action_time": "2025-05-10T14:08:23.172Z", "user": 1, "content_type": 13, "object_id": "12", "object_repr": "Soru 7. Osmanlı dönemine ait tarihi eserleri keşfe", "action_flag": 1, "change_message": "[{\"added\": {}}]"}}, {"model": "admin.logentry", "pk": 50, "fields": {"action_time": "2025-05-10T14:09:11.141Z", "user": 1, "content_type": 13, "object_id": "13", "object_repr": "8. soru. Hafta sonları düzenlenen fotoğrafçılık ku", "action_flag": 1, "change_message": "[{\"added\": {}}]"}}, {"model": "admin.logentry", "pk": 51, "fields": {"action_time": "2025-05-10T14:09:54.293Z", "user": 1, "content_type": 13, "object_id": "14", "object_repr": "9. Soru. Çocuklara yönelik resim, heykel ve yaratı", "action_flag": 1, "change_message": "[{\"added\": {}}]"}}, {"model": "admin.logentry", "pk": 52, "fields": {"action_time": "2025-05-10T14:10:28.845Z", "user": 1, "content_type": 13, "object_id": "15", "object_repr": "10.\tSoru. Geleneksel halk danslarını öğrenmek iste", "action_flag": 1, "change_message": "[{\"added\": {}}]"}}, {"model": "admin.logentry", "pk": 53, "fields": {"action_time": "2025-05-10T14:11:17.799Z", "user": 1, "content_type": 13, "object_id": "16", "object_repr": "11.\tSoru. Yerel sanatkarların el emeği göz nuru ür", "action_flag": 1, "change_message": "[{\"added\": {}}]"}}, {"model": "admin.logentry", "pk": 54, "fields": {"action_time": "2025-05-10T14:12:02.122Z", "user": 1, "content_type": 13, "object_id": "17", "object_repr": "12. Soru. Türk mutfağını öğrenmek isteyenler için ", "action_flag": 1, "change_message": "[{\"added\": {}}]"}}, {"model": "admin.logentry", "pk": 55, "fields": {"action_time": "2025-05-10T14:12:50.012Z", "user": 1, "content_type": 13, "object_id": "18", "object_repr": "13. Soru. Şehirden uzaklaşmadan doğayla iç içe kam", "action_flag": 1, "change_message": "[{\"added\": {}}]"}}, {"model": "admin.logentry", "pk": 56, "fields": {"action_time": "2025-05-10T14:13:39.864Z", "user": 1, "content_type": 13, "object_id": "19", "object_repr": "14. Soru. Popüler müzik gruplarının sahne aldığı a", "action_flag": 1, "change_message": "[{\"added\": {}}]"}}, {"model": "admin.logentry", "pk": 57, "fields": {"action_time": "2025-05-10T14:15:04.758Z", "user": 1, "content_type": 13, "object_id": "20", "object_repr": "Soru 15.       I. Paragraf: ….", "action_flag": 1, "change_message": "[{\"added\": {}}]"}}, {"model": "admin.logentry", "pk": 58, "fields": {"action_time": "2025-05-10T14:15:38.380Z", "user": 1, "content_type": 13, "object_id": "21", "object_repr": "Soru 16.       II. Paragraf: …..", "action_flag": 1, "change_message": "[{\"added\": {}}]"}}, {"model": "admin.logentry", "pk": 59, "fields": {"action_time": "2025-05-10T14:16:11.079Z", "user": 1, "content_type": 13, "object_id": "22", "object_repr": "Soru 17.       III. Paragraf: …..", "action_flag": 1, "change_message": "[{\"added\": {}}]"}}, {"model": "admin.logentry", "pk": 60, "fields": {"action_time": "2025-05-10T14:17:04.817Z", "user": 1, "content_type": 13, "object_id": "23", "object_repr": "Soru 18.       IV. Paragraf: ….", "action_flag": 1, "change_message": "[{\"added\": {}}]"}}, {"model": "admin.logentry", "pk": 61, "fields": {"action_time": "2025-05-10T14:17:36.332Z", "user": 1, "content_type": 13, "object_id": "24", "object_repr": "Soru 19.       V. Paragraf: ….", "action_flag": 1, "change_message": "[{\"added\": {}}]"}}, {"model": "admin.logentry", "pk": 62, "fields": {"action_time": "2025-05-10T14:18:03.986Z", "user": 1, "content_type": 13, "object_id": "25", "object_repr": "Soru 20.       VI. Paragraf: …..", "action_flag": 1, "change_message": "[{\"added\": {}}]"}}, {"model": "admin.logentry", "pk": 63, "fields": {"action_time": "2025-05-10T14:20:10.238Z", "user": 1, "content_type": 13, "object_id": "26", "object_repr": "S21. Metnin bütününe göre aşağıdaki yargılardan ha", "action_flag": 1, "change_message": "[{\"added\": {}}, {\"added\": {\"name\": \"Variant\", \"object\": \"A) T\\u00fcrk d\\u00fcnyas\\u0131n\\u0131n \\u00f6rf ve adetleri, topluluklar ar\"}}, {\"added\": {\"name\": \"Variant\", \"object\": \"B) Nevruz, T\\u00fcrk topluluklar\\u0131 aras\\u0131nda farkl\\u0131 anlam\"}}, {\"added\": {\"name\": \"Variant\", \"object\": \"C) Misafirperverlik, T\\u00fcrk k\\u00fclt\\u00fcr\\u00fcnde b\\u00fcy\\u00fck bir \\u00f6ne\"}}, {\"added\": {\"name\": \"Variant\", \"object\": \"D) T\\u00fcrk d\\u00fcnyas\\u0131n\\u0131n ortak de\\u011ferleri, co\\u011frafi farkl\\u0131\"}}]"}}, {"model": "admin.logentry", "pk": 64, "fields": {"action_time": "2025-05-10T14:33:18.949Z", "user": 1, "content_type": 13, "object_id": "26", "object_repr": "S21. Metnin bütününe göre aşağıdaki yargılardan ha", "action_flag": 2, "change_message": "[]"}}, {"model": "admin.logentry", "pk": 65, "fields": {"action_time": "2025-05-10T14:35:26.084Z", "user": 1, "content_type": 13, "object_id": "27", "object_repr": "S22. Türk dünyasında misafirperverlikle ilgili ola", "action_flag": 1, "change_message": "[{\"added\": {}}, {\"added\": {\"name\": \"Variant\", \"object\": \"A) Misafir, T\\u00fcrk k\\u00fclt\\u00fcr\\u00fcnde a\\u011f\\u0131rl\\u0131kla sembolik bir\"}}, {\"added\": {\"name\": \"Variant\", \"object\": \"B) Misafire verilen ikramlar, ev sahibinin itibar\\u0131\"}}, {\"added\": {\"name\": \"Variant\", \"object\": \"C) Misafirperverlik sadece k\\u0131rsal b\\u00f6lgelerde \\u00f6neml\"}}, {\"added\": {\"name\": \"Variant\", \"object\": \"D) T\\u00fcrk topluluklar\\u0131nda misafir, genellikle tanr\\u0131d\"}}]"}}, {"model": "admin.logentry", "pk": 66, "fields": {"action_time": "2025-05-10T14:35:43.988Z", "user": 1, "content_type": 13, "object_id": "26", "object_repr": "S21. Metnin bütününe göre aşağıdaki yargılardan ha", "action_flag": 2, "change_message": "[]"}}, {"model": "admin.logentry", "pk": 67, "fields": {"action_time": "2025-05-10T14:36:01.020Z", "user": 1, "content_type": 13, "object_id": "26", "object_repr": "S21. Metnin bütününe göre aşağıdaki yargılardan ha", "action_flag": 2, "change_message": "[]"}}, {"model": "admin.logentry", "pk": 68, "fields": {"action_time": "2025-05-10T14:36:21.020Z", "user": 1, "content_type": 13, "object_id": "27", "object_repr": "S22. Türk dünyasında misafirperverlikle ilgili ola", "action_flag": 2, "change_message": "[]"}}, {"model": "admin.logentry", "pk": 69, "fields": {"action_time": "2025-05-10T14:38:18.093Z", "user": 1, "content_type": 13, "object_id": "28", "object_repr": "S23. Türk dünyasındaki düğün gelenekleriyle ilgili", "action_flag": 1, "change_message": "[{\"added\": {}}, {\"added\": {\"name\": \"Variant\", \"object\": \"A) K\\u0131na geceleri, T\\u00fcrk d\\u00fcnyas\\u0131nda \\u00f6nemli bir evlil\"}}, {\"added\": {\"name\": \"Variant\", \"object\": \"B) D\\u00fc\\u011f\\u00fcnlerde halk oyunlar\\u0131 ve danslar geleneksel \"}}, {\"added\": {\"name\": \"Variant\", \"object\": \"C) D\\u00fc\\u011f\\u00fcnlerde toplumsal dayan\\u0131\\u015fmay\\u0131 art\\u0131racak etki\"}}, {\"added\": {\"name\": \"Variant\", \"object\": \"D) Renkli k\\u0131yafetler ve b\\u00fcy\\u00fck sofralar d\\u00fc\\u011f\\u00fcnlerin \"}}]"}}, {"model": "admin.logentry", "pk": 70, "fields": {"action_time": "2025-05-10T14:40:16.324Z", "user": 1, "content_type": 13, "object_id": "29", "object_repr": "S24. Metne göre, Türk topluluklarının ortak değerl", "action_flag": 1, "change_message": "[{\"added\": {}}, {\"added\": {\"name\": \"Variant\", \"object\": \"A) Atalara sayg\\u0131 g\\u00f6stermek\"}}, {\"added\": {\"name\": \"Variant\", \"object\": \"B) Bahar\\u0131n geli\\u015fini kutlamak\"}}, {\"added\": {\"name\": \"Variant\", \"object\": \"C) Sadece bireysel ya\\u015fant\\u0131lara odaklanmak\"}}, {\"added\": {\"name\": \"Variant\", \"object\": \"D) Toplumsal dayan\\u0131\\u015fmay\\u0131 \\u00f6n plana \\u00e7\\u0131karmak\"}}]"}}, {"model": "admin.logentry", "pk": 71, "fields": {"action_time": "2025-05-10T14:44:10.802Z", "user": 1, "content_type": 13, "object_id": "30", "object_repr": "Soru 25. Nevruz bayramı, Türk toplulukları arasınd", "action_flag": 1, "change_message": "[{\"added\": {}}, {\"added\": {\"name\": \"Variant\", \"object\": \"A) Do\\u011fru\"}}, {\"added\": {\"name\": \"Variant\", \"object\": \"B) Yanl\\u0131\\u015f\"}}, {\"added\": {\"name\": \"Variant\", \"object\": \"C) Verilmemi\\u015f\"}}]"}}, {"model": "admin.logentry", "pk": 72, "fields": {"action_time": "2025-05-10T14:44:56.076Z", "user": 1, "content_type": 12, "object_id": "10", "object_repr": "4. OKUMA METNİ (21-29. sorular)", "action_flag": 2, "change_message": "[{\"changed\": {\"fields\": [\"Tavsif\"]}}]"}}, {"model": "admin.logentry", "pk": 73, "fields": {"action_time": "2025-05-10T14:46:44.173Z", "user": 1, "content_type": 13, "object_id": "31", "object_repr": "Soru 26. Türk dünyasında misafire gösterilen saygı", "action_flag": 1, "change_message": "[{\"added\": {}}, {\"added\": {\"name\": \"Variant\", \"object\": \"A) Do\\u011fru\"}}, {\"added\": {\"name\": \"Variant\", \"object\": \"B) Yanl\\u0131\\u015f\"}}, {\"added\": {\"name\": \"Variant\", \"object\": \"C) Verilmemi\\u015f\"}}]"}}, {"model": "admin.logentry", "pk": 74, "fields": {"action_time": "2025-05-10T14:48:24.987Z", "user": 1, "content_type": 13, "object_id": "32", "object_repr": "Soru 27. Düğün gelenekleri, Türk dünyasında yalnız", "action_flag": 1, "change_message": "[{\"added\": {}}, {\"added\": {\"name\": \"Variant\", \"object\": \"A) Do\\u011fru\"}}, {\"added\": {\"name\": \"Variant\", \"object\": \"B) Yanl\\u0131\\u015f\"}}, {\"added\": {\"name\": \"Variant\", \"object\": \"C) Verilmemi\\u015f\"}}]"}}, {"model": "admin.logentry", "pk": 75, "fields": {"action_time": "2025-05-10T14:49:56.763Z", "user": 1, "content_type": 13, "object_id": "33", "object_repr": "Soru 28. Atalara saygı, Türk dünyasının sadece bir", "action_flag": 1, "change_message": "[{\"added\": {}}, {\"added\": {\"name\": \"Variant\", \"object\": \"A) Do\\u011fru\"}}, {\"added\": {\"name\": \"Variant\", \"object\": \"B) Yanl\\u0131\\u015f\"}}, {\"added\": {\"name\": \"Variant\", \"object\": \"C) Verilmemi\\u015f\"}}]"}}, {"model": "admin.logentry", "pk": 76, "fields": {"action_time": "2025-05-10T14:51:10.535Z", "user": 1, "content_type": 13, "object_id": "34", "object_repr": "Soru 29. Türk dünyasının ortak örf ve adetleri, to", "action_flag": 1, "change_message": "[{\"added\": {}}, {\"added\": {\"name\": \"Variant\", \"object\": \"A) Do\\u011fru\"}}, {\"added\": {\"name\": \"Variant\", \"object\": \"B) Yanl\\u0131\\u015f\"}}, {\"added\": {\"name\": \"Variant\", \"object\": \"C) Verilmemi\\u015f\"}}]"}}, {"model": "admin.logentry", "pk": 77, "fields": {"action_time": "2025-05-10T14:53:18.106Z", "user": 1, "content_type": 13, "object_id": "35", "object_repr": "Soru 30. Aşağıdaki cümlelerden hangisi metinden çı", "action_flag": 1, "change_message": "[{\"added\": {}}, {\"added\": {\"name\": \"Variant\", \"object\": \"A) \\u00d6zbekistan\\u2019da temizlik, sadece fiziksel de\\u011fil m\"}}, {\"added\": {\"name\": \"Variant\", \"object\": \"B) Misafirperverlik, \\u00d6zbek aile yap\\u0131s\\u0131n\\u0131n en temel\"}}, {\"added\": {\"name\": \"Variant\", \"object\": \"C) \\u00c7ocuklara b\\u00fcy\\u00fcklere sayg\\u0131 \\u00f6\\u011fretilmesi, yaln\\u0131zca\"}}, {\"added\": {\"name\": \"Variant\", \"object\": \"D) Yard\\u0131mla\\u015fma, \\u00d6zbek k\\u00fclt\\u00fcr\\u00fcnde ahlaki bir soruml\"}}]"}}, {"model": "admin.logentry", "pk": 78, "fields": {"action_time": "2025-05-10T14:55:12.305Z", "user": 1, "content_type": 13, "object_id": "36", "object_repr": "Soru 31. Özbekistan’da çocukluk döneminde öğretile", "action_flag": 1, "change_message": "[{\"added\": {}}, {\"added\": {\"name\": \"Variant\", \"object\": \"A) \\u00c7ocuklara yard\\u0131mla\\u015fman\\u0131n de\\u011feri s\\u0131k\\u00e7a vurgulan\\u0131\"}}, {\"added\": {\"name\": \"Variant\", \"object\": \"B) Misafirler, \\u00d6zbek k\\u00fclt\\u00fcr\\u00fcnde Tanr\\u0131\\u2019n\\u0131n bir l\\u00fctf\"}}, {\"added\": {\"name\": \"Variant\", \"object\": \"C) \\u00c7ocuklar, b\\u00fcy\\u00fcklerin s\\u00f6zlerini dinlememeye te\\u015fv\"}}, {\"added\": {\"name\": \"Variant\", \"object\": \"D) Temizlik ve d\\u00fczen, \\u00d6zbek k\\u00fclt\\u00fcr\\u00fcnde \\u00f6nemli bir \"}}]"}}, {"model": "admin.logentry", "pk": 79, "fields": {"action_time": "2025-05-10T14:55:39.377Z", "user": 1, "content_type": 13, "object_id": "35", "object_repr": "Soru 30. Aşağıdaki cümlelerden hangisi metinden çı", "action_flag": 2, "change_message": "[]"}}, {"model": "admin.logentry", "pk": 80, "fields": {"action_time": "2025-05-10T14:57:15.732Z", "user": 1, "content_type": 13, "object_id": "37", "object_repr": "Soru 32. Aşağıdakilerden hangisi metne göre doğru ", "action_flag": 1, "change_message": "[{\"added\": {}}, {\"added\": {\"name\": \"Variant\", \"object\": \"A) \\u00d6zbekistan\\u2019da \\u00e7ocuklar, toplumsal dayan\\u0131\\u015fma i\\u00e7i\"}}, {\"added\": {\"name\": \"Variant\", \"object\": \"B) \\u00d6zbek k\\u00fclt\\u00fcr\\u00fcnde misafirperverlik, sadece aile \"}}, {\"added\": {\"name\": \"Variant\", \"object\": \"C) Temizlik ve d\\u00fczen, sadece ev i\\u00e7inde \\u00f6nemsenir.\"}}, {\"added\": {\"name\": \"Variant\", \"object\": \"D) B\\u00fcy\\u00fcklere sayg\\u0131, \\u00d6zbek ailelerinde \\u00f6nemsenmeyen\"}}]"}}, {"model": "admin.logentry", "pk": 81, "fields": {"action_time": "2025-05-10T14:59:08.039Z", "user": 1, "content_type": 13, "object_id": "38", "object_repr": "Soru 33. Özbek kültüründe misafirperverlik ve bunu", "action_flag": 1, "change_message": "[{\"added\": {}}, {\"added\": {\"name\": \"Variant\", \"object\": \"A) A. paragraf\"}}, {\"added\": {\"name\": \"Variant\", \"object\": \"B) B. paragraf\"}}, {\"added\": {\"name\": \"Variant\", \"object\": \"C) C. paragraf\"}}, {\"added\": {\"name\": \"Variant\", \"object\": \"D) E. paragraf\"}}]"}}, {"model": "admin.logentry", "pk": 82, "fields": {"action_time": "2025-05-10T15:00:24.629Z", "user": 1, "content_type": 13, "object_id": "35", "object_repr": "Soru 30. Aşağıdaki cümlelerden hangisi metinden çı", "action_flag": 2, "change_message": "[{\"changed\": {\"fields\": [\"Savol testi\"]}}]"}}, {"model": "admin.logentry", "pk": 83, "fields": {"action_time": "2025-05-10T15:00:41.542Z", "user": 1, "content_type": 13, "object_id": "36", "object_repr": "Soru 31. Özbekistan’da çocukluk döneminde öğretile", "action_flag": 2, "change_message": "[{\"changed\": {\"fields\": [\"Savol testi\"]}}]"}}, {"model": "admin.logentry", "pk": 84, "fields": {"action_time": "2025-05-10T15:01:03.760Z", "user": 1, "content_type": 13, "object_id": "37", "object_repr": "Soru 32. Aşağıdakilerden hangisi metne göre doğru ", "action_flag": 2, "change_message": "[{\"changed\": {\"fields\": [\"Savol testi\"]}}]"}}, {"model": "admin.logentry", "pk": 85, "fields": {"action_time": "2025-05-10T15:01:20.392Z", "user": 1, "content_type": 13, "object_id": "38", "object_repr": "Soru 33. Özbek kültüründe misafirperverlik ve bunu", "action_flag": 2, "change_message": "[{\"changed\": {\"fields\": [\"Savol testi\"]}}]"}}, {"model": "admin.logentry", "pk": 86, "fields": {"action_time": "2025-05-10T15:03:05.916Z", "user": 1, "content_type": 13, "object_id": "39", "object_repr": "Soru 34. Yardımlaşma ve toplumsal dayanışmanın Özb", "action_flag": 1, "change_message": "[{\"added\": {}}, {\"added\": {\"name\": \"Variant\", \"object\": \"A) A. paragraf\"}}, {\"added\": {\"name\": \"Variant\", \"object\": \"B) B. paragraf\"}}, {\"added\": {\"name\": \"Variant\", \"object\": \"C) E. paragraf\"}}, {\"added\": {\"name\": \"Variant\", \"object\": \"D) D. paragraf\"}}]"}}, {"model": "admin.logentry", "pk": 87, "fields": {"action_time": "2025-05-10T15:04:32.416Z", "user": 1, "content_type": 13, "object_id": "40", "object_repr": "Soru 35. Temizlik ve düzenin çocuklara kazandırılm", "action_flag": 1, "change_message": "[{\"added\": {}}, {\"added\": {\"name\": \"Variant\", \"object\": \"A) B. paragraf\"}}, {\"added\": {\"name\": \"Variant\", \"object\": \"B) D. paragraf\"}}, {\"added\": {\"name\": \"Variant\", \"object\": \"C) C. paragraf\"}}, {\"added\": {\"name\": \"Variant\", \"object\": \"D) E. paragraf\"}}]"}}, {"model": "admin.logentry", "pk": 88, "fields": {"action_time": "2025-06-16T06:25:39.788Z", "user": 1, "content_type": 13, "object_id": "41", "object_repr": "Soru 6", "action_flag": 1, "change_message": "[{\"added\": {}}, {\"added\": {\"name\": \"Variant\", \"object\": \"A) \\u00c7\\u00fcnk\\u00fc kitap \\u00e7ok s\\u00fcr\\u00fckleyiciydi.\"}}, {\"added\": {\"name\": \"Variant\", \"object\": \"B) Kitab\\u0131 daha \\u00f6nceden okumu\\u015ftum ve h\\u0131zl\\u0131ca tekrar\"}}, {\"added\": {\"name\": \"Variant\", \"object\": \"C) Kitap k\\u0131sa oldu\\u011fu i\\u00e7in zaman almad\\u0131.\"}}]"}}, {"model": "admin.logentry", "pk": 89, "fields": {"action_time": "2025-06-16T06:27:43.290Z", "user": 1, "content_type": 13, "object_id": "42", "object_repr": "Soru 7", "action_flag": 1, "change_message": "[{\"added\": {}}, {\"added\": {\"name\": \"Variant\", \"object\": \"A) Soruyu anlayamad\\u0131\\u011f\\u0131m i\\u00e7in.\"}}, {\"added\": {\"name\": \"Variant\", \"object\": \"B) Daha \\u00f6nce bu konuyu hi\\u00e7 d\\u00fc\\u015f\\u00fcnmedi\\u011fimden.\"}}, {\"added\": {\"name\": \"Variant\", \"object\": \"C) \\u00c7\\u00fcnk\\u00fc olduk\\u00e7a karma\\u015f\\u0131k ve dikkat gerektiriyordu\"}}]"}}, {"model": "admin.logentry", "pk": 90, "fields": {"action_time": "2025-06-16T06:36:55.387Z", "user": 1, "content_type": 13, "object_id": "43", "object_repr": "Soru 8", "action_flag": 1, "change_message": "[{\"added\": {}}, {\"added\": {\"name\": \"Variant\", \"object\": \"A) Teklif bana ilgin\\u00e7 gelmedi.\"}}, {\"added\": {\"name\": \"Variant\", \"object\": \"B) Ko\\u015fullar benim i\\u00e7in uygun olmad\\u0131\\u011f\\u0131 i\\u00e7in.\"}}, {\"added\": {\"name\": \"Variant\", \"object\": \"C) Teklifi de\\u011ferlendirme f\\u0131rsat\\u0131m olmad\\u0131.\"}}]"}}, {"model": "admin.logentry", "pk": 91, "fields": {"action_time": "2025-06-16T08:59:52.733Z", "user": 1, "content_type": 13, "object_id": "44", "object_repr": "Soru 9. Sağlıklı bir iletişim, bireylerin hem haya", "action_flag": 1, "change_message": "[{\"added\": {}}, {\"added\": {\"name\": \"Variant\", \"object\": \"A) Do\\u011fru\"}}, {\"added\": {\"name\": \"Variant\", \"object\": \"B) Yanl\\u0131\\u015f\"}}]"}}, {"model": "admin.logentry", "pk": 92, "fields": {"action_time": "2025-06-16T09:01:23.618Z", "user": 1, "content_type": 13, "object_id": "45", "object_repr": "Soru 10. Metinde, iletişim eksikliği yalnızca iş h", "action_flag": 1, "change_message": "[{\"added\": {}}, {\"added\": {\"name\": \"Variant\", \"object\": \"A) Do\\u011fru\"}}, {\"added\": {\"name\": \"Variant\", \"object\": \"B) Yanl\\u0131\\u015f\"}}]"}}, {"model": "admin.logentry", "pk": 93, "fields": {"action_time": "2025-06-16T09:02:28.291Z", "user": 1, "content_type": 13, "object_id": "46", "object_repr": "Soru 11. İş yerinde güçlü iletişim becerilerine sa", "action_flag": 1, "change_message": "[{\"added\": {}}, {\"added\": {\"name\": \"Variant\", \"object\": \"A) Do\\u011fru\"}}, {\"added\": {\"name\": \"Variant\", \"object\": \"B) Yanl\\u0131\\u015f\"}}]"}}, {"model": "admin.logentry", "pk": 94, "fields": {"action_time": "2025-06-16T09:03:23.063Z", "user": 1, "content_type": 13, "object_id": "47", "object_repr": "Soru 12. Teknolojinin gelişmesi, yüz yüze iletişim", "action_flag": 1, "change_message": "[{\"added\": {}}, {\"added\": {\"name\": \"Variant\", \"object\": \"A) Do\\u011fru\"}}, {\"added\": {\"name\": \"Variant\", \"object\": \"B) Yanl\\u0131\\u015f\"}}]"}}, {"model": "admin.logentry", "pk": 95, "fields": {"action_time": "2025-06-16T09:03:57.585Z", "user": 1, "content_type": 13, "object_id": "48", "object_repr": "Soru 13. Empati, iletişimde sadece bir tarafın duy", "action_flag": 1, "change_message": "[{\"added\": {}}, {\"added\": {\"name\": \"Variant\", \"object\": \"A) Do\\u011fru\"}}, {\"added\": {\"name\": \"Variant\", \"object\": \"B) Yanl\\u0131\\u015f\"}}]"}}, {"model": "admin.logentry", "pk": 96, "fields": {"action_time": "2025-06-16T09:05:24.633Z", "user": 1, "content_type": 13, "object_id": "49", "object_repr": "Soru 14.Metinde geçen “aktif dinleme” ifadesi, “Sa", "action_flag": 1, "change_message": "[{\"added\": {}}, {\"added\": {\"name\": \"Variant\", \"object\": \"A) Do\\u011fru\"}}, {\"added\": {\"name\": \"Variant\", \"object\": \"B) Yanl\\u0131\\u015f\"}}]"}}, {"model": "admin.logentry", "pk": 97, "fields": {"action_time": "2025-06-16T09:10:42.171Z", "user": 1, "content_type": 13, "object_id": "50", "object_repr": "15. 4. konuşmacı: ...", "action_flag": 1, "change_message": "[{\"added\": {}}, {\"added\": {\"name\": \"Variant\", \"object\": \"A) \\u015eehir i\\u00e7i ula\\u015f\\u0131mda ya\\u015fanan aksakl\\u0131klar hakk\\u0131nda\"}}, {\"added\": {\"name\": \"Variant\", \"object\": \"B) Y\\u00fcksek h\\u0131zl\\u0131 tren seferlerinin durduruldu\\u011funa d\"}}, {\"added\": {\"name\": \"Variant\", \"object\": \"C) Kabin bagaj\\u0131 kurallar\\u0131na uyulmas\\u0131 gerekti\\u011fi bel\"}}, {\"added\": {\"name\": \"Variant\", \"object\": \"D) Kara yolu otob\\u00fcs seferlerinin iptal edildi\\u011fine \"}}, {\"added\": {\"name\": \"Variant\", \"object\": \"E) \\u015eehir i\\u00e7i ula\\u015f\\u0131m \\u00fccretleriyle ilgili de\\u011fi\\u015fiklik\"}}, {\"added\": {\"name\": \"Variant\", \"object\": \"F) Ula\\u015f\\u0131mda \\u00f6zel g\\u00fcvenlik \\u00f6nlemleri al\\u0131nmas\\u0131na dai\"}}]"}}, {"model": "admin.logentry", "pk": 98, "fields": {"action_time": "2025-06-16T09:15:12.039Z", "user": 1, "content_type": 13, "object_id": "51", "object_repr": "16. 1. konuşmacı: ...", "action_flag": 1, "change_message": "[{\"added\": {}}, {\"added\": {\"name\": \"Variant\", \"object\": \"A) \\u015eehir i\\u00e7i ula\\u015f\\u0131mda ya\\u015fanan aksakl\\u0131klar hakk\\u0131nda\"}}, {\"added\": {\"name\": \"Variant\", \"object\": \"B) Y\\u00fcksek h\\u0131zl\\u0131 tren seferlerinin durduruldu\\u011funa d\"}}, {\"added\": {\"name\": \"Variant\", \"object\": \"C) Kabin bagaj\\u0131 kurallar\\u0131na uyulmas\\u0131 gerekti\\u011fi bel\"}}, {\"added\": {\"name\": \"Variant\", \"object\": \"D) Kara yolu otob\\u00fcs seferlerinin iptal edildi\\u011fine \"}}, {\"added\": {\"name\": \"Variant\", \"object\": \"E) \\u015eehir i\\u00e7i ula\\u015f\\u0131m \\u00fccretleriyle ilgili de\\u011fi\\u015fiklik\"}}, {\"added\": {\"name\": \"Variant\", \"object\": \"F) Ula\\u015f\\u0131mda \\u00f6zel g\\u00fcvenlik \\u00f6nlemleri al\\u0131nmas\\u0131na dai\"}}]"}}, {"model": "admin.logentry", "pk": 99, "fields": {"action_time": "2025-06-16T13:20:54.135Z", "user": 1, "content_type": 12, "object_id": "12", "object_repr": "1. Bölüm", "action_flag": 1, "change_message": "[{\"added\": {}}]"}}, {"model": "admin.logentry", "pk": 100, "fields": {"action_time": "2025-06-16T13:22:53.600Z", "user": 1, "content_type": 12, "object_id": "12", "object_repr": "Konuşma 1. Bölüm", "action_flag": 2, "change_message": "[{\"changed\": {\"fields\": [\"Sarlavha\"]}}]"}}, {"model": "admin.logentry", "pk": 101, "fields": {"action_time": "2025-06-16T13:23:36.490Z", "user": 1, "content_type": 13, "object_id": "52", "object_repr": "1.\tGünlük hayatınızda en çok kullandığınız bir eşy", "action_flag": 1, "change_message": "[{\"added\": {}}]"}}, {"model": "admin.logentry", "pk": 102, "fields": {"action_time": "2025-06-16T13:24:55.490Z", "user": 1, "content_type": 13, "object_id": "52", "object_repr": "1.\tGünlük hayatınızda en çok kullandığınız bir eşy", "action_flag": 3, "change_message": ""}}, {"model": "admin.logentry", "pk": 103, "fields": {"action_time": "2025-06-16T13:25:25.177Z", "user": 1, "content_type": 12, "object_id": "12", "object_repr": "Konuşma 1. Bölüm", "action_flag": 3, "change_message": ""}}, {"model": "admin.logentry", "pk": 104, "fields": {"action_time": "2025-06-16T13:29:56.793Z", "user": 1, "content_type": 15, "object_id": "3", "object_repr": "Turan Talim CEFR 1. Sınav Yazma Bölümü", "action_flag": 2, "change_message": "[{\"changed\": {\"fields\": [\"Tavsif\"]}}]"}}, {"model": "admin.logentry", "pk": 105, "fields": {"action_time": "2025-06-16T13:32:25.432Z", "user": 1, "content_type": 12, "object_id": "13", "object_repr": "Yazma 1", "action_flag": 1, "change_message": "[{\"added\": {}}]"}}, {"model": "admin.logentry", "pk": 106, "fields": {"action_time": "2025-06-16T13:34:24.698Z", "user": 1, "content_type": 13, "object_id": "53", "object_repr": "Bir Çağrı Merkezi Temsilcisi pozisyonu için iş ila", "action_flag": 1, "change_message": "[{\"added\": {}}]"}}, {"model": "admin.logentry", "pk": 107, "fields": {"action_time": "2025-06-16T13:35:24.909Z", "user": 1, "content_type": 12, "object_id": "14", "object_repr": "Yazma 2", "action_flag": 1, "change_message": "[{\"added\": {}}]"}}, {"model": "admin.logentry", "pk": 108, "fields": {"action_time": "2025-06-16T13:37:06.063Z", "user": 1, "content_type": 12, "object_id": "15", "object_repr": "wsdff", "action_flag": 1, "change_message": "[{\"added\": {}}]"}}, {"model": "admin.logentry", "pk": 109, "fields": {"action_time": "2025-06-16T13:37:30.603Z", "user": 1, "content_type": 12, "object_id": "15", "object_repr": "wsdff", "action_flag": 2, "change_message": "[]"}}, {"model": "admin.logentry", "pk": 110, "fields": {"action_time": "2025-06-16T13:37:46.078Z", "user": 1, "content_type": 12, "object_id": "15", "object_repr": "wsdff", "action_flag": 2, "change_message": "[{\"changed\": {\"fields\": [\"Tartib raqami\"]}}]"}}, {"model": "admin.logentry", "pk": 111, "fields": {"action_time": "2025-06-16T13:37:53.859Z", "user": 1, "content_type": 12, "object_id": "15", "object_repr": "wsdff", "action_flag": 3, "change_message": ""}}, {"model": "admin.logentry", "pk": 112, "fields": {"action_time": "2025-06-16T13:38:47.751Z", "user": 1, "content_type": 13, "object_id": "54", "object_repr": "Günümüzde birçok anne iş hayatında aktif rol almak", "action_flag": 1, "change_message": "[{\"added\": {}}]"}}, {"model": "admin.logentry", "pk": 113, "fields": {"action_time": "2025-06-16T17:16:52.284Z", "user": 1, "content_type": 13, "object_id": "55", "object_repr": "17. 3. konuşmacı: ...", "action_flag": 1, "change_message": "[{\"added\": {}}, {\"added\": {\"name\": \"Variant\", \"object\": \"A) \\u015eehir i\\u00e7i ula\\u015f\\u0131mda ya\\u015fanan aksakl\\u0131klar hakk\\u0131nda\"}}, {\"added\": {\"name\": \"Variant\", \"object\": \"B) Y\\u00fcksek h\\u0131zl\\u0131 tren seferlerinin durduruldu\\u011funa d\"}}, {\"added\": {\"name\": \"Variant\", \"object\": \"C) Kabin bagaj\\u0131 kurallar\\u0131na uyulmas\\u0131 gerekti\\u011fi bel\"}}, {\"added\": {\"name\": \"Variant\", \"object\": \"D) Kara yolu otob\\u00fcs seferlerinin iptal edildi\\u011fine \"}}, {\"added\": {\"name\": \"Variant\", \"object\": \"E) \\u015eehir i\\u00e7i ula\\u015f\\u0131m \\u00fccretleriyle ilgili de\\u011fi\\u015fiklik\"}}, {\"added\": {\"name\": \"Variant\", \"object\": \"F) Ula\\u015f\\u0131mda \\u00f6zel g\\u00fcvenlik \\u00f6nlemleri al\\u0131nmas\\u0131na dai\"}}]"}}, {"model": "admin.logentry", "pk": 114, "fields": {"action_time": "2025-06-16T17:19:25.523Z", "user": 1, "content_type": 13, "object_id": "56", "object_repr": "18. 2. konuşmacı: ...", "action_flag": 1, "change_message": "[{\"added\": {}}, {\"added\": {\"name\": \"Variant\", \"object\": \"A) \\u015eehir i\\u00e7i ula\\u015f\\u0131mda ya\\u015fanan aksakl\\u0131klar hakk\\u0131nda\"}}, {\"added\": {\"name\": \"Variant\", \"object\": \"B) Y\\u00fcksek h\\u0131zl\\u0131 tren seferlerinin durduruldu\\u011funa d\"}}, {\"added\": {\"name\": \"Variant\", \"object\": \"C) Kabin bagaj\\u0131 kurallar\\u0131na uyulmas\\u0131 gerekti\\u011fi bel\"}}, {\"added\": {\"name\": \"Variant\", \"object\": \"D) Kara yolu otob\\u00fcs seferlerinin iptal edildi\\u011fine \"}}, {\"added\": {\"name\": \"Variant\", \"object\": \"E) \\u015eehir i\\u00e7i ula\\u015f\\u0131m \\u00fccretleriyle ilgili de\\u011fi\\u015fiklik\"}}, {\"added\": {\"name\": \"Variant\", \"object\": \"F) Ula\\u015f\\u0131mda \\u00f6zel g\\u00fcvenlik \\u00f6nlemleri al\\u0131nmas\\u0131na dai\"}}]"}}, {"model": "admin.logentry", "pk": 115, "fields": {"action_time": "2025-06-16T17:22:53.502Z", "user": 1, "content_type": 13, "object_id": "57", "object_repr": "Soru 19. Spor salonu …", "action_flag": 1, "change_message": "[{\"added\": {}}, {\"added\": {\"name\": \"Variant\", \"object\": \"A\"}}, {\"added\": {\"name\": \"Variant\", \"object\": \"B\"}}, {\"added\": {\"name\": \"Variant\", \"object\": \"C\"}}, {\"added\": {\"name\": \"Variant\", \"object\": \"D\"}}, {\"added\": {\"name\": \"Variant\", \"object\": \"E\"}}, {\"added\": {\"name\": \"Variant\", \"object\": \"F\"}}, {\"added\": {\"name\": \"Variant\", \"object\": \"G\"}}, {\"added\": {\"name\": \"Variant\", \"object\": \"H\"}}]"}}, {"model": "admin.logentry", "pk": 116, "fields": {"action_time": "2025-06-16T17:24:22.023Z", "user": 1, "content_type": 13, "object_id": "58", "object_repr": "Soru 20. Gıda mağazası …", "action_flag": 1, "change_message": "[{\"added\": {}}, {\"added\": {\"name\": \"Variant\", \"object\": \"A\"}}, {\"added\": {\"name\": \"Variant\", \"object\": \"B\"}}, {\"added\": {\"name\": \"Variant\", \"object\": \"C\"}}, {\"added\": {\"name\": \"Variant\", \"object\": \"D\"}}, {\"added\": {\"name\": \"Variant\", \"object\": \"E\"}}, {\"added\": {\"name\": \"Variant\", \"object\": \"F\"}}, {\"added\": {\"name\": \"Variant\", \"object\": \"G\"}}, {\"added\": {\"name\": \"Variant\", \"object\": \"H\"}}]"}}, {"model": "admin.logentry", "pk": 117, "fields": {"action_time": "2025-06-16T17:25:21.581Z", "user": 1, "content_type": 13, "object_id": "59", "object_repr": "Soru 21. Eskişehir Oteli …", "action_flag": 1, "change_message": "[{\"added\": {}}, {\"added\": {\"name\": \"Variant\", \"object\": \"A\"}}, {\"added\": {\"name\": \"Variant\", \"object\": \"B\"}}, {\"added\": {\"name\": \"Variant\", \"object\": \"C\"}}, {\"added\": {\"name\": \"Variant\", \"object\": \"D\"}}, {\"added\": {\"name\": \"Variant\", \"object\": \"E\"}}, {\"added\": {\"name\": \"Variant\", \"object\": \"F\"}}, {\"added\": {\"name\": \"Variant\", \"object\": \"G\"}}, {\"added\": {\"name\": \"Variant\", \"object\": \"H\"}}]"}}, {"model": "admin.logentry", "pk": 118, "fields": {"action_time": "2025-06-16T17:26:35.022Z", "user": 1, "content_type": 13, "object_id": "60", "object_repr": "Soru 22. Lokanta …", "action_flag": 1, "change_message": "[{\"added\": {}}, {\"added\": {\"name\": \"Variant\", \"object\": \"A\"}}, {\"added\": {\"name\": \"Variant\", \"object\": \"B\"}}, {\"added\": {\"name\": \"Variant\", \"object\": \"C\"}}, {\"added\": {\"name\": \"Variant\", \"object\": \"D\"}}, {\"added\": {\"name\": \"Variant\", \"object\": \"E\"}}, {\"added\": {\"name\": \"Variant\", \"object\": \"F\"}}, {\"added\": {\"name\": \"Variant\", \"object\": \"G\"}}, {\"added\": {\"name\": \"Variant\", \"object\": \"H\"}}]"}}, {"model": "admin.logentry", "pk": 119, "fields": {"action_time": "2025-06-16T17:27:37.412Z", "user": 1, "content_type": 13, "object_id": "61", "object_repr": "Soru 23. Hayvanat bahçesi …", "action_flag": 1, "change_message": "[{\"added\": {}}, {\"added\": {\"name\": \"Variant\", \"object\": \"A\"}}, {\"added\": {\"name\": \"Variant\", \"object\": \"B\"}}, {\"added\": {\"name\": \"Variant\", \"object\": \"C\"}}, {\"added\": {\"name\": \"Variant\", \"object\": \"D\"}}, {\"added\": {\"name\": \"Variant\", \"object\": \"E\"}}, {\"added\": {\"name\": \"Variant\", \"object\": \"F\"}}, {\"added\": {\"name\": \"Variant\", \"object\": \"G\"}}, {\"added\": {\"name\": \"Variant\", \"object\": \"H\"}}]"}}, {"model": "admin.logentry", "pk": 120, "fields": {"action_time": "2025-06-16T17:29:13.852Z", "user": 1, "content_type": 13, "object_id": "62", "object_repr": "Soru 24. Mahleraym ve Azize'nın kütüphanedeki çalı", "action_flag": 1, "change_message": "[{\"added\": {}}, {\"added\": {\"name\": \"Variant\", \"object\": \"A) Her ikisi de farkl\\u0131 alanlarda ara\\u015ft\\u0131rma yap\\u0131yor\"}}, {\"added\": {\"name\": \"Variant\", \"object\": \"B) Mahleraym sosyoloji \\u00fczerine \\u00e7al\\u0131\\u015f\\u0131rken, Aziza b\"}}, {\"added\": {\"name\": \"Variant\", \"object\": \"C) Her ikisi de bireysel \\u00e7al\\u0131\\u015fmay\\u0131 tercih ediyor v\"}}]"}}, {"model": "admin.logentry", "pk": 121, "fields": {"action_time": "2025-06-16T17:31:01.836Z", "user": 1, "content_type": 13, "object_id": "63", "object_repr": "Soru 25. Mahleraym’ın araştırma yöntemiyle ilgili ", "action_flag": 1, "change_message": "[{\"added\": {}}, {\"added\": {\"name\": \"Variant\", \"object\": \"A) \\u00d6ncelikle fiziksel kaynaklardan \\u00e7al\\u0131\\u015fmaya ba\\u015fla\"}}, {\"added\": {\"name\": \"Variant\", \"object\": \"B) \\u00c7evrimi\\u00e7i ar\\u015fivlere ve indekslere \\u00f6ncelik verir\"}}, {\"added\": {\"name\": \"Variant\", \"object\": \"C) \\u00c7al\\u0131\\u015fmalar\\u0131n\\u0131 genellikle grup \\u00e7al\\u0131\\u015fmalar\\u0131yla ya\"}}]"}}, {"model": "admin.logentry", "pk": 122, "fields": {"action_time": "2025-06-16T17:33:24.352Z", "user": 1, "content_type": 13, "object_id": "64", "object_repr": "Soru 26. Nadir’in Türkçe öğrenmek için önerdiği yö", "action_flag": 1, "change_message": "[{\"added\": {}}, {\"added\": {\"name\": \"Variant\", \"object\": \"A) Yaln\\u0131zca \\u00e7evrimi\\u00e7i derslere kat\\u0131lmak.\"}}, {\"added\": {\"name\": \"Variant\", \"object\": \"B) Dil bilgisi \\u00f6\\u011frenimine tamamen odaklanmak.\"}}, {\"added\": {\"name\": \"Variant\", \"object\": \"C) \\u015eark\\u0131lar dinlemek ve konu\\u015fma prati\\u011fi yapmak.\"}}]"}}, {"model": "admin.logentry", "pk": 123, "fields": {"action_time": "2025-06-16T17:36:30.488Z", "user": 1, "content_type": 13, "object_id": "65", "object_repr": "Soru 27. Destan'ın Turan Talim’deki derslere dair ", "action_flag": 1, "change_message": "[{\"added\": {}}, {\"added\": {\"name\": \"Variant\", \"object\": \"A) Derslerin yetersiz oldu\\u011funu d\\u00fc\\u015f\\u00fcnmektedir.\"}}, {\"added\": {\"name\": \"Variant\", \"object\": \"B) Derslerin \\u00f6\\u011fretmenleri etkili bulmaktad\\u0131r.\"}}, {\"added\": {\"name\": \"Variant\", \"object\": \"C) Derslerin tamam\\u0131n\\u0131 s\\u0131k\\u0131c\\u0131 bulmaktad\\u0131r.\"}}]"}}, {"model": "admin.logentry", "pk": 124, "fields": {"action_time": "2025-06-16T17:38:04.532Z", "user": 1, "content_type": 13, "object_id": "66", "object_repr": "Soru 28. Bahadır’ın dil sertifikası sınavına hazır", "action_flag": 1, "change_message": "[{\"added\": {}}, {\"added\": {\"name\": \"Variant\", \"object\": \"A) Dinleme ve okuma b\\u00f6l\\u00fcmleri.\"}}, {\"added\": {\"name\": \"Variant\", \"object\": \"B) Sadece konu\\u015fma b\\u00f6l\\u00fcm\\u00fc.\"}}, {\"added\": {\"name\": \"Variant\", \"object\": \"C) Okuma ve yazma b\\u00f6l\\u00fcmleri.\"}}]"}}, {"model": "admin.logentry", "pk": 125, "fields": {"action_time": "2025-06-16T17:39:56.933Z", "user": 1, "content_type": 13, "object_id": "67", "object_repr": "Soru 29. Bahadır’ın Tahircan’a verdiği en önemli t", "action_flag": 1, "change_message": "[{\"added\": {}}, {\"added\": {\"name\": \"Variant\", \"object\": \"A) Kitap okuyarak kelime s\\u0131ralamas\\u0131n\\u0131 \\u00f6\\u011frenmek ve \"}}, {\"added\": {\"name\": \"Variant\", \"object\": \"B) Yaln\\u0131zca konu\\u015fma prati\\u011fi yapmak.\"}}, {\"added\": {\"name\": \"Variant\", \"object\": \"C) Sadece \\u00f6\\u011fretmenlerle \\u00e7al\\u0131\\u015fmak.\"}}]"}}, {"model": "admin.logentry", "pk": 126, "fields": {"action_time": "2025-06-16T17:42:02.306Z", "user": 1, "content_type": 13, "object_id": "68", "object_repr": "Soru 30. Arılar, bal yapım sürecine nasıl başlar?", "action_flag": 1, "change_message": "[{\"added\": {}}, {\"added\": {\"name\": \"Variant\", \"object\": \"A) Nektar\\u0131 peteklere b\\u0131rakarak\"}}, {\"added\": {\"name\": \"Variant\", \"object\": \"B) \\u00c7i\\u00e7eklerden nektar toplayarak\"}}, {\"added\": {\"name\": \"Variant\", \"object\": \"C) Balmumu \\u00fcreterek\"}}]"}}, {"model": "admin.logentry", "pk": 127, "fields": {"action_time": "2025-06-16T17:43:19.657Z", "user": 1, "content_type": 13, "object_id": "69", "object_repr": "Soru 31. Balın oluşum sürecinde arıların yaptığı e", "action_flag": 1, "change_message": "[{\"added\": {}}, {\"added\": {\"name\": \"Variant\", \"object\": \"A) Kanat \\u00e7\\u0131rparak nektar\\u0131n yo\\u011funla\\u015fmas\\u0131n\\u0131 sa\\u011flamak\"}}, {\"added\": {\"name\": \"Variant\", \"object\": \"B) Nektar\\u0131 do\\u011frudan t\\u00fcketmek\"}}, {\"added\": {\"name\": \"Variant\", \"object\": \"C) Balmumuyla petekleri kapatmak\"}}]"}}, {"model": "admin.logentry", "pk": 128, "fields": {"action_time": "2025-06-16T17:44:56.554Z", "user": 1, "content_type": 13, "object_id": "70", "object_repr": "Soru 32. Metne göre, arılar neden ekosistem için ö", "action_flag": 1, "change_message": "[{\"added\": {}}, {\"added\": {\"name\": \"Variant\", \"object\": \"A) Bal \\u00fcrettikleri i\\u00e7in\"}}, {\"added\": {\"name\": \"Variant\", \"object\": \"B) \\u00c7i\\u00e7eklerin tozla\\u015fmas\\u0131n\\u0131 sa\\u011flad\\u0131klar\\u0131 i\\u00e7in\"}}, {\"added\": {\"name\": \"Variant\", \"object\": \"C) Petek g\\u00f6zlerini balmumuyla kaplad\\u0131klar\\u0131 i\\u00e7in\"}}]"}}, {"model": "admin.logentry", "pk": 129, "fields": {"action_time": "2025-06-16T17:46:37.754Z", "user": 1, "content_type": 13, "object_id": "71", "object_repr": "Soru 33. Aşağıdaki ifadelerden hangisi yanlıştır?", "action_flag": 1, "change_message": "[{\"added\": {}}, {\"added\": {\"name\": \"Variant\", \"object\": \"A) Bir ar\\u0131, \\u00f6mr\\u00fc boyunca bir \\u00e7ay ka\\u015f\\u0131\\u011f\\u0131 kadar bal \"}}, {\"added\": {\"name\": \"Variant\", \"object\": \"B) Ar\\u0131lar, nektar\\u0131 enzimlerle kar\\u0131\\u015ft\\u0131rarak bal hal\"}}, {\"added\": {\"name\": \"Variant\", \"object\": \"C) Bal yap\\u0131m\\u0131 s\\u0131ras\\u0131nda ar\\u0131lar sadece kovan i\\u00e7inde\"}}]"}}, {"model": "admin.logentry", "pk": 130, "fields": {"action_time": "2025-06-16T17:48:20.821Z", "user": 1, "content_type": 13, "object_id": "72", "object_repr": "Soru 34. Arıların bal yapma sürecinde aşağıdakiler", "action_flag": 1, "change_message": "[{\"added\": {}}, {\"added\": {\"name\": \"Variant\", \"object\": \"A) Nektar\\u0131n su i\\u00e7eri\\u011finin azalt\\u0131lmas\\u0131na\"}}, {\"added\": {\"name\": \"Variant\", \"object\": \"B) Balmumunun bal\\u0131n korunmas\\u0131ndaki rol\\u00fcne\"}}, {\"added\": {\"name\": \"Variant\", \"object\": \"C) \\u0130nsanlar\\u0131n ar\\u0131larla kurdu\\u011fu ili\\u015fkiye\"}}]"}}, {"model": "admin.logentry", "pk": 131, "fields": {"action_time": "2025-06-16T17:49:50.041Z", "user": 1, "content_type": 13, "object_id": "73", "object_repr": "Soru 35. Arılar bal yapma sürecinde nektarı bal ha", "action_flag": 1, "change_message": "[{\"added\": {}}, {\"added\": {\"name\": \"Variant\", \"object\": \"A) Enzimlerle nektar\\u0131 kimyasal olarak d\\u00f6n\\u00fc\\u015ft\\u00fcrmek\"}}, {\"added\": {\"name\": \"Variant\", \"object\": \"B) Balmumu \\u00fcreterek nektar\\u0131 kaplamak\"}}, {\"added\": {\"name\": \"Variant\", \"object\": \"C) Kanat \\u00e7\\u0131rparak nektar\\u0131 do\\u011frudan t\\u00fcketmek\"}}]"}}, {"model": "admin.logentry", "pk": 132, "fields": {"action_time": "2025-06-19T10:26:58.150Z", "user": 1, "content_type": 19, "object_id": "1", "object_repr": "TR", "action_flag": 2, "change_message": "[{\"changed\": {\"fields\": [\"Flag\"]}}]"}}, {"model": "admin.logentry", "pk": 133, "fields": {"action_time": "2025-06-19T12:18:45.355Z", "user": 1, "content_type": 15, "object_id": "4", "object_repr": "Turan Talim CEFR 1. Sınav Konuşma Bölümü", "action_flag": 2, "change_message": "[{\"changed\": {\"fields\": [\"Test vaqti (daqiqa)\"]}}]"}}, {"model": "admin.logentry", "pk": 134, "fields": {"action_time": "2025-06-19T12:33:30.711Z", "user": 1, "content_type": 12, "object_id": "16", "object_repr": "1. Bölüm Konuşma", "action_flag": 1, "change_message": "[{\"added\": {}}]"}}, {"model": "admin.logentry", "pk": 135, "fields": {"action_time": "2025-06-19T12:34:24.164Z", "user": 1, "content_type": 12, "object_id": "17", "object_repr": "2. Bölüm Konuşma", "action_flag": 1, "change_message": "[{\"added\": {}}]"}}, {"model": "admin.logentry", "pk": 136, "fields": {"action_time": "2025-06-19T12:34:38.277Z", "user": 1, "content_type": 12, "object_id": "16", "object_repr": "1. Bölüm Konuşma", "action_flag": 2, "change_message": "[{\"changed\": {\"fields\": [\"Tavsif\"]}}]"}}, {"model": "admin.logentry", "pk": 137, "fields": {"action_time": "2025-06-19T12:35:29.347Z", "user": 1, "content_type": 12, "object_id": "18", "object_repr": "3. Bölüm Konuşma", "action_flag": 1, "change_message": "[{\"added\": {}}]"}}, {"model": "admin.logentry", "pk": 138, "fields": {"action_time": "2025-06-19T12:40:22.355Z", "user": 1, "content_type": 13, "object_id": "74", "object_repr": "1.\tBugün öğrendiğiniz yeni bir bilgi veya kavram v", "action_flag": 1, "change_message": "[{\"added\": {}}]"}}, {"model": "admin.logentry", "pk": 139, "fields": {"action_time": "2025-06-19T12:40:53.420Z", "user": 1, "content_type": 13, "object_id": "75", "object_repr": "2.\tHayatınızdaki en önemli kişi kimdir? Neden?", "action_flag": 1, "change_message": "[{\"added\": {}}]"}}, {"model": "admin.logentry", "pk": 140, "fields": {"action_time": "2025-06-19T12:41:26.326Z", "user": 1, "content_type": 13, "object_id": "76", "object_repr": "3.\tYaşadığınız şehirde bir gün geçirmek için en gü", "action_flag": 1, "change_message": "[{\"added\": {}}]"}}, {"model": "admin.logentry", "pk": 141, "fields": {"action_time": "2025-06-19T12:50:08.109Z", "user": 1, "content_type": 13, "object_id": "77", "object_repr": "1-\tBu resimlerde neler görüyorsunuz? Karşılaştırın", "action_flag": 1, "change_message": "[{\"added\": {}}]"}}, {"model": "admin.logentry", "pk": 142, "fields": {"action_time": "2025-06-19T12:50:36.674Z", "user": 1, "content_type": 13, "object_id": "78", "object_repr": "2-\tDoğal ortamda yaşamanın önemi nedir?", "action_flag": 1, "change_message": "[{\"added\": {}}]"}}, {"model": "admin.logentry", "pk": 143, "fields": {"action_time": "2025-06-19T12:51:54.031Z", "user": 1, "content_type": 13, "object_id": "79", "object_repr": "3-\tSiz doğal yaşamda yaşamayı tercih eder miydiniz", "action_flag": 1, "change_message": "[{\"added\": {}}]"}}, {"model": "admin.logentry", "pk": 144, "fields": {"action_time": "2025-06-19T12:53:26.523Z", "user": 1, "content_type": 13, "object_id": "79", "object_repr": "3-\tSiz doğal yaşamda yaşamayı tercih eder miydiniz", "action_flag": 2, "change_message": "[{\"changed\": {\"fields\": [\"Test Rasmi\"]}}]"}}, {"model": "admin.logentry", "pk": 145, "fields": {"action_time": "2025-06-19T12:53:57.462Z", "user": 1, "content_type": 13, "object_id": "79", "object_repr": "3-\tSiz doğal yaşamda yaşamayı tercih eder miydiniz", "action_flag": 2, "change_message": "[]"}}, {"model": "admin.logentry", "pk": 146, "fields": {"action_time": "2025-06-19T12:56:10.856Z", "user": 1, "content_type": 13, "object_id": "80", "object_repr": "1-\tGöz doktoruna muayene oldunuz mu?\r\n2-\tGözlükler", "action_flag": 1, "change_message": "[{\"added\": {}}]"}}, {"model": "admin.logentry", "pk": 147, "fields": {"action_time": "2025-06-19T13:03:40.994Z", "user": 1, "content_type": 13, "object_id": "81", "object_repr": "Günümüzde birçok kişi uzun çalışma saatlerinden şi", "action_flag": 1, "change_message": "[{\"added\": {}}]"}}, {"model": "admin.logentry", "pk": 148, "fields": {"action_time": "2025-06-19T13:26:03.021Z", "user": 1, "content_type": 18, "object_id": "2", "object_repr": "CEFR 1", "action_flag": 2, "change_message": "[{\"changed\": {\"fields\": [\"Narxi\"]}}]"}}, {"model": "admin.logentry", "pk": 149, "fields": {"action_time": "2025-06-19T13:26:20.029Z", "user": 1, "content_type": 19, "object_id": "1", "object_repr": "TR", "action_flag": 3, "change_message": ""}}, {"model": "admin.logentry", "pk": 150, "fields": {"action_time": "2025-06-19T13:26:27.843Z", "user": 1, "content_type": 19, "object_id": "2", "object_repr": "TR", "action_flag": 1, "change_message": "[{\"added\": {}}]"}}, {"model": "admin.logentry", "pk": 151, "fields": {"action_time": "2025-06-19T13:39:56.702Z", "user": 1, "content_type": 12, "object_id": "7", "object_repr": "1.\tOKUMA METNİ  (1-6. sorular)", "action_flag": 2, "change_message": "[{\"changed\": {\"fields\": [\"Matn sarlavhasi\", \"Test matni\"]}}]"}}, {"model": "auth.permission", "pk": 1, "fields": {"name": "Can add log entry", "content_type": 1, "codename": "add_logentry"}}, {"model": "auth.permission", "pk": 2, "fields": {"name": "Can change log entry", "content_type": 1, "codename": "change_logentry"}}, {"model": "auth.permission", "pk": 3, "fields": {"name": "Can delete log entry", "content_type": 1, "codename": "delete_logentry"}}, {"model": "auth.permission", "pk": 4, "fields": {"name": "Can view log entry", "content_type": 1, "codename": "view_logentry"}}, {"model": "auth.permission", "pk": 5, "fields": {"name": "Can add permission", "content_type": 2, "codename": "add_permission"}}, {"model": "auth.permission", "pk": 6, "fields": {"name": "Can change permission", "content_type": 2, "codename": "change_permission"}}, {"model": "auth.permission", "pk": 7, "fields": {"name": "Can delete permission", "content_type": 2, "codename": "delete_permission"}}, {"model": "auth.permission", "pk": 8, "fields": {"name": "Can view permission", "content_type": 2, "codename": "view_permission"}}, {"model": "auth.permission", "pk": 9, "fields": {"name": "Can add group", "content_type": 3, "codename": "add_group"}}, {"model": "auth.permission", "pk": 10, "fields": {"name": "Can change group", "content_type": 3, "codename": "change_group"}}, {"model": "auth.permission", "pk": 11, "fields": {"name": "Can delete group", "content_type": 3, "codename": "delete_group"}}, {"model": "auth.permission", "pk": 12, "fields": {"name": "Can view group", "content_type": 3, "codename": "view_group"}}, {"model": "auth.permission", "pk": 13, "fields": {"name": "Can add content type", "content_type": 4, "codename": "add_contenttype"}}, {"model": "auth.permission", "pk": 14, "fields": {"name": "Can change content type", "content_type": 4, "codename": "change_contenttype"}}, {"model": "auth.permission", "pk": 15, "fields": {"name": "Can delete content type", "content_type": 4, "codename": "delete_contenttype"}}, {"model": "auth.permission", "pk": 16, "fields": {"name": "Can view content type", "content_type": 4, "codename": "view_contenttype"}}, {"model": "auth.permission", "pk": 17, "fields": {"name": "Can add session", "content_type": 5, "codename": "add_session"}}, {"model": "auth.permission", "pk": 18, "fields": {"name": "Can change session", "content_type": 5, "codename": "change_session"}}, {"model": "auth.permission", "pk": 19, "fields": {"name": "Can delete session", "content_type": 5, "codename": "delete_session"}}, {"model": "auth.permission", "pk": 20, "fields": {"name": "Can view session", "content_type": 5, "codename": "view_session"}}, {"model": "auth.permission", "pk": 21, "fields": {"name": "Can add Version history", "content_type": 6, "codename": "add_versionhistory"}}, {"model": "auth.permission", "pk": 22, "fields": {"name": "Can change Version history", "content_type": 6, "codename": "change_versionhistory"}}, {"model": "auth.permission", "pk": 23, "fields": {"name": "Can delete Version history", "content_type": 6, "codename": "delete_versionhistory"}}, {"model": "auth.permission", "pk": 24, "fields": {"name": "Can view Version history", "content_type": 6, "codename": "view_versionhistory"}}, {"model": "auth.permission", "pk": 25, "fields": {"name": "Can add user", "content_type": 7, "codename": "add_user"}}, {"model": "auth.permission", "pk": 26, "fields": {"name": "Can change user", "content_type": 7, "codename": "change_user"}}, {"model": "auth.permission", "pk": 27, "fields": {"name": "Can delete user", "content_type": 7, "codename": "delete_user"}}, {"model": "auth.permission", "pk": 28, "fields": {"name": "Can view user", "content_type": 7, "codename": "view_user"}}, {"model": "auth.permission", "pk": 29, "fields": {"name": "Can add country", "content_type": 8, "codename": "add_country"}}, {"model": "auth.permission", "pk": 30, "fields": {"name": "Can change country", "content_type": 8, "codename": "change_country"}}, {"model": "auth.permission", "pk": 31, "fields": {"name": "Can delete country", "content_type": 8, "codename": "delete_country"}}, {"model": "auth.permission", "pk": 32, "fields": {"name": "Can view country", "content_type": 8, "codename": "view_country"}}, {"model": "auth.permission", "pk": 33, "fields": {"name": "Can add region", "content_type": 9, "codename": "add_region"}}, {"model": "auth.permission", "pk": 34, "fields": {"name": "Can change region", "content_type": 9, "codename": "change_region"}}, {"model": "auth.permission", "pk": 35, "fields": {"name": "Can delete region", "content_type": 9, "codename": "delete_region"}}, {"model": "auth.permission", "pk": 36, "fields": {"name": "Can view region", "content_type": 9, "codename": "view_region"}}, {"model": "auth.permission", "pk": 37, "fields": {"name": "Can add verification code", "content_type": 10, "codename": "add_verificationcode"}}, {"model": "auth.permission", "pk": 38, "fields": {"name": "Can change verification code", "content_type": 10, "codename": "change_verificationcode"}}, {"model": "auth.permission", "pk": 39, "fields": {"name": "Can delete verification code", "content_type": 10, "codename": "delete_verificationcode"}}, {"model": "auth.permission", "pk": 40, "fields": {"name": "Can view verification code", "content_type": 10, "codename": "view_verificationcode"}}, {"model": "auth.permission", "pk": 41, "fields": {"name": "Can add Foydalanuvchi testi", "content_type": 11, "codename": "add_usertest"}}, {"model": "auth.permission", "pk": 42, "fields": {"name": "Can change Foydalanuvchi testi", "content_type": 11, "codename": "change_usertest"}}, {"model": "auth.permission", "pk": 43, "fields": {"name": "Can delete Foydalanuvchi testi", "content_type": 11, "codename": "delete_usertest"}}, {"model": "auth.permission", "pk": 44, "fields": {"name": "Can view Foydalanuvchi testi", "content_type": 11, "codename": "view_usertest"}}, {"model": "auth.permission", "pk": 45, "fields": {"name": "Can add Test", "content_type": 12, "codename": "add_test"}}, {"model": "auth.permission", "pk": 46, "fields": {"name": "Can change Test", "content_type": 12, "codename": "change_test"}}, {"model": "auth.permission", "pk": 47, "fields": {"name": "Can delete Test", "content_type": 12, "codename": "delete_test"}}, {"model": "auth.permission", "pk": 48, "fields": {"name": "Can view Test", "content_type": 12, "codename": "view_test"}}, {"model": "auth.permission", "pk": 49, "fields": {"name": "Can add Savol", "content_type": 13, "codename": "add_question"}}, {"model": "auth.permission", "pk": 50, "fields": {"name": "Can change Savol", "content_type": 13, "codename": "change_question"}}, {"model": "auth.permission", "pk": 51, "fields": {"name": "Can delete Savol", "content_type": 13, "codename": "delete_question"}}, {"model": "auth.permission", "pk": 52, "fields": {"name": "Can view Savol", "content_type": 13, "codename": "view_question"}}, {"model": "auth.permission", "pk": 53, "fields": {"name": "Can add Variant", "content_type": 14, "codename": "add_option"}}, {"model": "auth.permission", "pk": 54, "fields": {"name": "Can change Variant", "content_type": 14, "codename": "change_option"}}, {"model": "auth.permission", "pk": 55, "fields": {"name": "Can delete Variant", "content_type": 14, "codename": "delete_option"}}, {"model": "auth.permission", "pk": 56, "fields": {"name": "Can view Variant", "content_type": 14, "codename": "view_option"}}, {"model": "auth.permission", "pk": 57, "fields": {"name": "Can add Bo'lim", "content_type": 15, "codename": "add_section"}}, {"model": "auth.permission", "pk": 58, "fields": {"name": "Can change Bo'lim", "content_type": 15, "codename": "change_section"}}, {"model": "auth.permission", "pk": 59, "fields": {"name": "Can delete Bo'lim", "content_type": 15, "codename": "delete_section"}}, {"model": "auth.permission", "pk": 60, "fields": {"name": "Can view Bo'lim", "content_type": 15, "codename": "view_section"}}, {"model": "auth.permission", "pk": 61, "fields": {"name": "Can add Foydalanuvchi javobi", "content_type": 16, "codename": "add_useranswer"}}, {"model": "auth.permission", "pk": 62, "fields": {"name": "Can change Foydalanuvchi javobi", "content_type": 16, "codename": "change_useranswer"}}, {"model": "auth.permission", "pk": 63, "fields": {"name": "Can delete Foydalanuvchi javobi", "content_type": 16, "codename": "delete_useranswer"}}, {"model": "auth.permission", "pk": 64, "fields": {"name": "Can view Foydalanuvchi javobi", "content_type": 16, "codename": "view_useranswer"}}, {"model": "auth.permission", "pk": 65, "fields": {"name": "Can add Foydalanuvchi testi natijasi", "content_type": 17, "codename": "add_testresult"}}, {"model": "auth.permission", "pk": 66, "fields": {"name": "Can change Foydalanuvchi testi natijasi", "content_type": 17, "codename": "change_testresult"}}, {"model": "auth.permission", "pk": 67, "fields": {"name": "Can delete Foydalanuvchi testi natijasi", "content_type": 17, "codename": "delete_testresult"}}, {"model": "auth.permission", "pk": 68, "fields": {"name": "Can view Foydalanuvchi testi natijasi", "content_type": 17, "codename": "view_testresult"}}, {"model": "auth.permission", "pk": 69, "fields": {"name": "Can add Exam", "content_type": 18, "codename": "add_exam"}}, {"model": "auth.permission", "pk": 70, "fields": {"name": "Can change Exam", "content_type": 18, "codename": "change_exam"}}, {"model": "auth.permission", "pk": 71, "fields": {"name": "Can delete Exam", "content_type": 18, "codename": "delete_exam"}}, {"model": "auth.permission", "pk": 72, "fields": {"name": "Can view Exam", "content_type": 18, "codename": "view_exam"}}, {"model": "auth.permission", "pk": 73, "fields": {"name": "Can add language", "content_type": 19, "codename": "add_language"}}, {"model": "auth.permission", "pk": 74, "fields": {"name": "Can change language", "content_type": 19, "codename": "change_language"}}, {"model": "auth.permission", "pk": 75, "fields": {"name": "Can delete language", "content_type": 19, "codename": "delete_language"}}, {"model": "auth.permission", "pk": 76, "fields": {"name": "Can view language", "content_type": 19, "codename": "view_language"}}, {"model": "auth.permission", "pk": 77, "fields": {"name": "Can add Exam Payment", "content_type": 20, "codename": "add_exampayment"}}, {"model": "auth.permission", "pk": 78, "fields": {"name": "Can change Exam Payment", "content_type": 20, "codename": "change_exampayment"}}, {"model": "auth.permission", "pk": 79, "fields": {"name": "Can delete Exam Payment", "content_type": 20, "codename": "delete_exampayment"}}, {"model": "auth.permission", "pk": 80, "fields": {"name": "Can view Exam Payment", "content_type": 20, "codename": "view_exampayment"}}, {"model": "auth.permission", "pk": 81, "fields": {"name": "Can add Foydalanuvchi Balansi", "content_type": 21, "codename": "add_userbalance"}}, {"model": "auth.permission", "pk": 82, "fields": {"name": "Can change Foydalanuvchi Balansi", "content_type": 21, "codename": "change_userbalance"}}, {"model": "auth.permission", "pk": 83, "fields": {"name": "Can delete Foydalanuvchi Balansi", "content_type": 21, "codename": "delete_userbalance"}}, {"model": "auth.permission", "pk": 84, "fields": {"name": "Can view Foydalanuvchi Balansi", "content_type": 21, "codename": "view_userbalance"}}, {"model": "auth.permission", "pk": 85, "fields": {"name": "Can add Balans Tranzaksiyasi", "content_type": 22, "codename": "add_balancetransaction"}}, {"model": "auth.permission", "pk": 86, "fields": {"name": "Can change Balans Tranzaksiyasi", "content_type": 22, "codename": "change_balancetransaction"}}, {"model": "auth.permission", "pk": 87, "fields": {"name": "Can delete Balans Tranzaksiyasi", "content_type": 22, "codename": "delete_balancetransaction"}}, {"model": "auth.permission", "pk": 88, "fields": {"name": "Can view Balans Tranzaksiyasi", "content_type": 22, "codename": "view_balancetransaction"}}, {"model": "auth.permission", "pk": 89, "fields": {"name": "Can add Payme Transaction", "content_type": 23, "codename": "add_paymetransactions"}}, {"model": "auth.permission", "pk": 90, "fields": {"name": "Can change Payme Transaction", "content_type": 23, "codename": "change_paymetransactions"}}, {"model": "auth.permission", "pk": 91, "fields": {"name": "Can delete Payme Transaction", "content_type": 23, "codename": "delete_paymetransactions"}}, {"model": "auth.permission", "pk": 92, "fields": {"name": "Can view Payme Transaction", "content_type": 23, "codename": "view_paymetransactions"}}, {"model": "contenttypes.contenttype", "pk": 1, "fields": {"app_label": "admin", "model": "logentry"}}, {"model": "contenttypes.contenttype", "pk": 2, "fields": {"app_label": "auth", "model": "permission"}}, {"model": "contenttypes.contenttype", "pk": 3, "fields": {"app_label": "auth", "model": "group"}}, {"model": "contenttypes.contenttype", "pk": 4, "fields": {"app_label": "contenttypes", "model": "contenttype"}}, {"model": "contenttypes.contenttype", "pk": 5, "fields": {"app_label": "sessions", "model": "session"}}, {"model": "contenttypes.contenttype", "pk": 6, "fields": {"app_label": "common", "model": "versionhistory"}}, {"model": "contenttypes.contenttype", "pk": 7, "fields": {"app_label": "users", "model": "user"}}, {"model": "contenttypes.contenttype", "pk": 8, "fields": {"app_label": "users", "model": "country"}}, {"model": "contenttypes.contenttype", "pk": 9, "fields": {"app_label": "users", "model": "region"}}, {"model": "contenttypes.contenttype", "pk": 10, "fields": {"app_label": "users", "model": "verificationcode"}}, {"model": "contenttypes.contenttype", "pk": 11, "fields": {"app_label": "multilevel", "model": "usertest"}}, {"model": "contenttypes.contenttype", "pk": 12, "fields": {"app_label": "multilevel", "model": "test"}}, {"model": "contenttypes.contenttype", "pk": 13, "fields": {"app_label": "multilevel", "model": "question"}}, {"model": "contenttypes.contenttype", "pk": 14, "fields": {"app_label": "multilevel", "model": "option"}}, {"model": "contenttypes.contenttype", "pk": 15, "fields": {"app_label": "multilevel", "model": "section"}}, {"model": "contenttypes.contenttype", "pk": 16, "fields": {"app_label": "multilevel", "model": "useranswer"}}, {"model": "contenttypes.contenttype", "pk": 17, "fields": {"app_label": "multilevel", "model": "testresult"}}, {"model": "contenttypes.contenttype", "pk": 18, "fields": {"app_label": "multilevel", "model": "exam"}}, {"model": "contenttypes.contenttype", "pk": 19, "fields": {"app_label": "main", "model": "language"}}, {"model": "contenttypes.contenttype", "pk": 20, "fields": {"app_label": "payment", "model": "exampayment"}}, {"model": "contenttypes.contenttype", "pk": 21, "fields": {"app_label": "payment", "model": "userbalance"}}, {"model": "contenttypes.contenttype", "pk": 22, "fields": {"app_label": "payment", "model": "balancetransaction"}}, {"model": "contenttypes.contenttype", "pk": 23, "fields": {"app_label": "payme", "model": "paymetransactions"}}, {"model": "sessions.session", "pk": "4grqbi2zb3sbj0gqobc858kvtv2cfe16", "fields": {"session_data": ".eJxVjEEOwiAQRe_C2hCmEwZx6d4zEGAGqRqalHZlvLtt0oVu_3vvv1WI61LD2mUOI6uLAnX63VLMT2k74Eds90nnqS3zmPSu6IN2fZtYXtfD_TuosdetJl_OTJjI5IFQLLhIRoScQVvcIIWAxLAFH7F4YWSEwjll74E3T32-2Y44RA:1uN8Sc:eqDmOHYH0uVPMqc9hkzGTvPTsH_q3jl8mpNvPaUyWSs", "expire_date": "2025-06-19T11:08:38.191Z"}}, {"model": "sessions.session", "pk": "cw509d3vhyp7n41huw73g64vdxef3bcu", "fields": {"session_data": ".eJxVjEEOwiAQRe_C2hCmEwZx6d4zEGAGqRqalHZlvLtt0oVu_3vvv1WI61LD2mUOI6uLAnX63VLMT2k74Eds90nnqS3zmPSu6IN2fZtYXtfD_TuosdetJl_OTJjI5IFQLLhIRoScQVvcIIWAxLAFH7F4YWSEwjll74E3T32-2Y44RA:1uDiCU:zBJ5RbZd-GpAkxj0lw4moKvwEHBCCvqWL4mSrbnXAzY", "expire_date": "2025-05-24T11:17:02.312Z"}}, {"model": "sessions.session", "pk": "f2kppjbvst035sl16jephei6r2o9zr2k", "fields": {"session_data": ".eJxVjEEOwiAQRe_C2hCmEwZx6d4zEGAGqRqalHZlvLtt0oVu_3vvv1WI61LD2mUOI6uLAnX63VLMT2k74Eds90nnqS3zmPSu6IN2fZtYXtfD_TuosdetJl_OTJjI5IFQLLhIRoScQVvcIIWAxLAFH7F4YWSEwjll74E3T32-2Y44RA:1uDiag:qZr3PbBqv7pJZLKO640x0C1-dokq-wKijMkJC7AhGJY", "expire_date": "2025-05-24T11:42:02.648Z"}}, {"model": "sessions.session", "pk": "jn2xiqdwbzjpu4b472i7min13imuxj1n", "fields": {"session_data": ".eJxVjEEOwiAQRe_C2hCmEwZx6d4zEGAGqRqalHZlvLtt0oVu_3vvv1WI61LD2mUOI6uLAnX63VLMT2k74Eds90nnqS3zmPSu6IN2fZtYXtfD_TuosdetJl_OTJjI5IFQLLhIRoScQVvcIIWAxLAFH7F4YWSEwjll74E3T32-2Y44RA:1uNPBl:-SvbILaWxyJc6rsQ65xtSIowWoVhozssZGcJCRZHm1Q", "expire_date": "2025-06-20T05:00:21.001Z"}}, {"model": "sessions.session", "pk": "xaketj2skeutj4x9p4wwimrbejy4vn5k", "fields": {"session_data": ".eJxVjEEOwiAQRe_C2hCmEwZx6d4zEGAGqRqalHZlvLtt0oVu_3vvv1WI61LD2mUOI6uLAnX63VLMT2k74Eds90nnqS3zmPSu6IN2fZtYXtfD_TuosdetJl_OTJjI5IFQLLhIRoScQVvcIIWAxLAFH7F4YWSEwjll74E3T32-2Y44RA:1uSCO6:23Bo7Tvli-oAMubwRAIFmahCggeN9TGaDnG7JH_sDoI", "expire_date": "2025-07-03T10:20:54.206Z"}}, {"model": "users.user", "pk": 1, "fields": {"password": "pbkdf2_sha256$600000$GEuki3cKa70lWwqkzxcvh3$CRA9VfbXarQK6u9r+0O2UoTrMKgag4FyQ327ubKpvfY=", "last_login": "2025-06-19T10:20:54.196Z", "is_superuser": true, "first_name": "", "last_name": "", "is_staff": true, "is_active": true, "date_joined": "2025-05-10T11:16:55.885Z", "phone": "+998900913525", "email": null, "picture": "", "gender": null, "region": null, "language": null, "balance": 0.0, "created_at": "2025-05-10T11:16:56.173Z", "groups": [], "user_permissions": []}}, {"model": "users.user", "pk": 2, "fields": {"password": "pbkdf2_sha256$600000$umVZTREMFRd4kqPU9LOcUe$IK/HYRGlS9XQ7kZoB91NbmVwDfJ3vuQD73UjVpAswIg=", "last_login": null, "is_superuser": false, "first_name": "Muhammadali", "last_name": "Rayimjonov", "is_staff": false, "is_active": true, "date_joined": "2025-05-10T11:54:07.798Z", "phone": "+998901112233", "email": "mrxlv87@gmail.com", "picture": "", "gender": null, "region": null, "language": null, "balance": 0.0, "created_at": "2025-05-10T11:54:08.076Z", "groups": [], "user_permissions": []}}, {"model": "users.user", "pk": 3, "fields": {"password": "pbkdf2_sha256$600000$Bn3Uw99TYBoVdo6MbTg945$uqqdDSormN1R/l9F8p2TdfQyRRdfspVekeuApF808Uw=", "last_login": null, "is_superuser": false, "first_name": "Muhammadali", "last_name": "Rayimjonov", "is_staff": false, "is_active": true, "date_joined": "2025-05-17T08:09:48.969Z", "phone": "+998949721511", "email": "raimjonovblog@gmail.com", "picture": "", "gender": null, "region": null, "language": null, "balance": 0.0, "created_at": "2025-05-17T08:09:49.319Z", "groups": [], "user_permissions": []}}, {"model": "users.user", "pk": 4, "fields": {"password": "pbkdf2_sha256$600000$I3WM82SeavQn7lpue1MIeH$MHjZxEwm79ot41wfccj/5s8IhZNYYCYQTVBWNsZI/0k=", "last_login": null, "is_superuser": false, "first_name": "Rustam", "last_name": "Yusuf", "is_staff": false, "is_active": true, "date_joined": "2025-05-28T21:09:21.590Z", "phone": "+998903650927", "email": "shamatovrustamjon@gmail.com", "picture": "", "gender": null, "region": null, "language": null, "balance": 0.0, "created_at": "2025-05-28T21:09:21.974Z", "groups": [], "user_permissions": []}}, {"model": "users.user", "pk": 5, "fields": {"password": "pbkdf2_sha256$600000$Rq9cpxsvvwLwv4qLPMG7pk$4RWdKl5NhYUEL8lUGGwzDsDzcpMmwQ4FEgPpSgYKNHU=", "last_login": null, "is_superuser": true, "first_name": "", "last_name": "", "is_staff": true, "is_active": true, "date_joined": "2025-06-18T12:05:36.223Z", "phone": "+998908400751", "email": null, "picture": "", "gender": null, "region": null, "language": null, "balance": 0.0, "created_at": "2025-06-18T12:05:36.510Z", "groups": [], "user_permissions": []}}, {"model": "users.user", "pk": 6, "fields": {"password": "pbkdf2_sha256$600000$ZkjgdciKQXYy38Atxm0obR$VTHSguX9STAZCZ6jnElGBgeEK+NmshA5mLx6mVJnCGo=", "last_login": null, "is_superuser": false, "first_name": "Saidafzal", "last_name": "Maxkamov", "is_staff": false, "is_active": true, "date_joined": "2025-06-19T12:31:23.066Z", "phone": "+998886632206", "email": "saidafzalmaxkamov0205@gmail.com", "picture": "", "gender": null, "region": null, "language": null, "balance": 0.0, "created_at": "2025-06-19T12:31:23.359Z", "groups": [], "user_permissions": []}}, {"model": "users.user", "pk": 7, "fields": {"password": "pbkdf2_sha256$600000$ZJ18MfiHtDzPjkkXRHt4L1$XT9gTGCBhUZjuvtSTsdAWu8/OZAPiXXgGRMI+Khf8UM=", "last_login": null, "is_superuser": false, "first_name": "Muhammadali", "last_name": "Rayimjonov", "is_staff": false, "is_active": true, "date_joined": "2025-06-19T13:02:58.963Z", "phone": "+998991112233", "email": "salom11@gmail.com", "picture": "", "gender": null, "region": null, "language": null, "balance": 0.0, "created_at": "2025-06-19T13:02:59.323Z", "groups": [], "user_permissions": []}}, {"model": "multilevel.exam", "pk": 2, "fields": {"language": null, "title": "CEFR 1", "description": "Özbekistan Milii Sertifika Hazırlık  1. Deneme Sınavı.", "level": "multilevel", "price": 0}}, {"model": "multilevel.section", "pk": 1, "fields": {"exam": 2, "type": "listening", "title": "Turan Talim CEFR 1. Sınav Dinleme Bölümü", "description": "Turan Talim CEFR 1. Sınav Dinleme Bölümü Soruları", "duration": 40}}, {"model": "multilevel.section", "pk": 2, "fields": {"exam": 2, "type": "reading", "title": "Turan Talim CEFR 1. Sınav Okuma Bölümü", "description": "Turan Talim CEFR 1. Sınav Okuma Bölümü Soruları", "duration": 60}}, {"model": "multilevel.section", "pk": 3, "fields": {"exam": 2, "type": "writing", "title": "Turan Talim CEFR 1. Sınav Yazma Bölümü", "description": "Yazılı sınav iki bölümden oluşmaktadır.\r\n1. Bölümde belirli bir durum ve temel sorulara dayanarak resmî üsluba uygun mektup yazılması gerekmektedir.\r\n2. Bölümde belirli bir sorun içeren konu üzerinde akademik üsluba uygun kompozisyon yazılması gerekmektedir.\r\nSüre: 1 saat.\r\nCevaplarınızı cevap kağıdına yazmayı unutmayınız.", "duration": 63}}, {"model": "multilevel.section", "pk": 4, "fields": {"exam": 2, "type": "speaking", "title": "Turan Talim CEFR 1. Sınav Konuşma Bölümü", "description": "Turan Talim CEFR 1. Sınav Konuşma Bölümü Soruları", "duration": 14}}, {"model": "multilevel.test", "pk": 1, "fields": {"section": 1, "title": "1. Dinleme Bölümü (1-8)", "description": "Sorular 1-8. Dinlediğiniz cümleleri tamamlayınız. Cümleleri iki defa dinleyeceksiniz. Her cümleye cevap olabilecek en doğru seçeneği (A, B veya C) işaretleyiniz.", "picture": "", "audio": "tests/audio/1._Sınav-1.metin_dinleme_hazır.mp3", "text_title": null, "text": "", "options_array": "", "sample": "Örnek Soru \r\nA) Sinirli olmamaya çalışıyorum. \r\nB) Fedakar olmayı artık bıraktım. \r\nC) İşlerim yolunda. \r\nDoğru cevap: B", "constraints": "", "order": 1}}, {"model": "multilevel.test", "pk": 2, "fields": {"section": 1, "title": "2. Dinleme Bölümü (9-14)", "description": "Sorular 9-14. Dinlediğiniz metne göre aşağıdaki cümleler için DOĞRU ya da YANLIŞ seçeneklerinden birini işaretleyiniz. \r\nDOĞRU – cümle, dinleme metnindeki bilgilerle uyumlu ve/veya tutarlıysa \r\nYANLIŞ – cümle, dinleme metnindeki bilgilerle tutarsız ve/veya çelişkiliyse", "picture": "", "audio": "tests/audio/1._sınav_2._metin_dinleme_hazır.mp3", "text_title": null, "text": "", "options_array": "", "sample": "", "constraints": "", "order": 2}}, {"model": "multilevel.test", "pk": 3, "fields": {"section": 1, "title": "3. Dinleme Bölümü (15-18)", "description": "Sorular 15-18. Şimdi insanların farklı durumlardaki konuşmalarını dinleyeceksiniz. Her konuşmacının (15-18) konuşmalarını ait olduğu seçenekleri (A-F) işaretleyiniz. Seçmemeniz gereken İKİ seçenek bulunmaktadır.", "picture": "", "audio": "tests/audio/1._sınav_3._metin_dinleme_hazır.mp3", "text_title": null, "text": "", "options_array": "", "sample": "", "constraints": "", "order": 3}}, {"model": "multilevel.test", "pk": 4, "fields": {"section": 1, "title": "4. Dinleme Bölümü (19-23)", "description": "Dinleme metnine göre haritadaki yerleri (A-H) işaretleyiniz (19-23). Seçilmemesi gereken ÜÇ seçenek bulunmaktadır.", "picture": "tests/pictures/cer.png", "audio": "tests/audio/1._sınav_4._metin_dinleme_hazır.mp3", "text_title": null, "text": "", "options_array": "", "sample": "", "constraints": "", "order": 4}}, {"model": "multilevel.test", "pk": 5, "fields": {"section": 1, "title": "5. Dinleme Bölümü (24-29)", "description": "Sorular 24-29. Aşağıdaki soruları okuyunuz ve dinleme metinlerine göre doğru seçeneği (A, B ya da C) işaretleyiniz.", "picture": "", "audio": "tests/audio/1._sınav_5._metin_dinleme_hazır.mp3", "text_title": null, "text": "", "options_array": "", "sample": "", "constraints": "", "order": 5}}, {"model": "multilevel.test", "pk": 6, "fields": {"section": 1, "title": "6. Dinleme Bölümü (30-35)", "description": "", "picture": "", "audio": "tests/audio/1._sınav_6._metin_dinleme_hazır.mp3", "text_title": null, "text": "", "options_array": "", "sample": "", "constraints": "", "order": 6}}, {"model": "multilevel.test", "pk": 7, "fields": {"section": 2, "title": "1.\tOKUMA METNİ  (1-6. sorular)", "description": "Aşağıdaki metni okuyunuz ve alttaki sözcükleri (A–H) kullanarak boşlukları (1-6) doldurunuz. Her sözcük yalnızca bir defa kullanılabilir. Seçmemeniz gereken İKİ seçenek bulunmaktadır.", "picture": "", "audio": "", "text_title": "PARA", "text": "Para, toplumların ekonomik hayatını düzenleyen en temel unsurlardan biridir. Tarih boyunca insanlar, ticaret yapmak ve ihtiyaçlarını karşılamak için farklı yöntemler geliştirmiştir. İlk dönemlerde takas yöntemi yaygınken, daha sonra değerli madenler para olarak kullanılmaya başlanmıştır. Altın ve gümüş, uzun bir süre _________ (S1) olarak kabul edilmiştir.\r\nModern dönemde ise kâğıt ve madeni paralar, yerini elektronik paralara bırakmaya başlamıştır. Kartlar ve dijital ödeme sistemleri, alışverişlerde zaman ve _________ (S2) sağladığı için giderek yaygınlaşmaktadır.\r\nParanın sadece bir alışveriş aracı olmadığı unutulmamalıdır; aynı zamanda bir değer saklama ve yatırım aracıdır. İnsanlar, birikimlerini güvenli bir şekilde korumak ve zamanla büyütmek için bankaları ve finansal _________ (S3) tercih ederler.\r\nAncak paranın ekonomik ve toplumsal etkileri, tartışmaları da beraberinde getirmiştir. Aşırı para sevgisi, bireylerde _________ (S4) yaratabilir ve sosyal ilişkileri olumsuz etkileyebilir. Bunun yanı sıra, eşitsiz gelir dağılımı, toplumsal huzursuzluğa neden olan önemli bir faktördür.\r\nGünümüzde para, yalnızca fiziksel bir araç değil, aynı zamanda bir sembol hâline gelmiştir. İnsanların para ile ilişkisi, kültürel ve _________ (S5) faktörlere bağlı olarak değişiklik gösterebilir. Bu durum, toplumların ekonomik sistemlerini ve bireylerin günlük yaşamlarını _________ (S6) şekilde şekillendirmektedir.", "options_array": "A) maddi       B) köklü        C) sembol         D) hızlılık         E) psikolojik        F) sistemler      G) temel      H) güçlü", "sample": "", "constraints": "", "order": 1}}, {"model": "multilevel.test", "pk": 8, "fields": {"section": 2, "title": "2. OKUMA METNİ (7-14. sorular)", "description": "Aşağıda verilen durumları (A–J) ve bilgi metinlerini (7–14) okuyunuz. Her durum için uygun olan metni bulup uygun seçeneği işaretleyiniz. Her seçenek yalnız bir defa kullanılabilir. Seçilmemesi gereken İKİ seçenek bulunmaktadır.", "picture": "", "audio": "", "text_title": null, "text": "", "options_array": "A)\tGeleneksel Türk yemekleri yapmayı öğrenmek istiyorsunuz.\r\nB)\tAilenizle birlikte bir müzik konserine gitmek istiyorsunuz.\r\nC)\tOsmanlı dönemine ait eserlerin sergilendiği bir müzeyi ziyaret etmek istiyorsunuz.\r\nD)\tÇocuklarınız için bir sanat atölyesi arıyorsunuz.\r\nE)\tYerel halk danslarını öğrenmek istiyorsunuz.\r\nF)\tTarihi bir yürüyüş turuna katılmak istiyorsunuz.\r\nG)\tHafta sonu için doğayla iç içe bir kamp etkinliğine katılmak istiyorsunuz.\r\nH)\tFotoğrafçılık becerilerinizi geliştirmek istiyorsunuz.\r\nİ)\tBir yazarın imza gününe katılmak istiyorsunuz.\r\nJ)\tYerel el sanatlarını tanımak ve satın almak istiyorsunuz.", "sample": "", "constraints": "", "order": 2}}, {"model": "multilevel.test", "pk": 9, "fields": {"section": 2, "title": "3. OKUMA METNİ (15-20. sorular)", "description": "Aşağıdaki başlıkları (A-H) ve paragrafları (15-20) okuyunuz. Her paragraf için uygun bir başlık bulunuz. Her başlık yalnız bir defa kullanılabilir.", "picture": "", "audio": "", "text_title": null, "text": "Turan Talim'in Öğrencilerine Bakış Açısı\r\nI. Turan Talim’in Eğitimdeki Yaklaşımı ve Felsefesi\r\nTuran Talim, eğitim sürecini öğrencilerin bireysel özelliklerini ve potansiyellerini ön plana çıkaracak şekilde tasarlamaktadır. Bu sistem, öğrencileri pasif bir bilgi alıcısı olarak görmek yerine, onların yaratıcı düşünme becerilerini geliştiren ve özgüvenlerini artıran bir yaklaşımı benimser. Eğitimin sadece bireysel başarı değil, aynı zamanda toplumsal fayda sağlaması gerektiğine inanan Turan Talim, öğrencilere liderlik vasıflarını güçlendiren ve sorumluluk bilinci kazandıran bir eğitim sunar. Bu yaklaşım, öğrencilerin hem akademik hem de sosyal açıdan dengeli bir birey olmasını sağlar.\r\nII. Akademik ve Uygulamalı Eğitim Dengesi\r\nTuran Talim, teorik bilgi ile pratik becerilerin dengeli bir şekilde öğrencilere kazandırılmasını amaçlar. Öğrencilere matematik, fen bilimleri ve tarih gibi temel disiplinlerin yanı sıra, yaratıcı düşünme, iletişim ve işbirliği gibi çağdaş beceriler kazandırılır. Eğitim sürecinde öğrencilerin yalnızca bilgiye erişimi değil, aynı zamanda bu bilgiyi nasıl kullanacakları da öğretilir. Proje tabanlı öğrenme yöntemleri ve uygulamalı etkinliklerle öğrenciler, edindikleri teorik bilgileri gerçek dünyada deneyimleyerek daha anlamlı bir öğrenme süreci yaşarlar.\r\nIII. Dayanışma ve Rekabetin Birlikte Dengelenmesi\r\nTuran Talim, öğrenci gelişiminde dayanışmayı teşvik ederken sağlıklı bir rekabet ortamı yaratmayı da hedefler. Grup çalışmaları, sosyal etkinlikler ve bilgi yarışmaları gibi uygulamalar sayesinde öğrenciler, bireysel başarılarını dayanışma içinde geliştirme fırsatı bulurlar. Rekabetin sınırları zorlamayı teşvik ettiği, dayanışmanın ise bireyler arasındaki bağları güçlendirdiği bu sistem, öğrencilerin hem bireysel hem de toplumsal ilişkilerde dengeli bir yaklaşım sergilemelerini sağlar.\r\nIV. Kültürel Değerlerin Aktarımı ve Korunması\r\nTuran Talim, Türk dünyasının ortak kültürel mirasını öğrencilere aktarmayı ve bu mirası koruyarak yeni nesillere taşımayı önemli bir görev olarak görür. Müfredatta yer alan tarih, edebiyat ve sanat dersleri, öğrencilerin kültürel kimliklerini güçlendirmelerine katkıda bulunur. Ayrıca, öğrencilerin bu değerleri modern bir bağlamda nasıl koruyabileceklerini ve diğer kültürlerle nasıl uyumlu bir şekilde yaşayabileceklerini öğrenmeleri sağlanır. Kültürel etkinlikler ve geleneksel festivaller de bu sürecin bir parçasıdır.\r\nV. Teknolojik Eğitim Araçlarının Kullanımı\r\nTuran Talim, modern teknolojiyi eğitim sürecinin ayrılmaz bir parçası haline getirmiştir. Öğrencilere dijital okuryazarlık, programlama ve yapay zeka gibi beceriler kazandırılırken, online ders materyalleri ve etkileşimli öğrenme platformları da eğitimde aktif bir şekilde kullanılmaktadır. Teknolojinin bu etkili kullanımı, öğrencilerin hem bireysel öğrenme süreçlerini hızlandırır hem de onları geleceğin dünyasına hazırlayan önemli bir araç haline gelir.\r\nVI. Toplumsal Fayda Sağlayan Projeler ve Gönüllülük Çalışmaları\r\nTuran Talim, öğrencilerinin yalnızca akademik başarıya değil, toplumsal katkıya da odaklanmasını teşvik eder. Çevre bilinci, sosyal sorumluluk projeleri ve gönüllülük etkinlikleri gibi uygulamalar, öğrencilerin topluma faydalı bireyler olmasını sağlar. Bu projeler, öğrencilerin yalnızca bilgiyle değil, aynı zamanda etik değerlerle donatılmasını hedefler. Bu yaklaşım, bireysel başarıdan çok daha fazlasını sunarak toplumun genel kalkınmasına katkıda bulunur.", "options_array": "A) Eğitimde Bireysel Potansiyeli Keşfetme\r\nB) Akademik ve Pratik Becerilerin Dengesi\r\nC) Dayanışma ve Rekabet Dengesi\r\nD) Kültürel Değerlerin Korunması ve Aktarımı\r\nE) Teknolojik Araçların Eğitimdeki Rolü\r\nF) Sosyal Sorumluluk ve Toplumsal Fayda\r\nG) Liderlik ve Sorumluluk Odaklı Eğitim\r\nH) Küresel Dünyada Kültürel Kimliğin Güçlendirilmesi", "sample": "", "constraints": "", "order": 3}}, {"model": "multilevel.test", "pk": 10, "fields": {"section": 2, "title": "4. OKUMA METNİ (21-29. sorular)", "description": "21-29. soruları cevaplamak için aşağıdaki metni okuyunuz. Doğru seçeneği işaretleyiniz.\r\n25-29. Sorulardaki cümleler metne göre DOĞRU, YANLIŞ ya da VERİLMEMİŞ olabilir. İlgili seçeneği işaretleyiniz. \r\nDOĞRU – cümle, metindeki bilgilerle uygun ve/veya tutarlıysa, \r\nYANLIŞ – cümle, metindeki bilgilerle tutarsız ve/veya çelişkiliyse, \r\nVERİLMEMİŞ – cümle, metindeki bilgilerde yer almıyor ve/veya belirtilmemişse.", "picture": "", "audio": "", "text_title": null, "text": "Türk Dünyasının Ortak Örf ve Adetleri\r\nTürk dünyası, tarih boyunca geniş bir coğrafyaya yayılan ve farklı kültürel etkiler altında kalan milletlerden oluşsa da, ortak örf ve adetler bu geniş coğrafyada yaşayan Türk topluluklarını birbirine bağlayan önemli unsurlar arasında yer almaktadır. Bu ortak değerler, geçmişten günümüze kadar aktarılan gelenekler, kutlamalar ve sosyal yaşam biçimleriyle kendini göstermektedir.\r\nTürk dünyasının en dikkat çeken ortak geleneklerinden biri Nevruz bayramıdır. Baharın gelişini müjdeleyen bu özel gün, Türk toplulukları tarafından coşkuyla kutlanır. Nevruz, doğanın yeniden canlanması ve kardeşlik duygularının pekiştirilmesi açısından büyük bir öneme sahiptir. Bu bayramda ateş üzerinden atlama, çeşitli oyunlar oynama ve geleneksel yemekler yapma gibi ritüeller ortak bir mirasın yansımalarıdır.\r\nBir diğer ortak örf ise misafirperverliktir. Türk toplulukları, misafiri “Tanrı misafiri” olarak kabul eder ve ona büyük bir saygı gösterir. Hangi Türk topluluğu olursa olsun, misafire ikram edilen yemekler ve gösterilen ilgi, bu kadim geleneğin önemini ortaya koyar. Türk kültüründe misafir ağırlama, ev sahibinin onuru sayılmaktadır.\r\nEvlilik ve düğün gelenekleri de Türk dünyasının ortak değerleri arasında yer almaktadır. Geleneksel kına geceleri, gelin alayı ve çeşitli halk oyunları, düğünlerin vazgeçilmez unsurlarıdır. Bu geleneklerde kullanılan renkli kıyafetler, çalgılar ve danslar, ortak bir kültürel zenginliği temsil eder. Ayrıca, düğünlerde büyük sofralar kurularak herkesin bir araya gelmesi, toplumsal dayanışmanın en güzel örneklerindendir.\r\nTürk topluluklarının bir diğer ortak örfü ise atalarına saygıdır. Büyüklerin deneyimlerinden faydalanma ve onlara olan hürmet, Türk dünyasının hemen her toplumunda gözlemlenebilir. Bayram ziyaretleri, büyüklere saygının ve toplumsal dayanışmanın bir göstergesidir.\r\nSonuç olarak, Türk dünyasının ortak örf ve adetleri, kültürel bağların korunmasına ve güçlendirilmesine hizmet etmektedir. Bu gelenekler, farklı coğrafyalarda yaşayan Türk topluluklarının aynı değerler etrafında buluşmasını sağlar ve ortak bir kimlik yaratır.", "options_array": "", "sample": "", "constraints": "", "order": 4}}, {"model": "multilevel.test", "pk": 11, "fields": {"section": 2, "title": "5. OKUMA METNİ (30-35. sorular)", "description": "30-35. soruları cevaplamak için aşağıdaki metni okuyunuz. Doğru seçeneği işaretleyiniz.", "picture": "", "audio": "", "text_title": null, "text": "Özbekistan'da Çocukluk Döneminde Öğretilen İlk Örf ve Adetler\r\nA)\tÖzbekistan, köklü gelenekleri ve zengin kültürüyle bilinen bir ülkedir. Bu kültürel zenginlik, özellikle çocukluk döneminde kazandırılan örf ve adetlerle nesilden nesile aktarılmaktadır. Özbek aile yapısında, çocuklara öğretilen bu gelenekler, bireylerin toplum içindeki rollerini anlamalarına ve sosyal yaşamda daha uyumlu bir şekilde hareket etmelerine yardımcı olur. Çocukluk döneminde öğrenilen örf ve adetler, Özbekistan’ın aile ve toplumsal değerlerinin temel taşlarını oluşturur.\r\nB)\tÇocuklara ilk öğretilen örflerden biri büyüklere saygıdır. Aile içindeki büyüklerin sözüne itaat etmek, onlara karşı saygılı davranmak Özbek kültüründe önemli bir yer tutar. Çocuklar, büyüklerinin ellerini öperek selam verir ve her zaman onların nasihatlerini dinler. Ayrıca, aile büyüklerine hitap ederken kibar bir dil kullanmak, Özbek örflerinin en temel kurallarından biridir. Bu saygı kültürü, sadece aile içinde değil, toplumun genelinde de geçerlidir.\r\nC)\tBir diğer önemli adet, misafirperverliktir. Özbek kültüründe misafir, “Tanrı’nın bir lütfu” olarak görülür ve büyük bir saygıyla karşılanır. Çocuklar, küçük yaşlardan itibaren misafirlere nasıl davranmaları gerektiğini öğrenir. Misafirlere karşı güler yüzlü olmak, ihtiyaçlarını gidermede yardımcı olmak ve onları memnun etmeye çalışmak, Özbek ailelerinin sıkı sıkıya bağlı olduğu bir gelenektir. Özellikle bayramlarda ve özel günlerde, misafirlerin rahat etmesi için çocukların da görev aldığı görülür.\r\nD)\tÖzbekistan’da çocuklara öğretilen bir diğer önemli değer, yardımlaşma ve dayanışmadır. Geleneksel Özbek aile yapısında, komşuluk ilişkileri ve dayanışma önemli bir yere sahiptir. Çocuklar, yardımlaşmanın değerini öğrenerek büyürler. Örneğin, mahallede düzenlenen etkinliklere katılarak toplumsal bağlarını güçlendirirler. Ayrıca, çocuklara zorda kalan birine yardım etmenin ahlaki bir sorumluluk olduğu öğretilir.\r\nE)\tAhlaki değerlerin yanı sıra, Özbek kültüründe temizlik ve düzen de çocuklara küçük yaşlardan itibaren kazandırılır. Çocuklar, ev işlerinde anne babalarına yardımcı olur ve çevrelerini temiz tutmanın önemini öğrenir. Bu değerler, Özbek kültüründe toplumsal düzenin bir parçası olarak kabul edilir. Temizlik, sadece fiziksel bir düzeni değil, aynı zamanda manevi bir saflığı da ifade eder.\r\nF)\tSonuç olarak, Özbekistan’da çocukluk döneminde öğretilen örf ve adetler, bireylerin topluma daha uyumlu bireyler olarak yetişmelerini sağlar. Bu değerler, Özbek toplumunun sosyal yapısını güçlendiren ve kültürel mirasını koruyan önemli unsurlar olarak dikkat çeker.", "options_array": "", "sample": "", "constraints": "", "order": 5}}, {"model": "multilevel.test", "pk": 13, "fields": {"section": 3, "title": "Yazma 1", "description": "1. Bölümde belirli bir durum ve temel sorulara dayanarak resmî üsluba uygun mektup yazılması gerekmektedir.", "picture": "", "audio": "", "text_title": null, "text": "", "options_array": "", "sample": "", "constraints": "", "order": 1}}, {"model": "multilevel.test", "pk": 14, "fields": {"section": 3, "title": "Yazma 2", "description": "2. Bölümde belirli bir sorun içeren konu üzerinde akademik üsluba uygun kompozisyon yazılması gerekmektedir.", "picture": "", "audio": "", "text_title": null, "text": "", "options_array": "", "sample": "", "constraints": "", "order": 2}}, {"model": "multilevel.test", "pk": 16, "fields": {"section": 4, "title": "1. Bölüm Konuşma", "description": "1. Bölüm. \r\nBirinci bölüm, iki kısımdan oluşmaktadır. Önce, size kendiniz ve ilgi alanlarınız hakkında üç kısa soru sorulacaktır. Ardından, iki resim gösterilecek ve onlara ilişkin üç soru sorulacaktır. Sorulara hazırlanmak için zamanınız olmayacaktır. Her bir soruyu yanıtlamanız için 30 saniyeniz var. İşaret sesi olarak zil sesini duyduktan sonra, konuşmaya başlayabilirsiniz.", "picture": "", "audio": "", "text_title": null, "text": "", "options_array": "", "sample": "", "constraints": "", "order": 1}}, {"model": "multilevel.test", "pk": 17, "fields": {"section": 4, "title": "2. Bölüm Konuşma", "description": "2. Bölüm. \r\n   Bu bölümde size bir resim gösterilecek ve üç soru sorulacaktır. Konuşmaya başlamadan önce hazırlanmanız için bir dakikanız olacaktır. Verilen üç soruyu cevaplamanız için iki dakikanız var. İşaret sesi olarak zil sesini duyduktan sonra, konuşmaya başlayabilirsiniz.", "picture": "", "audio": "", "text_title": null, "text": "", "options_array": "", "sample": "", "constraints": "", "order": 2}}, {"model": "multilevel.test", "pk": 18, "fields": {"section": 4, "title": "3. Bölüm Konuşma", "description": "3. Bölüm. \r\nBu bölümde, belirli bir konu hakkında iki dakikalık bir konuşma yapmanız gerekmektedir. Ekranda konu ve bu konunun lehinde ve aleyhinde listelenmiş maddeler, tablo şeklinde gösterilecektir. Her bir listeden iki madde seçerek, konunun her iki tarafını da temsil eden dengeli bir argüman oluşturmalısınız. Argümanınızı hazırlamak için bir dakikanız olacaktır. Ardından, iki dakikalık konuşmanızı gerçekleştireceksiniz. İşaret sesi olarak zil sesini duyduktan sonra, konuşmaya başlayabilirsiniz.", "picture": "", "audio": "", "text_title": null, "text": "", "options_array": "", "sample": "", "constraints": "", "order": 3}}, {"model": "multilevel.question", "pk": 1, "fields": {"test": 1, "text": "Soru 1.", "picture": "", "answer": null, "has_options": true, "preparation_time": null, "response_time": null}}, {"model": "multilevel.question", "pk": 2, "fields": {"test": 1, "text": "Soru 2.", "picture": "", "answer": null, "has_options": true, "preparation_time": null, "response_time": null}}, {"model": "multilevel.question", "pk": 3, "fields": {"test": 1, "text": "Soru 3.", "picture": "", "answer": null, "has_options": true, "preparation_time": null, "response_time": null}}, {"model": "multilevel.question", "pk": 4, "fields": {"test": 1, "text": "Soru 4.", "picture": "", "answer": null, "has_options": true, "preparation_time": null, "response_time": null}}, {"model": "multilevel.question", "pk": 5, "fields": {"test": 1, "text": "Soru 5.", "picture": "", "answer": null, "has_options": true, "preparation_time": null, "response_time": null}}, {"model": "multilevel.question", "pk": 6, "fields": {"test": 7, "text": "Soru 1.", "picture": "", "answer": "G", "has_options": false, "preparation_time": null, "response_time": null}}, {"model": "multilevel.question", "pk": 7, "fields": {"test": 7, "text": "Soru 2.", "picture": "", "answer": "D", "has_options": false, "preparation_time": null, "response_time": null}}, {"model": "multilevel.question", "pk": 8, "fields": {"test": 7, "text": "Soru 3.", "picture": "", "answer": "F", "has_options": false, "preparation_time": null, "response_time": null}}, {"model": "multilevel.question", "pk": 9, "fields": {"test": 7, "text": "Soru 4.", "picture": "", "answer": "E", "has_options": false, "preparation_time": null, "response_time": null}}, {"model": "multilevel.question", "pk": 10, "fields": {"test": 7, "text": "Soru 5.", "picture": "", "answer": "A", "has_options": false, "preparation_time": null, "response_time": null}}, {"model": "multilevel.question", "pk": 11, "fields": {"test": 7, "text": "Soru 6.", "picture": "", "answer": "H", "has_options": false, "preparation_time": null, "response_time": null}}, {"model": "multilevel.question", "pk": 12, "fields": {"test": 8, "text": "Soru 7. Osmanlı dönemine ait tarihi eserleri keşfetmek için düzenlenen müze turlarımızda, uzman rehberler eşliğinde unutulmaz bir deneyim yaşayabilirsiniz.", "picture": "", "answer": "C", "has_options": false, "preparation_time": null, "response_time": null}}, {"model": "multilevel.question", "pk": 13, "fields": {"test": 8, "text": "8. soru. Hafta sonları düzenlenen fotoğrafçılık kurslarımızla hem teorik hem de pratik eğitim alabilirsiniz. Şehrin güzelliklerini yakalamayı öğrenin!", "picture": "", "answer": "H", "has_options": false, "preparation_time": null, "response_time": null}}, {"model": "multilevel.question", "pk": 14, "fields": {"test": 8, "text": "9. Soru. Çocuklara yönelik resim, heykel ve yaratıcı drama atölyelerimizle minik sanatçıların hayal \r\ngüçlerini geliştirmelerine yardımcı oluyoruz", "picture": "", "answer": "D", "has_options": false, "preparation_time": null, "response_time": null}}, {"model": "multilevel.question", "pk": 15, "fields": {"test": 8, "text": "10.\tSoru. Geleneksel halk danslarını öğrenmek isteyenler için özel dersler ve grup etkinliklerimiz mevcut. Hem eğlenin hem kültürümüzü yaşayın!", "picture": "", "answer": "E", "has_options": false, "preparation_time": null, "response_time": null}}, {"model": "multilevel.question", "pk": 16, "fields": {"test": 8, "text": "11.\tSoru. Yerel sanatkarların el emeği göz nuru ürünlerini görmek ve satın almak için düzenlenen etkinliklerimize bekliyoruz.", "picture": "", "answer": "J", "has_options": false, "preparation_time": null, "response_time": null}}, {"model": "multilevel.question", "pk": 17, "fields": {"test": 8, "text": "12. Soru. Türk mutfağını öğrenmek isteyenler için geleneksel yemek kurslarımızda hem lezzetli hem eğlenceli anlar yaşayın.", "picture": "", "answer": "A", "has_options": false, "preparation_time": null, "response_time": null}}, {"model": "multilevel.question", "pk": 18, "fields": {"test": 8, "text": "13. Soru. Şehirden uzaklaşmadan doğayla iç içe kamp alanlarımızda, hafta sonunuzu huzurlu bir şekilde geçirebilirsiniz.", "picture": "", "answer": "G", "has_options": false, "preparation_time": null, "response_time": null}}, {"model": "multilevel.question", "pk": 19, "fields": {"test": 8, "text": "14. Soru. Popüler müzik gruplarının sahne aldığı aile dostu konser etkinliklerimizde hem eğlenin hem unutulmaz anılar biriktirin.", "picture": "", "answer": "B", "has_options": false, "preparation_time": null, "response_time": null}}, {"model": "multilevel.question", "pk": 20, "fields": {"test": 9, "text": "Soru 15.       I. Paragraf: ….", "picture": "", "answer": "G", "has_options": false, "preparation_time": null, "response_time": null}}, {"model": "multilevel.question", "pk": 21, "fields": {"test": 9, "text": "Soru 16.       II. Paragraf: …..", "picture": "", "answer": "B", "has_options": false, "preparation_time": null, "response_time": null}}, {"model": "multilevel.question", "pk": 22, "fields": {"test": 9, "text": "Soru 17.       III. Paragraf: …..", "picture": "", "answer": "C", "has_options": false, "preparation_time": null, "response_time": null}}, {"model": "multilevel.question", "pk": 23, "fields": {"test": 9, "text": "Soru 18.       IV. Paragraf: ….", "picture": "", "answer": "D", "has_options": false, "preparation_time": null, "response_time": null}}, {"model": "multilevel.question", "pk": 24, "fields": {"test": 9, "text": "Soru 19.       V. Paragraf: ….", "picture": "", "answer": "E", "has_options": false, "preparation_time": null, "response_time": null}}, {"model": "multilevel.question", "pk": 25, "fields": {"test": 9, "text": "Soru 20.       VI. Paragraf: …..", "picture": "", "answer": "F", "has_options": false, "preparation_time": null, "response_time": null}}, {"model": "multilevel.question", "pk": 26, "fields": {"test": 10, "text": "S21. Metnin bütününe göre aşağıdaki yargılardan hangisine varılamaz?", "picture": "", "answer": null, "has_options": true, "preparation_time": null, "response_time": null}}, {"model": "multilevel.question", "pk": 27, "fields": {"test": 10, "text": "S22. Türk dünyasında misafirperverlikle ilgili olarak aşağıdakilerden hangisi söylenebilir?", "picture": "", "answer": null, "has_options": true, "preparation_time": null, "response_time": null}}, {"model": "multilevel.question", "pk": 28, "fields": {"test": 10, "text": "S23. Türk dünyasındaki düğün gelenekleriyle ilgili aşağıdaki ifadelerden hangisi yanlıştır?", "picture": "", "answer": null, "has_options": true, "preparation_time": null, "response_time": null}}, {"model": "multilevel.question", "pk": 29, "fields": {"test": 10, "text": "S24. Metne göre, Türk topluluklarının ortak değerleri arasında aşağıdakilerden hangisi yer almaz?", "picture": "", "answer": null, "has_options": true, "preparation_time": null, "response_time": null}}, {"model": "multilevel.question", "pk": 30, "fields": {"test": 10, "text": "Soru 25. Nevruz bayramı, Türk toplulukları arasında farklı şekillerde kutlanır.", "picture": "", "answer": null, "has_options": true, "preparation_time": null, "response_time": null}}, {"model": "multilevel.question", "pk": 31, "fields": {"test": 10, "text": "Soru 26. Türk dünyasında misafire gösterilen saygı, dini bir inançtan kaynaklanmaktadır.", "picture": "", "answer": null, "has_options": true, "preparation_time": null, "response_time": null}}, {"model": "multilevel.question", "pk": 32, "fields": {"test": 10, "text": "Soru 27. Düğün gelenekleri, Türk dünyasında yalnızca kırsal bölgelerde görülmektedir.", "picture": "", "answer": null, "has_options": true, "preparation_time": null, "response_time": null}}, {"model": "multilevel.question", "pk": 33, "fields": {"test": 10, "text": "Soru 28. Atalara saygı, Türk dünyasının sadece bir kısmında görülen bir örftür.", "picture": "", "answer": null, "has_options": true, "preparation_time": null, "response_time": null}}, {"model": "multilevel.question", "pk": 34, "fields": {"test": 10, "text": "Soru 29. Türk dünyasının ortak örf ve adetleri, toplumsal birlik ve beraberliği artırmaktadır.", "picture": "", "answer": null, "has_options": true, "preparation_time": null, "response_time": null}}, {"model": "multilevel.question", "pk": 35, "fields": {"test": 11, "text": "Soru 30. Aşağıdaki cümlelerden hangisi metinden çıkarılamaz?", "picture": "", "answer": null, "has_options": true, "preparation_time": null, "response_time": null}}, {"model": "multilevel.question", "pk": 36, "fields": {"test": 11, "text": "Soru 31. Özbekistan’da çocukluk döneminde öğretilen örf ve adetler için aşağıdakilerden hangisi doğru değildir?", "picture": "", "answer": null, "has_options": true, "preparation_time": null, "response_time": null}}, {"model": "multilevel.question", "pk": 37, "fields": {"test": 11, "text": "Soru 32. Aşağıdakilerden hangisi metne göre doğru bir çıkarımdır?", "picture": "", "answer": null, "has_options": true, "preparation_time": null, "response_time": null}}, {"model": "multilevel.question", "pk": 38, "fields": {"test": 11, "text": "Soru 33. Özbek kültüründe misafirperverlik ve bunun çocuklara öğretilmesi hangi paragrafta ele alınmaktadır?", "picture": "", "answer": null, "has_options": true, "preparation_time": null, "response_time": null}}, {"model": "multilevel.question", "pk": 39, "fields": {"test": 11, "text": "Soru 34. Yardımlaşma ve toplumsal dayanışmanın Özbek toplumundaki önemi hangi paragrafta açıklanmaktadır?", "picture": "", "answer": null, "has_options": true, "preparation_time": null, "response_time": null}}, {"model": "multilevel.question", "pk": 40, "fields": {"test": 11, "text": "Soru 35. Temizlik ve düzenin çocuklara kazandırılmasının önemi hangi paragrafta yer almaktadır?", "picture": "", "answer": null, "has_options": true, "preparation_time": null, "response_time": null}}, {"model": "multilevel.question", "pk": 41, "fields": {"test": 1, "text": "Soru 6", "picture": "", "answer": null, "has_options": true, "preparation_time": null, "response_time": null}}, {"model": "multilevel.question", "pk": 42, "fields": {"test": 1, "text": "Soru 7", "picture": "", "answer": null, "has_options": true, "preparation_time": null, "response_time": null}}, {"model": "multilevel.question", "pk": 43, "fields": {"test": 1, "text": "Soru 8", "picture": "", "answer": null, "has_options": true, "preparation_time": null, "response_time": null}}, {"model": "multilevel.question", "pk": 44, "fields": {"test": 2, "text": "Soru 9. Sağlıklı bir iletişim, bireylerin hem hayat kalitesini hem de sosyal ilişkilerini olumlu yönde etkiler.", "picture": "", "answer": null, "has_options": true, "preparation_time": null, "response_time": null}}, {"model": "multilevel.question", "pk": 45, "fields": {"test": 2, "text": "Soru 10. Metinde, iletişim eksikliği yalnızca iş hayatında sorunlara neden olur, özel yaşamı etkilemez.", "picture": "", "answer": null, "has_options": true, "preparation_time": null, "response_time": null}}, {"model": "multilevel.question", "pk": 46, "fields": {"test": 2, "text": "Soru 11. İş yerinde güçlü iletişim becerilerine sahip liderler, ekip çalışmasının başarısında belirleyici bir rol oynar.", "picture": "", "answer": null, "has_options": true, "preparation_time": null, "response_time": null}}, {"model": "multilevel.question", "pk": 47, "fields": {"test": 2, "text": "Soru 12. Teknolojinin gelişmesi, yüz yüze iletişim kurma ihtiyacını tamamen ortadan kaldırmıştır.", "picture": "", "answer": null, "has_options": true, "preparation_time": null, "response_time": null}}, {"model": "multilevel.question", "pk": 48, "fields": {"test": 2, "text": "Soru 13. Empati, iletişimde sadece bir tarafın duygu ve düşüncelerini anlamak için kullanılır.", "picture": "", "answer": null, "has_options": true, "preparation_time": null, "response_time": null}}, {"model": "multilevel.question", "pk": 49, "fields": {"test": 2, "text": "Soru 14.Metinde geçen “aktif dinleme” ifadesi, “Sadece sessiz kalıp dinlemek” anlamında kullanılmamıştır.", "picture": "", "answer": null, "has_options": true, "preparation_time": null, "response_time": null}}, {"model": "multilevel.question", "pk": 50, "fields": {"test": 3, "text": "15. 4. konuşmacı: ...", "picture": "", "answer": null, "has_options": true, "preparation_time": null, "response_time": null}}, {"model": "multilevel.question", "pk": 51, "fields": {"test": 2, "text": "16. 1. konuşmacı: ...", "picture": "", "answer": null, "has_options": true, "preparation_time": null, "response_time": null}}, {"model": "multilevel.question", "pk": 53, "fields": {"test": 13, "text": "Bir Çağrı Merkezi Temsilcisi pozisyonu için iş ilanına cevap vererek e-posta yazınız.\r\nBir müşteri hizmetleri şirketi, müşterilerin çağrılarına yanıt verecek ve sorunlarını çözecek bir \"Çağrı Merkezi Temsilcisi\" arıyor. İş tanımı şu şekildedir:\r\n1.\tMüşterilerin sorularını yanıtlamak ve şikayetleri çözmek,\r\n2.\tSatış sonrası destek sağlamak,\r\n3.\tGünlük müşteri görüşmelerini raporlamak.\r\nŞirket, iletişim becerisi yüksek, sabırlı ve takım çalışmasına uygun adaylar arıyor. Daha önce müşteri hizmetleri alanında çalışmış adaylar tercih sebebidir. Resmi bir e-posta yazınız.\r\n(Bu soru 10 puan değerindedir. Cevaplama süreniz 20 dakikadır.)", "picture": "", "answer": null, "has_options": false, "preparation_time": null, "response_time": null}}, {"model": "multilevel.question", "pk": 54, "fields": {"test": 14, "text": "Günümüzde birçok anne iş hayatında aktif rol almaktadır. Bazı insanlar çalışan annelerin çocuklarına iyi bir rol model olduğunu ve onların daha bağımsız büyümesine katkı sağladığını savunmaktadır. Diğerleri ise çalışan annelerin çocuklarıyla yeterince ilgilenemediğini ve aile bağlarının zayıflayabileceğini düşünmektedir.  Her iki görüşü değerlendirerek kendi fikrinizi açıklayınız.\r\n250 sözcük yardımıyla yöntemlere uygun bir şekilde kompozisyon yazınız.\r\n(Bu soru 15 puan değerindedir. Cevaplama süresi 40 dakikadır.)", "picture": "", "answer": null, "has_options": false, "preparation_time": null, "response_time": null}}, {"model": "multilevel.question", "pk": 55, "fields": {"test": 3, "text": "17. 3. konuşmacı: ...", "picture": "", "answer": null, "has_options": true, "preparation_time": null, "response_time": null}}, {"model": "multilevel.question", "pk": 56, "fields": {"test": 3, "text": "18. 2. konuşmacı: ...", "picture": "", "answer": null, "has_options": true, "preparation_time": null, "response_time": null}}, {"model": "multilevel.question", "pk": 57, "fields": {"test": 4, "text": "Soru 19. Spor salonu …", "picture": "", "answer": null, "has_options": true, "preparation_time": null, "response_time": null}}, {"model": "multilevel.question", "pk": 58, "fields": {"test": 4, "text": "Soru 20. Gıda mağazası …", "picture": "", "answer": null, "has_options": true, "preparation_time": null, "response_time": null}}, {"model": "multilevel.question", "pk": 59, "fields": {"test": 4, "text": "Soru 21. Eskişehir Oteli …", "picture": "", "answer": null, "has_options": true, "preparation_time": null, "response_time": null}}, {"model": "multilevel.question", "pk": 60, "fields": {"test": 4, "text": "Soru 22. Lokanta …", "picture": "", "answer": null, "has_options": true, "preparation_time": null, "response_time": null}}, {"model": "multilevel.question", "pk": 61, "fields": {"test": 4, "text": "Soru 23. Hayvanat bahçesi …", "picture": "", "answer": null, "has_options": true, "preparation_time": null, "response_time": null}}, {"model": "multilevel.question", "pk": 62, "fields": {"test": 5, "text": "Soru 24. Mahleraym ve Azize'nın kütüphanedeki çalışmalarına dair hangi çıkarım yapılabilir?", "picture": "", "answer": null, "has_options": true, "preparation_time": null, "response_time": null}}, {"model": "multilevel.question", "pk": 63, "fields": {"test": 5, "text": "Soru 25. Mahleraym’ın araştırma yöntemiyle ilgili hangi çıkarım yapılabilir?", "picture": "", "answer": null, "has_options": true, "preparation_time": null, "response_time": null}}, {"model": "multilevel.question", "pk": 64, "fields": {"test": 5, "text": "Soru 26. Nadir’in Türkçe öğrenmek için önerdiği yöntem nedir?", "picture": "", "answer": null, "has_options": true, "preparation_time": null, "response_time": null}}, {"model": "multilevel.question", "pk": 65, "fields": {"test": 3, "text": "Soru 27. Destan'ın Turan Talim’deki derslere dair düşüncesi nedir?", "picture": "", "answer": null, "has_options": true, "preparation_time": null, "response_time": null}}, {"model": "multilevel.question", "pk": 66, "fields": {"test": 5, "text": "Soru 28. Bahadır’ın dil sertifikası sınavına hazırlanırken en çok dikkat ettiği alan nedir?", "picture": "", "answer": null, "has_options": true, "preparation_time": null, "response_time": null}}, {"model": "multilevel.question", "pk": 67, "fields": {"test": 5, "text": "Soru 29. Bahadır’ın Tahircan’a verdiği en önemli tavsiye nedir?", "picture": "", "answer": null, "has_options": true, "preparation_time": null, "response_time": null}}, {"model": "multilevel.question", "pk": 68, "fields": {"test": 6, "text": "Soru 30. Arılar, bal yapım sürecine nasıl başlar?", "picture": "", "answer": null, "has_options": true, "preparation_time": null, "response_time": null}}, {"model": "multilevel.question", "pk": 69, "fields": {"test": 6, "text": "Soru 31. Balın oluşum sürecinde arıların yaptığı en önemli işlem nedir?", "picture": "", "answer": null, "has_options": true, "preparation_time": null, "response_time": null}}, {"model": "multilevel.question", "pk": 70, "fields": {"test": 6, "text": "Soru 32. Metne göre, arılar neden ekosistem için önemlidir?", "picture": "", "answer": null, "has_options": true, "preparation_time": null, "response_time": null}}, {"model": "multilevel.question", "pk": 71, "fields": {"test": 6, "text": "Soru 33. Aşağıdaki ifadelerden hangisi yanlıştır?", "picture": "", "answer": null, "has_options": true, "preparation_time": null, "response_time": null}}, {"model": "multilevel.question", "pk": 72, "fields": {"test": 6, "text": "Soru 34. Arıların bal yapma sürecinde aşağıdakilerden hangisine değinilmemiştir?", "picture": "", "answer": null, "has_options": true, "preparation_time": null, "response_time": null}}, {"model": "multilevel.question", "pk": 73, "fields": {"test": 6, "text": "Soru 35. Arılar bal yapma sürecinde nektarı bal haline getirmek için aşağıdaki yöntemlerden hangisini kullanır?", "picture": "", "answer": null, "has_options": true, "preparation_time": null, "response_time": null}}, {"model": "multilevel.question", "pk": 74, "fields": {"test": 16, "text": "1.\tBugün öğrendiğiniz yeni bir bilgi veya kavram var mı?", "picture": "", "answer": null, "has_options": false, "preparation_time": 5, "response_time": 30}}, {"model": "multilevel.question", "pk": 75, "fields": {"test": 16, "text": "2.\tHayatınızdaki en önemli kişi kimdir? Neden?", "picture": "", "answer": null, "has_options": false, "preparation_time": 5, "response_time": 30}}, {"model": "multilevel.question", "pk": 76, "fields": {"test": 16, "text": "3.\tYaşadığınız şehirde bir gün geçirmek için en güzel yer neresi olurdu?", "picture": "", "answer": null, "has_options": false, "preparation_time": 5, "response_time": 30}}, {"model": "multilevel.question", "pk": 77, "fields": {"test": 16, "text": "1-\tBu resimlerde neler görüyorsunuz? Karşılaştırınız.", "picture": "questions/1._konuşma_sınavı_12._resim.png", "answer": null, "has_options": false, "preparation_time": 5, "response_time": 45}}, {"model": "multilevel.question", "pk": 78, "fields": {"test": 16, "text": "2-\tDoğal ortamda yaşamanın önemi nedir?", "picture": "", "answer": null, "has_options": false, "preparation_time": 5, "response_time": 30}}, {"model": "multilevel.question", "pk": 79, "fields": {"test": 16, "text": "3-\tSiz doğal yaşamda yaşamayı tercih eder miydiniz? Neden?", "picture": "", "answer": null, "has_options": false, "preparation_time": 5, "response_time": 30}}, {"model": "multilevel.question", "pk": 80, "fields": {"test": 17, "text": "1-\tGöz doktoruna muayene oldunuz mu?\r\n2-\tGözlükler niçin kullanılır?\r\n3-\tGözlük ihtiyacı olan insanların hayatı nasıl olur?", "picture": "questions/1._sınav_konuşma_3._resim_5pLSvTo.jpg", "answer": null, "has_options": false, "preparation_time": 60, "response_time": 120}}, {"model": "multilevel.question", "pk": 81, "fields": {"test": 18, "text": "Günümüzde birçok kişi uzun çalışma saatlerinden şikayetçi. Haftalık çalışma saatleri zorunlu olarak azaltılmalı mıdır?", "picture": "questions/1._sınav_konuşma_4._resim.jpg.png", "answer": null, "has_options": false, "preparation_time": 60, "response_time": 120}}, {"model": "multilevel.option", "pk": 1, "fields": {"question": 1, "text": "A) Çünkü çok fazla zamanım vardı, acele etmedim.", "is_correct": false}}, {"model": "multilevel.option", "pk": 2, "fields": {"question": 1, "text": "B) Raporu teslim ettim ama başka bir rapor eksikti.", "is_correct": false}}, {"model": "multilevel.option", "pk": 3, "fields": {"question": 1, "text": "C) Teslim tarihini karıştırdığım için geç kaldım.", "is_correct": true}}, {"model": "multilevel.option", "pk": 4, "fields": {"question": 2, "text": "A) Çünkü bu yöntemin en etkili olduğunu düşündüm.", "is_correct": true}}, {"model": "multilevel.option", "pk": 5, "fields": {"question": 2, "text": "B) Başka bir yöntem denemek istedim ama vazgeçtim.", "is_correct": false}}, {"model": "multilevel.option", "pk": 6, "fields": {"question": 2, "text": "C) Projeyi yönetmedim, ekip arkadaşlarıma bıraktım.", "is_correct": false}}, {"model": "multilevel.option", "pk": 7, "fields": {"question": 3, "text": "A) Sunumu uzun tutmayı planlıyordum ama fırsat olmadı.", "is_correct": false}}, {"model": "multilevel.option", "pk": 8, "fields": {"question": 3, "text": "B) Sunum çok yoğundu ve daha fazla uzatmak istemedim.", "is_correct": false}}, {"model": "multilevel.option", "pk": 9, "fields": {"question": 3, "text": "C) Zaman kısıtlaması vardı, kısa tutmak zorundaydım.", "is_correct": true}}, {"model": "multilevel.option", "pk": 10, "fields": {"question": 4, "text": "A) Toplantının başlama saatini yanlış hatırladım.", "is_correct": false}}, {"model": "multilevel.option", "pk": 11, "fields": {"question": 4, "text": "B) Trafik beklenmedik şekilde yoğun olduğu için.", "is_correct": true}}, {"model": "multilevel.option", "pk": 12, "fields": {"question": 4, "text": "C) Toplantıya erken gelmek istedim ama zamanında yetişemedim.", "is_correct": false}}, {"model": "multilevel.option", "pk": 13, "fields": {"question": 5, "text": "A) Görev bana verilmediği halde gönüllü oldum.", "is_correct": false}}, {"model": "multilevel.option", "pk": 14, "fields": {"question": 5, "text": "B) Daha önce benzer bir görevi başarıyla tamamladığım için.", "is_correct": true}}, {"model": "multilevel.option", "pk": 15, "fields": {"question": 5, "text": "C) Görevden kimse memnun olmadığı için.", "is_correct": false}}, {"model": "multilevel.option", "pk": 16, "fields": {"question": 26, "text": "A) Türk dünyasının örf ve adetleri, topluluklar arasındaki bağları güçlendirmektedir.", "is_correct": false}}, {"model": "multilevel.option", "pk": 17, "fields": {"question": 26, "text": "B) Nevruz, Türk toplulukları arasında farklı anlamlara gelen bir bayramdır.", "is_correct": true}}, {"model": "multilevel.option", "pk": 18, "fields": {"question": 26, "text": "C) Misafirperverlik, Türk kültüründe büyük bir öneme sahiptir.", "is_correct": false}}, {"model": "multilevel.option", "pk": 19, "fields": {"question": 26, "text": "D) Türk dünyasının ortak değerleri, coğrafi farklılıklara rağmen varlığını sürdürmüştür.", "is_correct": false}}, {"model": "multilevel.option", "pk": 20, "fields": {"question": 27, "text": "A) Misafir, Türk kültüründe ağırlıkla sembolik bir öneme sahiptir.", "is_correct": false}}, {"model": "multilevel.option", "pk": 21, "fields": {"question": 27, "text": "B) Misafire verilen ikramlar, ev sahibinin itibarını artırır.", "is_correct": true}}, {"model": "multilevel.option", "pk": 22, "fields": {"question": 27, "text": "C) Misafirperverlik sadece kırsal bölgelerde önemlidir.", "is_correct": false}}, {"model": "multilevel.option", "pk": 23, "fields": {"question": 27, "text": "D) Türk topluluklarında misafir, genellikle tanrıdan bir ceza olarak görülür.", "is_correct": false}}, {"model": "multilevel.option", "pk": 24, "fields": {"question": 28, "text": "A) Kına geceleri, Türk dünyasında önemli bir evlilik ritüelidir.", "is_correct": false}}, {"model": "multilevel.option", "pk": 25, "fields": {"question": 28, "text": "B) Düğünlerde halk oyunları ve danslar geleneksel unsurlar arasındadır.", "is_correct": false}}, {"model": "multilevel.option", "pk": 26, "fields": {"question": 28, "text": "C) Düğünlerde toplumsal dayanışmayı artıracak etkinliklere yer verilmez.", "is_correct": true}}, {"model": "multilevel.option", "pk": 27, "fields": {"question": 28, "text": "D) Renkli kıyafetler ve büyük sofralar düğünlerin bir parçasıdır.", "is_correct": false}}, {"model": "multilevel.option", "pk": 28, "fields": {"question": 29, "text": "A) Atalara saygı göstermek", "is_correct": false}}, {"model": "multilevel.option", "pk": 29, "fields": {"question": 29, "text": "B) Baharın gelişini kutlamak", "is_correct": false}}, {"model": "multilevel.option", "pk": 30, "fields": {"question": 29, "text": "C) Sadece bireysel yaşantılara odaklanmak", "is_correct": true}}, {"model": "multilevel.option", "pk": 31, "fields": {"question": 29, "text": "D) Toplumsal dayanışmayı ön plana çıkarmak", "is_correct": false}}, {"model": "multilevel.option", "pk": 32, "fields": {"question": 30, "text": "A) Doğru", "is_correct": true}}, {"model": "multilevel.option", "pk": 33, "fields": {"question": 30, "text": "B) Yanlış", "is_correct": false}}, {"model": "multilevel.option", "pk": 34, "fields": {"question": 30, "text": "C) Verilmemiş", "is_correct": false}}, {"model": "multilevel.option", "pk": 35, "fields": {"question": 31, "text": "A) Doğru", "is_correct": false}}, {"model": "multilevel.option", "pk": 36, "fields": {"question": 31, "text": "B) Yanlış", "is_correct": false}}, {"model": "multilevel.option", "pk": 37, "fields": {"question": 31, "text": "C) Verilmemiş", "is_correct": true}}, {"model": "multilevel.option", "pk": 38, "fields": {"question": 32, "text": "A) Doğru", "is_correct": false}}, {"model": "multilevel.option", "pk": 39, "fields": {"question": 32, "text": "B) Yanlış", "is_correct": true}}, {"model": "multilevel.option", "pk": 40, "fields": {"question": 32, "text": "C) Verilmemiş", "is_correct": false}}, {"model": "multilevel.option", "pk": 41, "fields": {"question": 33, "text": "A) Doğru", "is_correct": false}}, {"model": "multilevel.option", "pk": 42, "fields": {"question": 33, "text": "B) Yanlış", "is_correct": true}}, {"model": "multilevel.option", "pk": 43, "fields": {"question": 33, "text": "C) Verilmemiş", "is_correct": false}}, {"model": "multilevel.option", "pk": 44, "fields": {"question": 34, "text": "A) Doğru", "is_correct": true}}, {"model": "multilevel.option", "pk": 45, "fields": {"question": 34, "text": "B) Yanlış", "is_correct": false}}, {"model": "multilevel.option", "pk": 46, "fields": {"question": 34, "text": "C) Verilmemiş", "is_correct": false}}, {"model": "multilevel.option", "pk": 47, "fields": {"question": 35, "text": "A) Özbekistan’da temizlik, sadece fiziksel değil manevi bir anlam da taşır.", "is_correct": false}}, {"model": "multilevel.option", "pk": 48, "fields": {"question": 35, "text": "B) Misafirperverlik, Özbek aile yapısının en temel değerlerinden biridir.", "is_correct": false}}, {"model": "multilevel.option", "pk": 49, "fields": {"question": 35, "text": "C) Çocuklara büyüklere saygı öğretilmesi, yalnızca bayram günleriyle sınırlıdır.", "is_correct": true}}, {"model": "multilevel.option", "pk": 50, "fields": {"question": 35, "text": "D) Yardımlaşma, Özbek kültüründe ahlaki bir sorumluluk olarak görülür.", "is_correct": false}}, {"model": "multilevel.option", "pk": 51, "fields": {"question": 36, "text": "A) Çocuklara yardımlaşmanın değeri sıkça vurgulanır.", "is_correct": false}}, {"model": "multilevel.option", "pk": 52, "fields": {"question": 36, "text": "B) Misafirler, Özbek kültüründe Tanrı’nın bir lütfu olarak kabul edilir.", "is_correct": false}}, {"model": "multilevel.option", "pk": 53, "fields": {"question": 36, "text": "C) Çocuklar, büyüklerin sözlerini dinlememeye teşvik edilir.", "is_correct": true}}, {"model": "multilevel.option", "pk": 54, "fields": {"question": 36, "text": "D) Temizlik ve düzen, Özbek kültüründe önemli bir yere sahiptir.", "is_correct": false}}, {"model": "multilevel.option", "pk": 55, "fields": {"question": 37, "text": "A) Özbekistan’da çocuklar, toplumsal dayanışma için küçük yaşlardan itibaren eğitilir.", "is_correct": true}}, {"model": "multilevel.option", "pk": 56, "fields": {"question": 37, "text": "B) Özbek kültüründe misafirperverlik, sadece aile büyükleri tarafından uygulanır.", "is_correct": false}}, {"model": "multilevel.option", "pk": 57, "fields": {"question": 37, "text": "C) Temizlik ve düzen, sadece ev içinde önemsenir.", "is_correct": false}}, {"model": "multilevel.option", "pk": 58, "fields": {"question": 37, "text": "D) Büyüklere saygı, Özbek ailelerinde önemsenmeyen bir gelenektir.", "is_correct": false}}, {"model": "multilevel.option", "pk": 59, "fields": {"question": 38, "text": "A) A. paragraf", "is_correct": false}}, {"model": "multilevel.option", "pk": 60, "fields": {"question": 38, "text": "B) B. paragraf", "is_correct": false}}, {"model": "multilevel.option", "pk": 61, "fields": {"question": 38, "text": "C) C. paragraf", "is_correct": true}}, {"model": "multilevel.option", "pk": 62, "fields": {"question": 38, "text": "D) E. paragraf", "is_correct": false}}, {"model": "multilevel.option", "pk": 63, "fields": {"question": 39, "text": "A) A. paragraf", "is_correct": false}}, {"model": "multilevel.option", "pk": 64, "fields": {"question": 39, "text": "B) B. paragraf", "is_correct": false}}, {"model": "multilevel.option", "pk": 65, "fields": {"question": 39, "text": "C) E. paragraf", "is_correct": false}}, {"model": "multilevel.option", "pk": 66, "fields": {"question": 39, "text": "D) D. paragraf", "is_correct": true}}, {"model": "multilevel.option", "pk": 67, "fields": {"question": 40, "text": "A) B. paragraf", "is_correct": false}}, {"model": "multilevel.option", "pk": 68, "fields": {"question": 40, "text": "B) D. paragraf", "is_correct": false}}, {"model": "multilevel.option", "pk": 69, "fields": {"question": 40, "text": "C) C. paragraf", "is_correct": false}}, {"model": "multilevel.option", "pk": 70, "fields": {"question": 40, "text": "D) E. paragraf", "is_correct": true}}, {"model": "multilevel.option", "pk": 71, "fields": {"question": 41, "text": "A) Çünkü kitap çok sürükleyiciydi.", "is_correct": true}}, {"model": "multilevel.option", "pk": 72, "fields": {"question": 41, "text": "B) Kitabı daha önceden okumuştum ve hızlıca tekrar ettim.", "is_correct": false}}, {"model": "multilevel.option", "pk": 73, "fields": {"question": 41, "text": "C) Kitap kısa olduğu için zaman almadı.", "is_correct": false}}, {"model": "multilevel.option", "pk": 74, "fields": {"question": 42, "text": "A) Soruyu anlayamadığım için.", "is_correct": false}}, {"model": "multilevel.option", "pk": 75, "fields": {"question": 42, "text": "B) Daha önce bu konuyu hiç düşünmediğimden.", "is_correct": false}}, {"model": "multilevel.option", "pk": 76, "fields": {"question": 42, "text": "C) Çünkü oldukça karmaşık ve dikkat gerektiriyordu.", "is_correct": true}}, {"model": "multilevel.option", "pk": 77, "fields": {"question": 43, "text": "A) Teklif bana ilginç gelmedi.", "is_correct": false}}, {"model": "multilevel.option", "pk": 78, "fields": {"question": 43, "text": "B) Koşullar benim için uygun olmadığı için.", "is_correct": true}}, {"model": "multilevel.option", "pk": 79, "fields": {"question": 43, "text": "C) Teklifi değerlendirme fırsatım olmadı.", "is_correct": false}}, {"model": "multilevel.option", "pk": 80, "fields": {"question": 44, "text": "A) Doğru", "is_correct": true}}, {"model": "multilevel.option", "pk": 81, "fields": {"question": 44, "text": "B) Yanlış", "is_correct": false}}, {"model": "multilevel.option", "pk": 82, "fields": {"question": 45, "text": "A) Doğru", "is_correct": true}}, {"model": "multilevel.option", "pk": 83, "fields": {"question": 45, "text": "B) Yanlış", "is_correct": false}}, {"model": "multilevel.option", "pk": 84, "fields": {"question": 46, "text": "A) Doğru", "is_correct": false}}, {"model": "multilevel.option", "pk": 85, "fields": {"question": 46, "text": "B) Yanlış", "is_correct": true}}, {"model": "multilevel.option", "pk": 86, "fields": {"question": 47, "text": "A) Doğru", "is_correct": false}}, {"model": "multilevel.option", "pk": 87, "fields": {"question": 47, "text": "B) Yanlış", "is_correct": true}}, {"model": "multilevel.option", "pk": 88, "fields": {"question": 48, "text": "A) Doğru", "is_correct": false}}, {"model": "multilevel.option", "pk": 89, "fields": {"question": 48, "text": "B) Yanlış", "is_correct": true}}, {"model": "multilevel.option", "pk": 90, "fields": {"question": 49, "text": "A) Doğru", "is_correct": true}}, {"model": "multilevel.option", "pk": 91, "fields": {"question": 49, "text": "B) Yanlış", "is_correct": false}}, {"model": "multilevel.option", "pk": 92, "fields": {"question": 50, "text": "A) Şehir içi ulaşımda yaşanan aksaklıklar hakkında bilgi verilmiştir.", "is_correct": false}}, {"model": "multilevel.option", "pk": 93, "fields": {"question": 50, "text": "B) Yüksek hızlı tren seferlerinin durdurulduğuna dair duyuru yapılmıştır.", "is_correct": false}}, {"model": "multilevel.option", "pk": 94, "fields": {"question": 50, "text": "C) Kabin bagajı kurallarına uyulması gerektiği belirtilmiştir.", "is_correct": false}}, {"model": "multilevel.option", "pk": 95, "fields": {"question": 50, "text": "D) Kara yolu otobüs seferlerinin iptal edildiğine dair duyuru yapılmıştır.", "is_correct": true}}, {"model": "multilevel.option", "pk": 96, "fields": {"question": 50, "text": "E) Şehir içi ulaşım ücretleriyle ilgili değişiklik yapılmıştır.", "is_correct": false}}, {"model": "multilevel.option", "pk": 97, "fields": {"question": 50, "text": "F) Ulaşımda özel güvenlik önlemleri alınmasına dair bilgilendirme yapılmıştır.", "is_correct": false}}, {"model": "multilevel.option", "pk": 98, "fields": {"question": 51, "text": "A) Şehir içi ulaşımda yaşanan aksaklıklar hakkında bilgi verilmiştir.", "is_correct": true}}, {"model": "multilevel.option", "pk": 99, "fields": {"question": 51, "text": "B) Yüksek hızlı tren seferlerinin durdurulduğuna dair duyuru yapılmıştır.", "is_correct": false}}, {"model": "multilevel.option", "pk": 100, "fields": {"question": 51, "text": "C) Kabin bagajı kurallarına uyulması gerektiği belirtilmiştir.", "is_correct": false}}, {"model": "multilevel.option", "pk": 101, "fields": {"question": 51, "text": "D) Kara yolu otobüs seferlerinin iptal edildiğine dair duyuru yapılmıştır.", "is_correct": false}}, {"model": "multilevel.option", "pk": 102, "fields": {"question": 51, "text": "E) Şehir içi ulaşım ücretleriyle ilgili değişiklik yapılmıştır.", "is_correct": false}}, {"model": "multilevel.option", "pk": 103, "fields": {"question": 51, "text": "F) Ulaşımda özel güvenlik önlemleri alınmasına dair bilgilendirme yapılmıştır.", "is_correct": false}}, {"model": "multilevel.option", "pk": 104, "fields": {"question": 55, "text": "A) Şehir içi ulaşımda yaşanan aksaklıklar hakkında bilgi verilmiştir.", "is_correct": false}}, {"model": "multilevel.option", "pk": 105, "fields": {"question": 55, "text": "B) Yüksek hızlı tren seferlerinin durdurulduğuna dair duyuru yapılmıştır.", "is_correct": false}}, {"model": "multilevel.option", "pk": 106, "fields": {"question": 55, "text": "C) Kabin bagajı kurallarına uyulması gerektiği belirtilmiştir.", "is_correct": true}}, {"model": "multilevel.option", "pk": 107, "fields": {"question": 55, "text": "D) Kara yolu otobüs seferlerinin iptal edildiğine dair duyuru yapılmıştır.", "is_correct": false}}, {"model": "multilevel.option", "pk": 108, "fields": {"question": 55, "text": "E) Şehir içi ulaşım ücretleriyle ilgili değişiklik yapılmıştır.", "is_correct": false}}, {"model": "multilevel.option", "pk": 109, "fields": {"question": 55, "text": "F) Ulaşımda özel güvenlik önlemleri alınmasına dair bilgilendirme yapılmıştır.", "is_correct": false}}, {"model": "multilevel.option", "pk": 110, "fields": {"question": 56, "text": "A) Şehir içi ulaşımda yaşanan aksaklıklar hakkında bilgi verilmiştir.", "is_correct": false}}, {"model": "multilevel.option", "pk": 111, "fields": {"question": 56, "text": "B) Yüksek hızlı tren seferlerinin durdurulduğuna dair duyuru yapılmıştır.", "is_correct": true}}, {"model": "multilevel.option", "pk": 112, "fields": {"question": 56, "text": "C) Kabin bagajı kurallarına uyulması gerektiği belirtilmiştir.", "is_correct": false}}, {"model": "multilevel.option", "pk": 113, "fields": {"question": 56, "text": "D) Kara yolu otobüs seferlerinin iptal edildiğine dair duyuru yapılmıştır.", "is_correct": false}}, {"model": "multilevel.option", "pk": 114, "fields": {"question": 56, "text": "E) Şehir içi ulaşım ücretleriyle ilgili değişiklik yapılmıştır.", "is_correct": false}}, {"model": "multilevel.option", "pk": 115, "fields": {"question": 56, "text": "F) Ulaşımda özel güvenlik önlemleri alınmasına dair bilgilendirme yapılmıştır.", "is_correct": false}}, {"model": "multilevel.option", "pk": 116, "fields": {"question": 57, "text": "A", "is_correct": false}}, {"model": "multilevel.option", "pk": 117, "fields": {"question": 57, "text": "B", "is_correct": true}}, {"model": "multilevel.option", "pk": 118, "fields": {"question": 57, "text": "C", "is_correct": false}}, {"model": "multilevel.option", "pk": 119, "fields": {"question": 57, "text": "D", "is_correct": false}}, {"model": "multilevel.option", "pk": 120, "fields": {"question": 57, "text": "E", "is_correct": false}}, {"model": "multilevel.option", "pk": 121, "fields": {"question": 57, "text": "F", "is_correct": false}}, {"model": "multilevel.option", "pk": 122, "fields": {"question": 57, "text": "G", "is_correct": false}}, {"model": "multilevel.option", "pk": 123, "fields": {"question": 57, "text": "H", "is_correct": false}}, {"model": "multilevel.option", "pk": 124, "fields": {"question": 58, "text": "A", "is_correct": true}}, {"model": "multilevel.option", "pk": 125, "fields": {"question": 58, "text": "B", "is_correct": false}}, {"model": "multilevel.option", "pk": 126, "fields": {"question": 58, "text": "C", "is_correct": false}}, {"model": "multilevel.option", "pk": 127, "fields": {"question": 58, "text": "D", "is_correct": false}}, {"model": "multilevel.option", "pk": 128, "fields": {"question": 58, "text": "E", "is_correct": false}}, {"model": "multilevel.option", "pk": 129, "fields": {"question": 58, "text": "F", "is_correct": false}}, {"model": "multilevel.option", "pk": 130, "fields": {"question": 58, "text": "G", "is_correct": false}}, {"model": "multilevel.option", "pk": 131, "fields": {"question": 58, "text": "H", "is_correct": false}}, {"model": "multilevel.option", "pk": 132, "fields": {"question": 59, "text": "A", "is_correct": false}}, {"model": "multilevel.option", "pk": 133, "fields": {"question": 59, "text": "B", "is_correct": false}}, {"model": "multilevel.option", "pk": 134, "fields": {"question": 59, "text": "C", "is_correct": true}}, {"model": "multilevel.option", "pk": 135, "fields": {"question": 59, "text": "D", "is_correct": false}}, {"model": "multilevel.option", "pk": 136, "fields": {"question": 59, "text": "E", "is_correct": false}}, {"model": "multilevel.option", "pk": 137, "fields": {"question": 59, "text": "F", "is_correct": false}}, {"model": "multilevel.option", "pk": 138, "fields": {"question": 59, "text": "G", "is_correct": false}}, {"model": "multilevel.option", "pk": 139, "fields": {"question": 59, "text": "H", "is_correct": false}}, {"model": "multilevel.option", "pk": 140, "fields": {"question": 60, "text": "A", "is_correct": false}}, {"model": "multilevel.option", "pk": 141, "fields": {"question": 60, "text": "B", "is_correct": false}}, {"model": "multilevel.option", "pk": 142, "fields": {"question": 60, "text": "C", "is_correct": false}}, {"model": "multilevel.option", "pk": 143, "fields": {"question": 60, "text": "D", "is_correct": false}}, {"model": "multilevel.option", "pk": 144, "fields": {"question": 60, "text": "E", "is_correct": true}}, {"model": "multilevel.option", "pk": 145, "fields": {"question": 60, "text": "F", "is_correct": false}}, {"model": "multilevel.option", "pk": 146, "fields": {"question": 60, "text": "G", "is_correct": false}}, {"model": "multilevel.option", "pk": 147, "fields": {"question": 60, "text": "H", "is_correct": false}}, {"model": "multilevel.option", "pk": 148, "fields": {"question": 61, "text": "A", "is_correct": false}}, {"model": "multilevel.option", "pk": 149, "fields": {"question": 61, "text": "B", "is_correct": false}}, {"model": "multilevel.option", "pk": 150, "fields": {"question": 61, "text": "C", "is_correct": false}}, {"model": "multilevel.option", "pk": 151, "fields": {"question": 61, "text": "D", "is_correct": false}}, {"model": "multilevel.option", "pk": 152, "fields": {"question": 61, "text": "E", "is_correct": false}}, {"model": "multilevel.option", "pk": 153, "fields": {"question": 61, "text": "F", "is_correct": false}}, {"model": "multilevel.option", "pk": 154, "fields": {"question": 61, "text": "G", "is_correct": true}}, {"model": "multilevel.option", "pk": 155, "fields": {"question": 61, "text": "H", "is_correct": false}}, {"model": "multilevel.option", "pk": 156, "fields": {"question": 62, "text": "A) Her ikisi de farklı alanlarda araştırma yapıyor ve kaynak bulmakta zorlanıyor.", "is_correct": true}}, {"model": "multilevel.option", "pk": 157, "fields": {"question": 62, "text": "B) Mahleraym sosyoloji üzerine çalışırken, Aziza bilimsel bir makale yazıyor.", "is_correct": false}}, {"model": "multilevel.option", "pk": 158, "fields": {"question": 62, "text": "C) Her ikisi de bireysel çalışmayı tercih ediyor ve fikir paylaşımı yapmıyor.", "is_correct": false}}, {"model": "multilevel.option", "pk": 159, "fields": {"question": 63, "text": "A) Öncelikle fiziksel kaynaklardan çalışmaya başlar.", "is_correct": false}}, {"model": "multilevel.option", "pk": 160, "fields": {"question": 63, "text": "B) Çevrimiçi arşivlere ve indekslere öncelik verir.", "is_correct": true}}, {"model": "multilevel.option", "pk": 161, "fields": {"question": 63, "text": "C) Çalışmalarını genellikle grup çalışmalarıyla yapar.", "is_correct": false}}, {"model": "multilevel.option", "pk": 162, "fields": {"question": 64, "text": "A) Yalnızca çevrimiçi derslere katılmak.", "is_correct": false}}, {"model": "multilevel.option", "pk": 163, "fields": {"question": 64, "text": "B) Dil bilgisi öğrenimine tamamen odaklanmak.", "is_correct": false}}, {"model": "multilevel.option", "pk": 164, "fields": {"question": 64, "text": "C) Şarkılar dinlemek ve konuşma pratiği yapmak.", "is_correct": true}}, {"model": "multilevel.option", "pk": 165, "fields": {"question": 65, "text": "A) Derslerin yetersiz olduğunu düşünmektedir.", "is_correct": false}}, {"model": "multilevel.option", "pk": 166, "fields": {"question": 65, "text": "B) Derslerin öğretmenleri etkili bulmaktadır.", "is_correct": true}}, {"model": "multilevel.option", "pk": 167, "fields": {"question": 65, "text": "C) Derslerin tamamını sıkıcı bulmaktadır.", "is_correct": false}}, {"model": "multilevel.option", "pk": 168, "fields": {"question": 66, "text": "A) Dinleme ve okuma bölümleri.", "is_correct": false}}, {"model": "multilevel.option", "pk": 169, "fields": {"question": 66, "text": "B) Sadece konuşma bölümü.", "is_correct": false}}, {"model": "multilevel.option", "pk": 170, "fields": {"question": 66, "text": "C) Okuma ve yazma bölümleri.", "is_correct": true}}, {"model": "multilevel.option", "pk": 171, "fields": {"question": 67, "text": "A) Kitap okuyarak kelime sıralamasını öğrenmek ve deneme sınavlarına katılmak.", "is_correct": true}}, {"model": "multilevel.option", "pk": 172, "fields": {"question": 67, "text": "B) Yalnızca konuşma pratiği yapmak.", "is_correct": false}}, {"model": "multilevel.option", "pk": 173, "fields": {"question": 67, "text": "C) Sadece öğretmenlerle çalışmak.", "is_correct": false}}, {"model": "multilevel.option", "pk": 174, "fields": {"question": 68, "text": "A) Nektarı peteklere bırakarak", "is_correct": false}}, {"model": "multilevel.option", "pk": 175, "fields": {"question": 68, "text": "B) Çiçeklerden nektar toplayarak", "is_correct": true}}, {"model": "multilevel.option", "pk": 176, "fields": {"question": 68, "text": "C) Balmumu üreterek", "is_correct": false}}, {"model": "multilevel.option", "pk": 177, "fields": {"question": 69, "text": "A) Kanat çırparak nektarın yoğunlaşmasını sağlamak", "is_correct": true}}, {"model": "multilevel.option", "pk": 178, "fields": {"question": 69, "text": "B) Nektarı doğrudan tüketmek", "is_correct": false}}, {"model": "multilevel.option", "pk": 179, "fields": {"question": 69, "text": "C) Balmumuyla petekleri kapatmak", "is_correct": false}}, {"model": "multilevel.option", "pk": 180, "fields": {"question": 70, "text": "A) Bal ürettikleri için", "is_correct": false}}, {"model": "multilevel.option", "pk": 181, "fields": {"question": 70, "text": "B) Çiçeklerin tozlaşmasını sağladıkları için", "is_correct": true}}, {"model": "multilevel.option", "pk": 182, "fields": {"question": 70, "text": "C) Petek gözlerini balmumuyla kapladıkları için", "is_correct": false}}, {"model": "multilevel.option", "pk": 183, "fields": {"question": 71, "text": "A) Bir arı, ömrü boyunca bir çay kaşığı kadar bal üretir.", "is_correct": false}}, {"model": "multilevel.option", "pk": 184, "fields": {"question": 71, "text": "B) Arılar, nektarı enzimlerle karıştırarak bal haline getirir.", "is_correct": false}}, {"model": "multilevel.option", "pk": 185, "fields": {"question": 71, "text": "C) Bal yapımı sırasında arılar sadece kovan içinde çalışır.", "is_correct": true}}, {"model": "multilevel.option", "pk": 186, "fields": {"question": 72, "text": "A) Nektarın su içeriğinin azaltılmasına", "is_correct": false}}, {"model": "multilevel.option", "pk": 187, "fields": {"question": 72, "text": "B) Balmumunun balın korunmasındaki rolüne", "is_correct": false}}, {"model": "multilevel.option", "pk": 188, "fields": {"question": 72, "text": "C) İnsanların arılarla kurduğu ilişkiye", "is_correct": true}}, {"model": "multilevel.option", "pk": 189, "fields": {"question": 73, "text": "A) Enzimlerle nektarı kimyasal olarak dönüştürmek", "is_correct": true}}, {"model": "multilevel.option", "pk": 190, "fields": {"question": 73, "text": "B) Balmumu üreterek nektarı kaplamak", "is_correct": false}}, {"model": "multilevel.option", "pk": 191, "fields": {"question": 73, "text": "C) Kanat çırparak nektarı doğrudan tüketmek", "is_correct": false}}, {"model": "main.language", "pk": 2, "fields": {"name": "TR", "picture": "", "flag": "🇹🇷"}}, {"model": "payment.userbalance", "pk": 1, "fields": {"user": 2, "balance": 0}}, {"model": "payment.userbalance", "pk": 2, "fields": {"user": 3, "balance": 0}}, {"model": "payment.userbalance", "pk": 3, "fields": {"user": 1, "balance": 0}}, {"model": "payment.userbalance", "pk": 4, "fields": {"user": 6, "balance": 0}}, {"model": "payment.userbalance", "pk": 5, "fields": {"user": 7, "balance": 0}}, {"model": "payment.balancetransaction", "pk": 1, "fields": {"user": 2, "amount": 10, "transaction_type": "topup", "description": "Payme orqali to'ldirish kutilmoqda", "created_at": "2025-05-10T11:55:08.971Z"}}, {"model": "payment.balancetransaction", "pk": 2, "fields": {"user": 1, "amount": 10, "transaction_type": "topup", "description": "Payme orqali to'ldirish kutilmoqda", "created_at": "2025-06-19T12:41:38.144Z"}}]