--
-- PostgreSQL database dump
--

-- Dumped from database version 14.17 (Ubuntu 14.17-0ubuntu0.22.04.1)
-- Dumped by pg_dump version 14.17 (Ubuntu 14.17-0ubuntu0.22.04.1)

SET statement_timeout = 0;
SET lock_timeout = 0;
SET idle_in_transaction_session_timeout = 0;
SET client_encoding = 'UTF8';
SET standard_conforming_strings = on;
SELECT pg_catalog.set_config('search_path', '', false);
SET check_function_bodies = false;
SET xmloption = content;
SET client_min_messages = warning;
SET row_security = off;

SET default_tablespace = '';

SET default_table_access_method = heap;

--
-- Name: auth_group; Type: TABLE; Schema: public; Owner: turan_user
--

CREATE TABLE public.auth_group (
    id integer NOT NULL,
    name character varying(150) NOT NULL
);


ALTER TABLE public.auth_group OWNER TO turan_user;

--
-- Name: auth_group_id_seq; Type: SEQUENCE; Schema: public; Owner: turan_user
--

ALTER TABLE public.auth_group ALTER COLUMN id ADD GENERATED BY DEFAULT AS IDENTITY (
    SEQUENCE NAME public.auth_group_id_seq
    START WITH 1
    INCREMENT BY 1
    NO MINVALUE
    NO MAXVALUE
    CACHE 1
);


--
-- Name: auth_group_permissions; Type: TABLE; Schema: public; Owner: turan_user
--

CREATE TABLE public.auth_group_permissions (
    id bigint NOT NULL,
    group_id integer NOT NULL,
    permission_id integer NOT NULL
);


ALTER TABLE public.auth_group_permissions OWNER TO turan_user;

--
-- Name: auth_group_permissions_id_seq; Type: SEQUENCE; Schema: public; Owner: turan_user
--

ALTER TABLE public.auth_group_permissions ALTER COLUMN id ADD GENERATED BY DEFAULT AS IDENTITY (
    SEQUENCE NAME public.auth_group_permissions_id_seq
    START WITH 1
    INCREMENT BY 1
    NO MINVALUE
    NO MAXVALUE
    CACHE 1
);


--
-- Name: auth_permission; Type: TABLE; Schema: public; Owner: turan_user
--

CREATE TABLE public.auth_permission (
    id integer NOT NULL,
    name character varying(255) NOT NULL,
    content_type_id integer NOT NULL,
    codename character varying(100) NOT NULL
);


ALTER TABLE public.auth_permission OWNER TO turan_user;

--
-- Name: auth_permission_id_seq; Type: SEQUENCE; Schema: public; Owner: turan_user
--

ALTER TABLE public.auth_permission ALTER COLUMN id ADD GENERATED BY DEFAULT AS IDENTITY (
    SEQUENCE NAME public.auth_permission_id_seq
    START WITH 1
    INCREMENT BY 1
    NO MINVALUE
    NO MAXVALUE
    CACHE 1
);


--
-- Name: common_versionhistory; Type: TABLE; Schema: public; Owner: turan_user
--

CREATE TABLE public.common_versionhistory (
    id bigint NOT NULL,
    created_at timestamp with time zone NOT NULL,
    updated_at timestamp with time zone NOT NULL,
    version character varying(64) NOT NULL,
    required boolean NOT NULL
);


ALTER TABLE public.common_versionhistory OWNER TO turan_user;

--
-- Name: common_versionhistory_id_seq; Type: SEQUENCE; Schema: public; Owner: turan_user
--

ALTER TABLE public.common_versionhistory ALTER COLUMN id ADD GENERATED BY DEFAULT AS IDENTITY (
    SEQUENCE NAME public.common_versionhistory_id_seq
    START WITH 1
    INCREMENT BY 1
    NO MINVALUE
    NO MAXVALUE
    CACHE 1
);


--
-- Name: django_admin_log; Type: TABLE; Schema: public; Owner: turan_user
--

CREATE TABLE public.django_admin_log (
    id integer NOT NULL,
    action_time timestamp with time zone NOT NULL,
    object_id text,
    object_repr character varying(200) NOT NULL,
    action_flag smallint NOT NULL,
    change_message text NOT NULL,
    content_type_id integer,
    user_id bigint NOT NULL,
    CONSTRAINT django_admin_log_action_flag_check CHECK ((action_flag >= 0))
);


ALTER TABLE public.django_admin_log OWNER TO turan_user;

--
-- Name: django_admin_log_id_seq; Type: SEQUENCE; Schema: public; Owner: turan_user
--

ALTER TABLE public.django_admin_log ALTER COLUMN id ADD GENERATED BY DEFAULT AS IDENTITY (
    SEQUENCE NAME public.django_admin_log_id_seq
    START WITH 1
    INCREMENT BY 1
    NO MINVALUE
    NO MAXVALUE
    CACHE 1
);


--
-- Name: django_content_type; Type: TABLE; Schema: public; Owner: turan_user
--

CREATE TABLE public.django_content_type (
    id integer NOT NULL,
    app_label character varying(100) NOT NULL,
    model character varying(100) NOT NULL
);


ALTER TABLE public.django_content_type OWNER TO turan_user;

--
-- Name: django_content_type_id_seq; Type: SEQUENCE; Schema: public; Owner: turan_user
--

ALTER TABLE public.django_content_type ALTER COLUMN id ADD GENERATED BY DEFAULT AS IDENTITY (
    SEQUENCE NAME public.django_content_type_id_seq
    START WITH 1
    INCREMENT BY 1
    NO MINVALUE
    NO MAXVALUE
    CACHE 1
);


--
-- Name: django_migrations; Type: TABLE; Schema: public; Owner: turan_user
--

CREATE TABLE public.django_migrations (
    id bigint NOT NULL,
    app character varying(255) NOT NULL,
    name character varying(255) NOT NULL,
    applied timestamp with time zone NOT NULL
);


ALTER TABLE public.django_migrations OWNER TO turan_user;

--
-- Name: django_migrations_id_seq; Type: SEQUENCE; Schema: public; Owner: turan_user
--

ALTER TABLE public.django_migrations ALTER COLUMN id ADD GENERATED BY DEFAULT AS IDENTITY (
    SEQUENCE NAME public.django_migrations_id_seq
    START WITH 1
    INCREMENT BY 1
    NO MINVALUE
    NO MAXVALUE
    CACHE 1
);


--
-- Name: django_session; Type: TABLE; Schema: public; Owner: turan_user
--

CREATE TABLE public.django_session (
    session_key character varying(40) NOT NULL,
    session_data text NOT NULL,
    expire_date timestamp with time zone NOT NULL
);


ALTER TABLE public.django_session OWNER TO turan_user;

--
-- Name: main_language; Type: TABLE; Schema: public; Owner: turan_user
--

CREATE TABLE public.main_language (
    id bigint NOT NULL,
    name character varying(100) NOT NULL,
    picture character varying(100),
    flag character varying(8) NOT NULL
);


ALTER TABLE public.main_language OWNER TO turan_user;

--
-- Name: main_language_id_seq; Type: SEQUENCE; Schema: public; Owner: turan_user
--

ALTER TABLE public.main_language ALTER COLUMN id ADD GENERATED BY DEFAULT AS IDENTITY (
    SEQUENCE NAME public.main_language_id_seq
    START WITH 1
    INCREMENT BY 1
    NO MINVALUE
    NO MAXVALUE
    CACHE 1
);


--
-- Name: multilevel_exam; Type: TABLE; Schema: public; Owner: turan_user
--

CREATE TABLE public.multilevel_exam (
    id bigint NOT NULL,
    title character varying(150) NOT NULL,
    description text,
    level character varying(20) NOT NULL,
    price integer NOT NULL,
    language_id bigint
);


ALTER TABLE public.multilevel_exam OWNER TO turan_user;

--
-- Name: multilevel_exam_id_seq; Type: SEQUENCE; Schema: public; Owner: turan_user
--

ALTER TABLE public.multilevel_exam ALTER COLUMN id ADD GENERATED BY DEFAULT AS IDENTITY (
    SEQUENCE NAME public.multilevel_exam_id_seq
    START WITH 1
    INCREMENT BY 1
    NO MINVALUE
    NO MAXVALUE
    CACHE 1
);


--
-- Name: multilevel_option; Type: TABLE; Schema: public; Owner: turan_user
--

CREATE TABLE public.multilevel_option (
    id bigint NOT NULL,
    text character varying(255) NOT NULL,
    is_correct boolean NOT NULL,
    question_id bigint NOT NULL
);


ALTER TABLE public.multilevel_option OWNER TO turan_user;

--
-- Name: multilevel_option_id_seq; Type: SEQUENCE; Schema: public; Owner: turan_user
--

ALTER TABLE public.multilevel_option ALTER COLUMN id ADD GENERATED BY DEFAULT AS IDENTITY (
    SEQUENCE NAME public.multilevel_option_id_seq
    START WITH 1
    INCREMENT BY 1
    NO MINVALUE
    NO MAXVALUE
    CACHE 1
);


--
-- Name: multilevel_question; Type: TABLE; Schema: public; Owner: turan_user
--

CREATE TABLE public.multilevel_question (
    id bigint NOT NULL,
    text text NOT NULL,
    picture character varying(100),
    answer character varying(150),
    has_options boolean NOT NULL,
    test_id bigint NOT NULL,
    preparation_time smallint,
    response_time smallint,
    CONSTRAINT multilevel_question_preparation_time_check CHECK ((preparation_time >= 0)),
    CONSTRAINT multilevel_question_response_time_check CHECK ((response_time >= 0))
);


ALTER TABLE public.multilevel_question OWNER TO turan_user;

--
-- Name: multilevel_question_id_seq; Type: SEQUENCE; Schema: public; Owner: turan_user
--

ALTER TABLE public.multilevel_question ALTER COLUMN id ADD GENERATED BY DEFAULT AS IDENTITY (
    SEQUENCE NAME public.multilevel_question_id_seq
    START WITH 1
    INCREMENT BY 1
    NO MINVALUE
    NO MAXVALUE
    CACHE 1
);


--
-- Name: multilevel_section; Type: TABLE; Schema: public; Owner: turan_user
--

CREATE TABLE public.multilevel_section (
    id bigint NOT NULL,
    type character varying(20) NOT NULL,
    title character varying(150) NOT NULL,
    description text,
    duration smallint NOT NULL,
    exam_id bigint,
    CONSTRAINT multilevel_section_duration_check CHECK ((duration >= 0))
);


ALTER TABLE public.multilevel_section OWNER TO turan_user;

--
-- Name: multilevel_section_id_seq; Type: SEQUENCE; Schema: public; Owner: turan_user
--

ALTER TABLE public.multilevel_section ALTER COLUMN id ADD GENERATED BY DEFAULT AS IDENTITY (
    SEQUENCE NAME public.multilevel_section_id_seq
    START WITH 1
    INCREMENT BY 1
    NO MINVALUE
    NO MAXVALUE
    CACHE 1
);


--
-- Name: multilevel_test; Type: TABLE; Schema: public; Owner: turan_user
--

CREATE TABLE public.multilevel_test (
    id bigint NOT NULL,
    title character varying(150),
    description text,
    picture character varying(100),
    audio character varying(100),
    text_title character varying(255),
    text text,
    sample text,
    constraints text,
    "order" smallint NOT NULL,
    section_id bigint NOT NULL,
    options_array text,
    CONSTRAINT multilevel_test_order_check CHECK (("order" >= 0))
);


ALTER TABLE public.multilevel_test OWNER TO turan_user;

--
-- Name: multilevel_test_id_seq; Type: SEQUENCE; Schema: public; Owner: turan_user
--

ALTER TABLE public.multilevel_test ALTER COLUMN id ADD GENERATED BY DEFAULT AS IDENTITY (
    SEQUENCE NAME public.multilevel_test_id_seq
    START WITH 1
    INCREMENT BY 1
    NO MINVALUE
    NO MAXVALUE
    CACHE 1
);


--
-- Name: multilevel_testresult; Type: TABLE; Schema: public; Owner: turan_user
--

CREATE TABLE public.multilevel_testresult (
    id bigint NOT NULL,
    status character varying(20) NOT NULL,
    score smallint NOT NULL,
    start_time timestamp with time zone NOT NULL,
    end_time timestamp with time zone,
    section_id bigint NOT NULL,
    user_test_id bigint NOT NULL,
    created_at timestamp with time zone NOT NULL,
    CONSTRAINT multilevel_testresult_score_check CHECK ((score >= 0))
);


ALTER TABLE public.multilevel_testresult OWNER TO turan_user;

--
-- Name: multilevel_testresult_id_seq; Type: SEQUENCE; Schema: public; Owner: turan_user
--

ALTER TABLE public.multilevel_testresult ALTER COLUMN id ADD GENERATED BY DEFAULT AS IDENTITY (
    SEQUENCE NAME public.multilevel_testresult_id_seq
    START WITH 1
    INCREMENT BY 1
    NO MINVALUE
    NO MAXVALUE
    CACHE 1
);


--
-- Name: multilevel_useranswer; Type: TABLE; Schema: public; Owner: turan_user
--

CREATE TABLE public.multilevel_useranswer (
    id bigint NOT NULL,
    is_correct boolean NOT NULL,
    question_id bigint NOT NULL,
    user_answer character varying(200),
    user_option_id bigint,
    test_result_id bigint NOT NULL
);


ALTER TABLE public.multilevel_useranswer OWNER TO turan_user;

--
-- Name: multilevel_useranswer_id_seq; Type: SEQUENCE; Schema: public; Owner: turan_user
--

ALTER TABLE public.multilevel_useranswer ALTER COLUMN id ADD GENERATED BY DEFAULT AS IDENTITY (
    SEQUENCE NAME public.multilevel_useranswer_id_seq
    START WITH 1
    INCREMENT BY 1
    NO MINVALUE
    NO MAXVALUE
    CACHE 1
);


--
-- Name: multilevel_usertest; Type: TABLE; Schema: public; Owner: turan_user
--

CREATE TABLE public.multilevel_usertest (
    id bigint NOT NULL,
    created_at timestamp with time zone NOT NULL,
    user_id bigint NOT NULL,
    payment_status character varying(20) NOT NULL,
    score smallint NOT NULL,
    status character varying(20) NOT NULL,
    language_id bigint,
    updated_at timestamp with time zone NOT NULL,
    exam_id bigint NOT NULL,
    transaction_id character varying(100),
    CONSTRAINT multilevel_usertest_score_910af8a3_check CHECK ((score >= 0))
);


ALTER TABLE public.multilevel_usertest OWNER TO turan_user;

--
-- Name: multilevel_usertest_id_seq; Type: SEQUENCE; Schema: public; Owner: turan_user
--

ALTER TABLE public.multilevel_usertest ALTER COLUMN id ADD GENERATED BY DEFAULT AS IDENTITY (
    SEQUENCE NAME public.multilevel_usertest_id_seq
    START WITH 1
    INCREMENT BY 1
    NO MINVALUE
    NO MAXVALUE
    CACHE 1
);


--
-- Name: payme_transactions; Type: TABLE; Schema: public; Owner: turan_user
--

CREATE TABLE public.payme_transactions (
    id bigint NOT NULL,
    transaction_id character varying(50) NOT NULL,
    account_id bigint NOT NULL,
    amount numeric(10,2) NOT NULL,
    state integer NOT NULL,
    cancel_reason integer,
    created_at timestamp with time zone NOT NULL,
    updated_at timestamp with time zone NOT NULL,
    performed_at timestamp with time zone,
    cancelled_at timestamp with time zone,
    fiscal_data jsonb NOT NULL
);


ALTER TABLE public.payme_transactions OWNER TO turan_user;

--
-- Name: payme_transactions_id_seq; Type: SEQUENCE; Schema: public; Owner: turan_user
--

ALTER TABLE public.payme_transactions ALTER COLUMN id ADD GENERATED BY DEFAULT AS IDENTITY (
    SEQUENCE NAME public.payme_transactions_id_seq
    START WITH 1
    INCREMENT BY 1
    NO MINVALUE
    NO MAXVALUE
    CACHE 1
);


--
-- Name: payment_balancetransaction; Type: TABLE; Schema: public; Owner: turan_user
--

CREATE TABLE public.payment_balancetransaction (
    id bigint NOT NULL,
    amount integer NOT NULL,
    transaction_type character varying(10) NOT NULL,
    description character varying(255) NOT NULL,
    created_at timestamp with time zone NOT NULL,
    user_id bigint NOT NULL
);


ALTER TABLE public.payment_balancetransaction OWNER TO turan_user;

--
-- Name: payment_balancetransaction_id_seq; Type: SEQUENCE; Schema: public; Owner: turan_user
--

ALTER TABLE public.payment_balancetransaction ALTER COLUMN id ADD GENERATED BY DEFAULT AS IDENTITY (
    SEQUENCE NAME public.payment_balancetransaction_id_seq
    START WITH 1
    INCREMENT BY 1
    NO MINVALUE
    NO MAXVALUE
    CACHE 1
);


--
-- Name: payment_exampayment; Type: TABLE; Schema: public; Owner: turan_user
--

CREATE TABLE public.payment_exampayment (
    id bigint NOT NULL,
    exam_id bigint NOT NULL,
    user_id bigint NOT NULL,
    is_paid boolean NOT NULL,
    payment_method character varying(50) NOT NULL,
    amount integer NOT NULL,
    created_at timestamp with time zone NOT NULL,
    updated_at date NOT NULL
);


ALTER TABLE public.payment_exampayment OWNER TO turan_user;

--
-- Name: payment_exampayment_id_seq; Type: SEQUENCE; Schema: public; Owner: turan_user
--

ALTER TABLE public.payment_exampayment ALTER COLUMN id ADD GENERATED BY DEFAULT AS IDENTITY (
    SEQUENCE NAME public.payment_exampayment_id_seq
    START WITH 1
    INCREMENT BY 1
    NO MINVALUE
    NO MAXVALUE
    CACHE 1
);


--
-- Name: payment_userbalance; Type: TABLE; Schema: public; Owner: turan_user
--

CREATE TABLE public.payment_userbalance (
    id bigint NOT NULL,
    balance integer NOT NULL,
    user_id bigint NOT NULL
);


ALTER TABLE public.payment_userbalance OWNER TO turan_user;

--
-- Name: payment_userbalance_id_seq; Type: SEQUENCE; Schema: public; Owner: turan_user
--

ALTER TABLE public.payment_userbalance ALTER COLUMN id ADD GENERATED BY DEFAULT AS IDENTITY (
    SEQUENCE NAME public.payment_userbalance_id_seq
    START WITH 1
    INCREMENT BY 1
    NO MINVALUE
    NO MAXVALUE
    CACHE 1
);


--
-- Name: users_country; Type: TABLE; Schema: public; Owner: turan_user
--

CREATE TABLE public.users_country (
    id bigint NOT NULL,
    name character varying(50) NOT NULL
);


ALTER TABLE public.users_country OWNER TO turan_user;

--
-- Name: users_country_id_seq; Type: SEQUENCE; Schema: public; Owner: turan_user
--

ALTER TABLE public.users_country ALTER COLUMN id ADD GENERATED BY DEFAULT AS IDENTITY (
    SEQUENCE NAME public.users_country_id_seq
    START WITH 1
    INCREMENT BY 1
    NO MINVALUE
    NO MAXVALUE
    CACHE 1
);


--
-- Name: users_region; Type: TABLE; Schema: public; Owner: turan_user
--

CREATE TABLE public.users_region (
    id bigint NOT NULL,
    name character varying(50) NOT NULL,
    country_id bigint NOT NULL
);


ALTER TABLE public.users_region OWNER TO turan_user;

--
-- Name: users_region_id_seq; Type: SEQUENCE; Schema: public; Owner: turan_user
--

ALTER TABLE public.users_region ALTER COLUMN id ADD GENERATED BY DEFAULT AS IDENTITY (
    SEQUENCE NAME public.users_region_id_seq
    START WITH 1
    INCREMENT BY 1
    NO MINVALUE
    NO MAXVALUE
    CACHE 1
);


--
-- Name: users_user; Type: TABLE; Schema: public; Owner: turan_user
--

CREATE TABLE public.users_user (
    id bigint NOT NULL,
    password character varying(128) NOT NULL,
    last_login timestamp with time zone,
    is_superuser boolean NOT NULL,
    first_name character varying(150) NOT NULL,
    last_name character varying(150) NOT NULL,
    email character varying(254),
    is_staff boolean NOT NULL,
    is_active boolean NOT NULL,
    date_joined timestamp with time zone NOT NULL,
    created_at timestamp with time zone NOT NULL,
    balance double precision NOT NULL,
    phone character varying(30),
    region_id bigint,
    language_id bigint,
    picture character varying(100),
    gender character varying(10)
);


ALTER TABLE public.users_user OWNER TO turan_user;

--
-- Name: users_user_groups; Type: TABLE; Schema: public; Owner: turan_user
--

CREATE TABLE public.users_user_groups (
    id bigint NOT NULL,
    user_id bigint NOT NULL,
    group_id integer NOT NULL
);


ALTER TABLE public.users_user_groups OWNER TO turan_user;

--
-- Name: users_user_groups_id_seq; Type: SEQUENCE; Schema: public; Owner: turan_user
--

ALTER TABLE public.users_user_groups ALTER COLUMN id ADD GENERATED BY DEFAULT AS IDENTITY (
    SEQUENCE NAME public.users_user_groups_id_seq
    START WITH 1
    INCREMENT BY 1
    NO MINVALUE
    NO MAXVALUE
    CACHE 1
);


--
-- Name: users_user_id_seq; Type: SEQUENCE; Schema: public; Owner: turan_user
--

ALTER TABLE public.users_user ALTER COLUMN id ADD GENERATED BY DEFAULT AS IDENTITY (
    SEQUENCE NAME public.users_user_id_seq
    START WITH 1
    INCREMENT BY 1
    NO MINVALUE
    NO MAXVALUE
    CACHE 1
);


--
-- Name: users_user_user_permissions; Type: TABLE; Schema: public; Owner: turan_user
--

CREATE TABLE public.users_user_user_permissions (
    id bigint NOT NULL,
    user_id bigint NOT NULL,
    permission_id integer NOT NULL
);


ALTER TABLE public.users_user_user_permissions OWNER TO turan_user;

--
-- Name: users_user_user_permissions_id_seq; Type: SEQUENCE; Schema: public; Owner: turan_user
--

ALTER TABLE public.users_user_user_permissions ALTER COLUMN id ADD GENERATED BY DEFAULT AS IDENTITY (
    SEQUENCE NAME public.users_user_user_permissions_id_seq
    START WITH 1
    INCREMENT BY 1
    NO MINVALUE
    NO MAXVALUE
    CACHE 1
);


--
-- Name: users_verificationcode; Type: TABLE; Schema: public; Owner: turan_user
--

CREATE TABLE public.users_verificationcode (
    id bigint NOT NULL,
    code character varying(6) NOT NULL,
    created_at timestamp with time zone NOT NULL,
    expires_at timestamp with time zone NOT NULL,
    is_used boolean NOT NULL,
    user_id bigint NOT NULL
);


ALTER TABLE public.users_verificationcode OWNER TO turan_user;

--
-- Name: users_verificationcode_id_seq; Type: SEQUENCE; Schema: public; Owner: turan_user
--

ALTER TABLE public.users_verificationcode ALTER COLUMN id ADD GENERATED BY DEFAULT AS IDENTITY (
    SEQUENCE NAME public.users_verificationcode_id_seq
    START WITH 1
    INCREMENT BY 1
    NO MINVALUE
    NO MAXVALUE
    CACHE 1
);


--
-- Data for Name: auth_group; Type: TABLE DATA; Schema: public; Owner: turan_user
--

COPY public.auth_group (id, name) FROM stdin;
\.


--
-- Data for Name: auth_group_permissions; Type: TABLE DATA; Schema: public; Owner: turan_user
--

COPY public.auth_group_permissions (id, group_id, permission_id) FROM stdin;
\.


--
-- Data for Name: auth_permission; Type: TABLE DATA; Schema: public; Owner: turan_user
--

COPY public.auth_permission (id, name, content_type_id, codename) FROM stdin;
1	Can add log entry	1	add_logentry
2	Can change log entry	1	change_logentry
3	Can delete log entry	1	delete_logentry
4	Can view log entry	1	view_logentry
5	Can add permission	2	add_permission
6	Can change permission	2	change_permission
7	Can delete permission	2	delete_permission
8	Can view permission	2	view_permission
9	Can add group	3	add_group
10	Can change group	3	change_group
11	Can delete group	3	delete_group
12	Can view group	3	view_group
13	Can add content type	4	add_contenttype
14	Can change content type	4	change_contenttype
15	Can delete content type	4	delete_contenttype
16	Can view content type	4	view_contenttype
17	Can add session	5	add_session
18	Can change session	5	change_session
19	Can delete session	5	delete_session
20	Can view session	5	view_session
21	Can add Version history	6	add_versionhistory
22	Can change Version history	6	change_versionhistory
23	Can delete Version history	6	delete_versionhistory
24	Can view Version history	6	view_versionhistory
25	Can add user	7	add_user
26	Can change user	7	change_user
27	Can delete user	7	delete_user
28	Can view user	7	view_user
29	Can add country	8	add_country
30	Can change country	8	change_country
31	Can delete country	8	delete_country
32	Can view country	8	view_country
33	Can add region	9	add_region
34	Can change region	9	change_region
35	Can delete region	9	delete_region
36	Can view region	9	view_region
37	Can add verification code	10	add_verificationcode
38	Can change verification code	10	change_verificationcode
39	Can delete verification code	10	delete_verificationcode
40	Can view verification code	10	view_verificationcode
41	Can add Foydalanuvchi testi	11	add_usertest
42	Can change Foydalanuvchi testi	11	change_usertest
43	Can delete Foydalanuvchi testi	11	delete_usertest
44	Can view Foydalanuvchi testi	11	view_usertest
45	Can add Test	12	add_test
46	Can change Test	12	change_test
47	Can delete Test	12	delete_test
48	Can view Test	12	view_test
49	Can add Savol	13	add_question
50	Can change Savol	13	change_question
51	Can delete Savol	13	delete_question
52	Can view Savol	13	view_question
53	Can add Variant	14	add_option
54	Can change Variant	14	change_option
55	Can delete Variant	14	delete_option
56	Can view Variant	14	view_option
57	Can add Bo'lim	15	add_section
58	Can change Bo'lim	15	change_section
59	Can delete Bo'lim	15	delete_section
60	Can view Bo'lim	15	view_section
61	Can add Foydalanuvchi javobi	16	add_useranswer
62	Can change Foydalanuvchi javobi	16	change_useranswer
63	Can delete Foydalanuvchi javobi	16	delete_useranswer
64	Can view Foydalanuvchi javobi	16	view_useranswer
65	Can add Foydalanuvchi testi natijasi	17	add_testresult
66	Can change Foydalanuvchi testi natijasi	17	change_testresult
67	Can delete Foydalanuvchi testi natijasi	17	delete_testresult
68	Can view Foydalanuvchi testi natijasi	17	view_testresult
69	Can add Exam	18	add_exam
70	Can change Exam	18	change_exam
71	Can delete Exam	18	delete_exam
72	Can view Exam	18	view_exam
73	Can add language	19	add_language
74	Can change language	19	change_language
75	Can delete language	19	delete_language
76	Can view language	19	view_language
77	Can add Exam Payment	20	add_exampayment
78	Can change Exam Payment	20	change_exampayment
79	Can delete Exam Payment	20	delete_exampayment
80	Can view Exam Payment	20	view_exampayment
81	Can add Foydalanuvchi Balansi	21	add_userbalance
82	Can change Foydalanuvchi Balansi	21	change_userbalance
83	Can delete Foydalanuvchi Balansi	21	delete_userbalance
84	Can view Foydalanuvchi Balansi	21	view_userbalance
85	Can add Balans Tranzaksiyasi	22	add_balancetransaction
86	Can change Balans Tranzaksiyasi	22	change_balancetransaction
87	Can delete Balans Tranzaksiyasi	22	delete_balancetransaction
88	Can view Balans Tranzaksiyasi	22	view_balancetransaction
89	Can add Payme Transaction	23	add_paymetransactions
90	Can change Payme Transaction	23	change_paymetransactions
91	Can delete Payme Transaction	23	delete_paymetransactions
92	Can view Payme Transaction	23	view_paymetransactions
\.


--
-- Data for Name: common_versionhistory; Type: TABLE DATA; Schema: public; Owner: turan_user
--

COPY public.common_versionhistory (id, created_at, updated_at, version, required) FROM stdin;
\.


--
-- Data for Name: django_admin_log; Type: TABLE DATA; Schema: public; Owner: turan_user
--

COPY public.django_admin_log (id, action_time, object_id, object_repr, action_flag, change_message, content_type_id, user_id) FROM stdin;
1	2025-05-10 11:33:44.539+00	1	Sinav1	1	[{"added": {}}]	18	1
2	2025-05-10 11:57:42.452+00	1	Sinav1	3		18	1
3	2025-05-10 12:02:04.751+00	2	CEFR 1	1	[{"added": {}}]	18	1
4	2025-05-10 12:09:36.568+00	1	Turan Talim CEFR 1 Dinleme Bölümü	1	[{"added": {}}]	15	1
5	2025-05-10 12:11:00.569+00	2	Turan Talim CEFR 1 Okuma Bölümü	1	[{"added": {}}]	15	1
6	2025-05-10 12:12:47.372+00	3	Turan Talim CEFR 1 Yazma Bölümü	1	[{"added": {}}]	15	1
7	2025-05-10 12:33:36.971+00	4	Turan Talim CEFR 1. Sınav Konuşma Bölümü	1	[{"added": {}}]	15	1
8	2025-05-10 12:34:12.924+00	3	Turan Talim CEFR 1. Sınav Yazma Bölümü	2	[{"changed": {"fields": ["Sarlavha", "Tavsif"]}}]	15	1
9	2025-05-10 12:48:51.2+00	1	Turan Talim CEFR 1. Sınav Dinleme Bölümü	2	[{"changed": {"fields": ["Sarlavha", "Tavsif"]}}]	15	1
10	2025-05-10 12:49:18.108+00	2	Turan Talim CEFR 1. Sınav Okuma Bölümü	2	[{"changed": {"fields": ["Sarlavha", "Tavsif"]}}]	15	1
11	2025-05-10 12:57:03.831+00	1	Mısol	1	[{"added": {}}]	12	1
12	2025-05-10 12:58:23.761+00	1	Turan Talim CEFR 1. Sınav Dinleme Bölümü	2	[{"changed": {"fields": ["Sarlavha", "Tavsif"]}}]	12	1
13	2025-05-10 13:02:45.13+00	2	2. Dinleme Bölümü (9-14)	1	[{"added": {}}]	12	1
14	2025-05-10 13:03:37.045+00	1	1. Dinleme Bölümü (1-8)	2	[{"changed": {"fields": ["Sarlavha"]}}]	12	1
15	2025-05-10 13:04:51.923+00	3	3. Dinleme Bölümü (15-18)	1	[{"added": {}}]	12	1
16	2025-05-10 13:07:57.847+00	4	4. Dinleme Bölümü (19-23)	1	[{"added": {}}]	12	1
17	2025-05-10 13:09:41.506+00	5	5. Dinleme Bölümü (24-29)	1	[{"added": {}}]	12	1
18	2025-05-10 13:12:05.557+00	6	6. Dinleme Bölümü (30-35)	1	[{"added": {}}]	12	1
19	2025-05-10 13:13:54.462+00	2	2. Dinleme Bölümü (9-14)	2	[{"changed": {"fields": ["Audio"]}}]	12	1
20	2025-05-10 13:14:17.747+00	2	2. Dinleme Bölümü (9-14)	2	[{"changed": {"fields": ["Audio"]}}]	12	1
21	2025-05-10 13:14:28.642+00	3	3. Dinleme Bölümü (15-18)	2	[{"changed": {"fields": ["Audio"]}}]	12	1
22	2025-05-10 13:15:17.927+00	3	3. Dinleme Bölümü (15-18)	2	[{"changed": {"fields": ["Audio"]}}]	12	1
23	2025-05-10 13:15:47.046+00	4	4. Dinleme Bölümü (19-23)	2	[{"changed": {"fields": ["Audio"]}}]	12	1
24	2025-05-10 13:16:20.328+00	4	4. Dinleme Bölümü (19-23)	2	[{"changed": {"fields": ["Audio"]}}]	12	1
25	2025-05-10 13:16:35.658+00	5	5. Dinleme Bölümü (24-29)	2	[{"changed": {"fields": ["Audio"]}}]	12	1
26	2025-05-10 13:17:03.016+00	5	5. Dinleme Bölümü (24-29)	2	[{"changed": {"fields": ["Audio"]}}]	12	1
27	2025-05-10 13:17:19.858+00	1	1. Dinleme Bölümü (1-8)	2	[]	12	1
28	2025-05-10 13:24:14.953+00	1	Soru 1.	1	[{"added": {}}, {"added": {"name": "Variant", "object": "A) \\u00c7\\u00fcnk\\u00fc \\u00e7ok fazla zaman\\u0131m vard\\u0131, acele etmedim."}}, {"added": {"name": "Variant", "object": "B) Raporu teslim ettim ama ba\\u015fka bir rapor eksikti"}}, {"added": {"name": "Variant", "object": "C) Teslim tarihini kar\\u0131\\u015ft\\u0131rd\\u0131\\u011f\\u0131m i\\u00e7in ge\\u00e7 kald\\u0131m."}}]	13	1
29	2025-05-10 13:27:07.438+00	2	Soru 2.	1	[{"added": {}}, {"added": {"name": "Variant", "object": "A) \\u00c7\\u00fcnk\\u00fc bu y\\u00f6ntemin en etkili oldu\\u011funu d\\u00fc\\u015f\\u00fcnd\\u00fcm."}}, {"added": {"name": "Variant", "object": "B) Ba\\u015fka bir y\\u00f6ntem denemek istedim ama vazge\\u00e7tim."}}, {"added": {"name": "Variant", "object": "C) Projeyi y\\u00f6netmedim, ekip arkada\\u015flar\\u0131ma b\\u0131rakt\\u0131m"}}]	13	1
30	2025-05-10 13:28:49.648+00	3	Soru 3.	1	[{"added": {}}, {"added": {"name": "Variant", "object": "A) Sunumu uzun tutmay\\u0131 planl\\u0131yordum ama f\\u0131rsat olm"}}, {"added": {"name": "Variant", "object": "B) Sunum \\u00e7ok yo\\u011fundu ve daha fazla uzatmak istemed"}}, {"added": {"name": "Variant", "object": "C) Zaman k\\u0131s\\u0131tlamas\\u0131 vard\\u0131, k\\u0131sa tutmak zorundayd\\u0131"}}]	13	1
31	2025-05-10 13:31:33.865+00	4	Soru 4.	1	[{"added": {}}, {"added": {"name": "Variant", "object": "A) Toplant\\u0131n\\u0131n ba\\u015flama saatini yanl\\u0131\\u015f hat\\u0131rlad\\u0131m."}}, {"added": {"name": "Variant", "object": "B) Trafik beklenmedik \\u015fekilde yo\\u011fun oldu\\u011fu i\\u00e7in."}}, {"added": {"name": "Variant", "object": "C) Toplant\\u0131ya erken gelmek istedim ama zaman\\u0131nda y"}}]	13	1
32	2025-05-10 13:33:14.308+00	5	Soru 5.	1	[{"added": {}}, {"added": {"name": "Variant", "object": "A) G\\u00f6rev bana verilmedi\\u011fi halde g\\u00f6n\\u00fcll\\u00fc oldum."}}, {"added": {"name": "Variant", "object": "B) Daha \\u00f6nce benzer bir g\\u00f6revi ba\\u015far\\u0131yla tamamlad\\u0131"}}, {"added": {"name": "Variant", "object": "C) G\\u00f6revden kimse memnun olmad\\u0131\\u011f\\u0131 i\\u00e7in."}}]	13	1
33	2025-05-10 13:41:44.126+00	7	1.\tOKUMA METNİ  (1-6. sorular)	1	[{"added": {}}]	12	1
34	2025-05-10 13:42:35.43+00	8	2. OKUMA METNİ (7-14. sorular)	1	[{"added": {}}]	12	1
35	2025-05-10 13:43:17.534+00	9	3. OKUMA METNİ (15-20. sorular)	1	[{"added": {}}]	12	1
36	2025-05-10 13:44:29.287+00	10	4. OKUMA METNİ (21-29. sorular)	1	[{"added": {}}]	12	1
37	2025-05-10 13:45:21.514+00	11	5. OKUMA METNİ (30-35. sorular)	1	[{"added": {}}]	12	1
38	2025-05-10 13:50:39.16+00	6	Soru 1.	1	[{"added": {}}]	13	1
39	2025-05-10 13:52:01.342+00	7	1.\tOKUMA METNİ  (1-6. sorular)	2	[{"changed": {"fields": ["Test matni", "Variantlar JSON"]}}]	12	1
40	2025-05-10 13:55:31.243+00	8	2. OKUMA METNİ (7-14. sorular)	2	[{"changed": {"fields": ["Variantlar JSON"]}}]	12	1
41	2025-05-10 13:56:33.945+00	9	3. OKUMA METNİ (15-20. sorular)	2	[{"changed": {"fields": ["Test matni", "Variantlar JSON"]}}]	12	1
42	2025-05-10 13:57:57.765+00	10	4. OKUMA METNİ (21-29. sorular)	2	[{"changed": {"fields": ["Test matni"]}}]	12	1
43	2025-05-10 13:58:51.262+00	11	5. OKUMA METNİ (30-35. sorular)	2	[{"changed": {"fields": ["Test matni"]}}]	12	1
44	2025-05-10 14:02:23.596+00	7	Soru 2.	1	[{"added": {}}]	13	1
45	2025-05-10 14:02:51.184+00	8	Soru 3.	1	[{"added": {}}]	13	1
46	2025-05-10 14:03:20.064+00	9	Soru 4.	1	[{"added": {}}]	13	1
47	2025-05-10 14:04:59.691+00	10	Soru 5.	1	[{"added": {}}]	13	1
48	2025-05-10 14:07:06.066+00	11	Soru 6.	1	[{"added": {}}]	13	1
49	2025-05-10 14:08:23.172+00	12	Soru 7. Osmanlı dönemine ait tarihi eserleri keşfe	1	[{"added": {}}]	13	1
50	2025-05-10 14:09:11.141+00	13	8. soru. Hafta sonları düzenlenen fotoğrafçılık ku	1	[{"added": {}}]	13	1
51	2025-05-10 14:09:54.293+00	14	9. Soru. Çocuklara yönelik resim, heykel ve yaratı	1	[{"added": {}}]	13	1
52	2025-05-10 14:10:28.845+00	15	10.\tSoru. Geleneksel halk danslarını öğrenmek iste	1	[{"added": {}}]	13	1
53	2025-05-10 14:11:17.799+00	16	11.\tSoru. Yerel sanatkarların el emeği göz nuru ür	1	[{"added": {}}]	13	1
54	2025-05-10 14:12:02.122+00	17	12. Soru. Türk mutfağını öğrenmek isteyenler için 	1	[{"added": {}}]	13	1
55	2025-05-10 14:12:50.012+00	18	13. Soru. Şehirden uzaklaşmadan doğayla iç içe kam	1	[{"added": {}}]	13	1
56	2025-05-10 14:13:39.864+00	19	14. Soru. Popüler müzik gruplarının sahne aldığı a	1	[{"added": {}}]	13	1
57	2025-05-10 14:15:04.758+00	20	Soru 15.       I. Paragraf: ….	1	[{"added": {}}]	13	1
58	2025-05-10 14:15:38.38+00	21	Soru 16.       II. Paragraf: …..	1	[{"added": {}}]	13	1
59	2025-05-10 14:16:11.079+00	22	Soru 17.       III. Paragraf: …..	1	[{"added": {}}]	13	1
60	2025-05-10 14:17:04.817+00	23	Soru 18.       IV. Paragraf: ….	1	[{"added": {}}]	13	1
61	2025-05-10 14:17:36.332+00	24	Soru 19.       V. Paragraf: ….	1	[{"added": {}}]	13	1
62	2025-05-10 14:18:03.986+00	25	Soru 20.       VI. Paragraf: …..	1	[{"added": {}}]	13	1
63	2025-05-10 14:20:10.238+00	26	S21. Metnin bütününe göre aşağıdaki yargılardan ha	1	[{"added": {}}, {"added": {"name": "Variant", "object": "A) T\\u00fcrk d\\u00fcnyas\\u0131n\\u0131n \\u00f6rf ve adetleri, topluluklar ar"}}, {"added": {"name": "Variant", "object": "B) Nevruz, T\\u00fcrk topluluklar\\u0131 aras\\u0131nda farkl\\u0131 anlam"}}, {"added": {"name": "Variant", "object": "C) Misafirperverlik, T\\u00fcrk k\\u00fclt\\u00fcr\\u00fcnde b\\u00fcy\\u00fck bir \\u00f6ne"}}, {"added": {"name": "Variant", "object": "D) T\\u00fcrk d\\u00fcnyas\\u0131n\\u0131n ortak de\\u011ferleri, co\\u011frafi farkl\\u0131"}}]	13	1
64	2025-05-10 14:33:18.949+00	26	S21. Metnin bütününe göre aşağıdaki yargılardan ha	2	[]	13	1
65	2025-05-10 14:35:26.084+00	27	S22. Türk dünyasında misafirperverlikle ilgili ola	1	[{"added": {}}, {"added": {"name": "Variant", "object": "A) Misafir, T\\u00fcrk k\\u00fclt\\u00fcr\\u00fcnde a\\u011f\\u0131rl\\u0131kla sembolik bir"}}, {"added": {"name": "Variant", "object": "B) Misafire verilen ikramlar, ev sahibinin itibar\\u0131"}}, {"added": {"name": "Variant", "object": "C) Misafirperverlik sadece k\\u0131rsal b\\u00f6lgelerde \\u00f6neml"}}, {"added": {"name": "Variant", "object": "D) T\\u00fcrk topluluklar\\u0131nda misafir, genellikle tanr\\u0131d"}}]	13	1
66	2025-05-10 14:35:43.988+00	26	S21. Metnin bütününe göre aşağıdaki yargılardan ha	2	[]	13	1
67	2025-05-10 14:36:01.02+00	26	S21. Metnin bütününe göre aşağıdaki yargılardan ha	2	[]	13	1
68	2025-05-10 14:36:21.02+00	27	S22. Türk dünyasında misafirperverlikle ilgili ola	2	[]	13	1
69	2025-05-10 14:38:18.093+00	28	S23. Türk dünyasındaki düğün gelenekleriyle ilgili	1	[{"added": {}}, {"added": {"name": "Variant", "object": "A) K\\u0131na geceleri, T\\u00fcrk d\\u00fcnyas\\u0131nda \\u00f6nemli bir evlil"}}, {"added": {"name": "Variant", "object": "B) D\\u00fc\\u011f\\u00fcnlerde halk oyunlar\\u0131 ve danslar geleneksel "}}, {"added": {"name": "Variant", "object": "C) D\\u00fc\\u011f\\u00fcnlerde toplumsal dayan\\u0131\\u015fmay\\u0131 art\\u0131racak etki"}}, {"added": {"name": "Variant", "object": "D) Renkli k\\u0131yafetler ve b\\u00fcy\\u00fck sofralar d\\u00fc\\u011f\\u00fcnlerin "}}]	13	1
70	2025-05-10 14:40:16.324+00	29	S24. Metne göre, Türk topluluklarının ortak değerl	1	[{"added": {}}, {"added": {"name": "Variant", "object": "A) Atalara sayg\\u0131 g\\u00f6stermek"}}, {"added": {"name": "Variant", "object": "B) Bahar\\u0131n geli\\u015fini kutlamak"}}, {"added": {"name": "Variant", "object": "C) Sadece bireysel ya\\u015fant\\u0131lara odaklanmak"}}, {"added": {"name": "Variant", "object": "D) Toplumsal dayan\\u0131\\u015fmay\\u0131 \\u00f6n plana \\u00e7\\u0131karmak"}}]	13	1
71	2025-05-10 14:44:10.802+00	30	Soru 25. Nevruz bayramı, Türk toplulukları arasınd	1	[{"added": {}}, {"added": {"name": "Variant", "object": "A) Do\\u011fru"}}, {"added": {"name": "Variant", "object": "B) Yanl\\u0131\\u015f"}}, {"added": {"name": "Variant", "object": "C) Verilmemi\\u015f"}}]	13	1
72	2025-05-10 14:44:56.076+00	10	4. OKUMA METNİ (21-29. sorular)	2	[{"changed": {"fields": ["Tavsif"]}}]	12	1
73	2025-05-10 14:46:44.173+00	31	Soru 26. Türk dünyasında misafire gösterilen saygı	1	[{"added": {}}, {"added": {"name": "Variant", "object": "A) Do\\u011fru"}}, {"added": {"name": "Variant", "object": "B) Yanl\\u0131\\u015f"}}, {"added": {"name": "Variant", "object": "C) Verilmemi\\u015f"}}]	13	1
74	2025-05-10 14:48:24.987+00	32	Soru 27. Düğün gelenekleri, Türk dünyasında yalnız	1	[{"added": {}}, {"added": {"name": "Variant", "object": "A) Do\\u011fru"}}, {"added": {"name": "Variant", "object": "B) Yanl\\u0131\\u015f"}}, {"added": {"name": "Variant", "object": "C) Verilmemi\\u015f"}}]	13	1
75	2025-05-10 14:49:56.763+00	33	Soru 28. Atalara saygı, Türk dünyasının sadece bir	1	[{"added": {}}, {"added": {"name": "Variant", "object": "A) Do\\u011fru"}}, {"added": {"name": "Variant", "object": "B) Yanl\\u0131\\u015f"}}, {"added": {"name": "Variant", "object": "C) Verilmemi\\u015f"}}]	13	1
76	2025-05-10 14:51:10.535+00	34	Soru 29. Türk dünyasının ortak örf ve adetleri, to	1	[{"added": {}}, {"added": {"name": "Variant", "object": "A) Do\\u011fru"}}, {"added": {"name": "Variant", "object": "B) Yanl\\u0131\\u015f"}}, {"added": {"name": "Variant", "object": "C) Verilmemi\\u015f"}}]	13	1
77	2025-05-10 14:53:18.106+00	35	Soru 30. Aşağıdaki cümlelerden hangisi metinden çı	1	[{"added": {}}, {"added": {"name": "Variant", "object": "A) \\u00d6zbekistan\\u2019da temizlik, sadece fiziksel de\\u011fil m"}}, {"added": {"name": "Variant", "object": "B) Misafirperverlik, \\u00d6zbek aile yap\\u0131s\\u0131n\\u0131n en temel"}}, {"added": {"name": "Variant", "object": "C) \\u00c7ocuklara b\\u00fcy\\u00fcklere sayg\\u0131 \\u00f6\\u011fretilmesi, yaln\\u0131zca"}}, {"added": {"name": "Variant", "object": "D) Yard\\u0131mla\\u015fma, \\u00d6zbek k\\u00fclt\\u00fcr\\u00fcnde ahlaki bir soruml"}}]	13	1
78	2025-05-10 14:55:12.305+00	36	Soru 31. Özbekistan’da çocukluk döneminde öğretile	1	[{"added": {}}, {"added": {"name": "Variant", "object": "A) \\u00c7ocuklara yard\\u0131mla\\u015fman\\u0131n de\\u011feri s\\u0131k\\u00e7a vurgulan\\u0131"}}, {"added": {"name": "Variant", "object": "B) Misafirler, \\u00d6zbek k\\u00fclt\\u00fcr\\u00fcnde Tanr\\u0131\\u2019n\\u0131n bir l\\u00fctf"}}, {"added": {"name": "Variant", "object": "C) \\u00c7ocuklar, b\\u00fcy\\u00fcklerin s\\u00f6zlerini dinlememeye te\\u015fv"}}, {"added": {"name": "Variant", "object": "D) Temizlik ve d\\u00fczen, \\u00d6zbek k\\u00fclt\\u00fcr\\u00fcnde \\u00f6nemli bir "}}]	13	1
79	2025-05-10 14:55:39.377+00	35	Soru 30. Aşağıdaki cümlelerden hangisi metinden çı	2	[]	13	1
80	2025-05-10 14:57:15.732+00	37	Soru 32. Aşağıdakilerden hangisi metne göre doğru 	1	[{"added": {}}, {"added": {"name": "Variant", "object": "A) \\u00d6zbekistan\\u2019da \\u00e7ocuklar, toplumsal dayan\\u0131\\u015fma i\\u00e7i"}}, {"added": {"name": "Variant", "object": "B) \\u00d6zbek k\\u00fclt\\u00fcr\\u00fcnde misafirperverlik, sadece aile "}}, {"added": {"name": "Variant", "object": "C) Temizlik ve d\\u00fczen, sadece ev i\\u00e7inde \\u00f6nemsenir."}}, {"added": {"name": "Variant", "object": "D) B\\u00fcy\\u00fcklere sayg\\u0131, \\u00d6zbek ailelerinde \\u00f6nemsenmeyen"}}]	13	1
81	2025-05-10 14:59:08.039+00	38	Soru 33. Özbek kültüründe misafirperverlik ve bunu	1	[{"added": {}}, {"added": {"name": "Variant", "object": "A) A. paragraf"}}, {"added": {"name": "Variant", "object": "B) B. paragraf"}}, {"added": {"name": "Variant", "object": "C) C. paragraf"}}, {"added": {"name": "Variant", "object": "D) E. paragraf"}}]	13	1
82	2025-05-10 15:00:24.629+00	35	Soru 30. Aşağıdaki cümlelerden hangisi metinden çı	2	[{"changed": {"fields": ["Savol testi"]}}]	13	1
83	2025-05-10 15:00:41.542+00	36	Soru 31. Özbekistan’da çocukluk döneminde öğretile	2	[{"changed": {"fields": ["Savol testi"]}}]	13	1
84	2025-05-10 15:01:03.76+00	37	Soru 32. Aşağıdakilerden hangisi metne göre doğru 	2	[{"changed": {"fields": ["Savol testi"]}}]	13	1
85	2025-05-10 15:01:20.392+00	38	Soru 33. Özbek kültüründe misafirperverlik ve bunu	2	[{"changed": {"fields": ["Savol testi"]}}]	13	1
86	2025-05-10 15:03:05.916+00	39	Soru 34. Yardımlaşma ve toplumsal dayanışmanın Özb	1	[{"added": {}}, {"added": {"name": "Variant", "object": "A) A. paragraf"}}, {"added": {"name": "Variant", "object": "B) B. paragraf"}}, {"added": {"name": "Variant", "object": "C) E. paragraf"}}, {"added": {"name": "Variant", "object": "D) D. paragraf"}}]	13	1
87	2025-05-10 15:04:32.416+00	40	Soru 35. Temizlik ve düzenin çocuklara kazandırılm	1	[{"added": {}}, {"added": {"name": "Variant", "object": "A) B. paragraf"}}, {"added": {"name": "Variant", "object": "B) D. paragraf"}}, {"added": {"name": "Variant", "object": "C) C. paragraf"}}, {"added": {"name": "Variant", "object": "D) E. paragraf"}}]	13	1
88	2025-06-16 06:25:39.788+00	41	Soru 6	1	[{"added": {}}, {"added": {"name": "Variant", "object": "A) \\u00c7\\u00fcnk\\u00fc kitap \\u00e7ok s\\u00fcr\\u00fckleyiciydi."}}, {"added": {"name": "Variant", "object": "B) Kitab\\u0131 daha \\u00f6nceden okumu\\u015ftum ve h\\u0131zl\\u0131ca tekrar"}}, {"added": {"name": "Variant", "object": "C) Kitap k\\u0131sa oldu\\u011fu i\\u00e7in zaman almad\\u0131."}}]	13	1
89	2025-06-16 06:27:43.29+00	42	Soru 7	1	[{"added": {}}, {"added": {"name": "Variant", "object": "A) Soruyu anlayamad\\u0131\\u011f\\u0131m i\\u00e7in."}}, {"added": {"name": "Variant", "object": "B) Daha \\u00f6nce bu konuyu hi\\u00e7 d\\u00fc\\u015f\\u00fcnmedi\\u011fimden."}}, {"added": {"name": "Variant", "object": "C) \\u00c7\\u00fcnk\\u00fc olduk\\u00e7a karma\\u015f\\u0131k ve dikkat gerektiriyordu"}}]	13	1
90	2025-06-16 06:36:55.387+00	43	Soru 8	1	[{"added": {}}, {"added": {"name": "Variant", "object": "A) Teklif bana ilgin\\u00e7 gelmedi."}}, {"added": {"name": "Variant", "object": "B) Ko\\u015fullar benim i\\u00e7in uygun olmad\\u0131\\u011f\\u0131 i\\u00e7in."}}, {"added": {"name": "Variant", "object": "C) Teklifi de\\u011ferlendirme f\\u0131rsat\\u0131m olmad\\u0131."}}]	13	1
91	2025-06-16 08:59:52.733+00	44	Soru 9. Sağlıklı bir iletişim, bireylerin hem haya	1	[{"added": {}}, {"added": {"name": "Variant", "object": "A) Do\\u011fru"}}, {"added": {"name": "Variant", "object": "B) Yanl\\u0131\\u015f"}}]	13	1
92	2025-06-16 09:01:23.618+00	45	Soru 10. Metinde, iletişim eksikliği yalnızca iş h	1	[{"added": {}}, {"added": {"name": "Variant", "object": "A) Do\\u011fru"}}, {"added": {"name": "Variant", "object": "B) Yanl\\u0131\\u015f"}}]	13	1
93	2025-06-16 09:02:28.291+00	46	Soru 11. İş yerinde güçlü iletişim becerilerine sa	1	[{"added": {}}, {"added": {"name": "Variant", "object": "A) Do\\u011fru"}}, {"added": {"name": "Variant", "object": "B) Yanl\\u0131\\u015f"}}]	13	1
94	2025-06-16 09:03:23.063+00	47	Soru 12. Teknolojinin gelişmesi, yüz yüze iletişim	1	[{"added": {}}, {"added": {"name": "Variant", "object": "A) Do\\u011fru"}}, {"added": {"name": "Variant", "object": "B) Yanl\\u0131\\u015f"}}]	13	1
95	2025-06-16 09:03:57.585+00	48	Soru 13. Empati, iletişimde sadece bir tarafın duy	1	[{"added": {}}, {"added": {"name": "Variant", "object": "A) Do\\u011fru"}}, {"added": {"name": "Variant", "object": "B) Yanl\\u0131\\u015f"}}]	13	1
96	2025-06-16 09:05:24.633+00	49	Soru 14.Metinde geçen “aktif dinleme” ifadesi, “Sa	1	[{"added": {}}, {"added": {"name": "Variant", "object": "A) Do\\u011fru"}}, {"added": {"name": "Variant", "object": "B) Yanl\\u0131\\u015f"}}]	13	1
97	2025-06-16 09:10:42.171+00	50	15. 4. konuşmacı: ...	1	[{"added": {}}, {"added": {"name": "Variant", "object": "A) \\u015eehir i\\u00e7i ula\\u015f\\u0131mda ya\\u015fanan aksakl\\u0131klar hakk\\u0131nda"}}, {"added": {"name": "Variant", "object": "B) Y\\u00fcksek h\\u0131zl\\u0131 tren seferlerinin durduruldu\\u011funa d"}}, {"added": {"name": "Variant", "object": "C) Kabin bagaj\\u0131 kurallar\\u0131na uyulmas\\u0131 gerekti\\u011fi bel"}}, {"added": {"name": "Variant", "object": "D) Kara yolu otob\\u00fcs seferlerinin iptal edildi\\u011fine "}}, {"added": {"name": "Variant", "object": "E) \\u015eehir i\\u00e7i ula\\u015f\\u0131m \\u00fccretleriyle ilgili de\\u011fi\\u015fiklik"}}, {"added": {"name": "Variant", "object": "F) Ula\\u015f\\u0131mda \\u00f6zel g\\u00fcvenlik \\u00f6nlemleri al\\u0131nmas\\u0131na dai"}}]	13	1
98	2025-06-16 09:15:12.039+00	51	16. 1. konuşmacı: ...	1	[{"added": {}}, {"added": {"name": "Variant", "object": "A) \\u015eehir i\\u00e7i ula\\u015f\\u0131mda ya\\u015fanan aksakl\\u0131klar hakk\\u0131nda"}}, {"added": {"name": "Variant", "object": "B) Y\\u00fcksek h\\u0131zl\\u0131 tren seferlerinin durduruldu\\u011funa d"}}, {"added": {"name": "Variant", "object": "C) Kabin bagaj\\u0131 kurallar\\u0131na uyulmas\\u0131 gerekti\\u011fi bel"}}, {"added": {"name": "Variant", "object": "D) Kara yolu otob\\u00fcs seferlerinin iptal edildi\\u011fine "}}, {"added": {"name": "Variant", "object": "E) \\u015eehir i\\u00e7i ula\\u015f\\u0131m \\u00fccretleriyle ilgili de\\u011fi\\u015fiklik"}}, {"added": {"name": "Variant", "object": "F) Ula\\u015f\\u0131mda \\u00f6zel g\\u00fcvenlik \\u00f6nlemleri al\\u0131nmas\\u0131na dai"}}]	13	1
99	2025-06-16 13:20:54.135+00	12	1. Bölüm	1	[{"added": {}}]	12	1
100	2025-06-16 13:22:53.6+00	12	Konuşma 1. Bölüm	2	[{"changed": {"fields": ["Sarlavha"]}}]	12	1
101	2025-06-16 13:23:36.49+00	52	1.\tGünlük hayatınızda en çok kullandığınız bir eşy	1	[{"added": {}}]	13	1
102	2025-06-16 13:24:55.49+00	52	1.\tGünlük hayatınızda en çok kullandığınız bir eşy	3		13	1
103	2025-06-16 13:25:25.177+00	12	Konuşma 1. Bölüm	3		12	1
104	2025-06-16 13:29:56.793+00	3	Turan Talim CEFR 1. Sınav Yazma Bölümü	2	[{"changed": {"fields": ["Tavsif"]}}]	15	1
105	2025-06-16 13:32:25.432+00	13	Yazma 1	1	[{"added": {}}]	12	1
106	2025-06-16 13:34:24.698+00	53	Bir Çağrı Merkezi Temsilcisi pozisyonu için iş ila	1	[{"added": {}}]	13	1
107	2025-06-16 13:35:24.909+00	14	Yazma 2	1	[{"added": {}}]	12	1
108	2025-06-16 13:37:06.063+00	15	wsdff	1	[{"added": {}}]	12	1
109	2025-06-16 13:37:30.603+00	15	wsdff	2	[]	12	1
110	2025-06-16 13:37:46.078+00	15	wsdff	2	[{"changed": {"fields": ["Tartib raqami"]}}]	12	1
111	2025-06-16 13:37:53.859+00	15	wsdff	3		12	1
112	2025-06-16 13:38:47.751+00	54	Günümüzde birçok anne iş hayatında aktif rol almak	1	[{"added": {}}]	13	1
128	2025-06-16 17:44:56.554+00	70	Soru 32. Metne göre, arılar neden ekosistem için ö	1	[{"added": {}}, {"added": {"name": "Variant", "object": "A) Bal \\u00fcrettikleri i\\u00e7in"}}, {"added": {"name": "Variant", "object": "B) \\u00c7i\\u00e7eklerin tozla\\u015fmas\\u0131n\\u0131 sa\\u011flad\\u0131klar\\u0131 i\\u00e7in"}}, {"added": {"name": "Variant", "object": "C) Petek g\\u00f6zlerini balmumuyla kaplad\\u0131klar\\u0131 i\\u00e7in"}}]	13	1
184	2025-07-01 18:01:52.22214+00	95	Soru 14.  Dutar ve kopuz gibi müzik aletlerini öğr	1	[{"added": {}}]	13	1
113	2025-06-16 17:16:52.284+00	55	17. 3. konuşmacı: ...	1	[{"added": {}}, {"added": {"name": "Variant", "object": "A) \\u015eehir i\\u00e7i ula\\u015f\\u0131mda ya\\u015fanan aksakl\\u0131klar hakk\\u0131nda"}}, {"added": {"name": "Variant", "object": "B) Y\\u00fcksek h\\u0131zl\\u0131 tren seferlerinin durduruldu\\u011funa d"}}, {"added": {"name": "Variant", "object": "C) Kabin bagaj\\u0131 kurallar\\u0131na uyulmas\\u0131 gerekti\\u011fi bel"}}, {"added": {"name": "Variant", "object": "D) Kara yolu otob\\u00fcs seferlerinin iptal edildi\\u011fine "}}, {"added": {"name": "Variant", "object": "E) \\u015eehir i\\u00e7i ula\\u015f\\u0131m \\u00fccretleriyle ilgili de\\u011fi\\u015fiklik"}}, {"added": {"name": "Variant", "object": "F) Ula\\u015f\\u0131mda \\u00f6zel g\\u00fcvenlik \\u00f6nlemleri al\\u0131nmas\\u0131na dai"}}]	13	1
114	2025-06-16 17:19:25.523+00	56	18. 2. konuşmacı: ...	1	[{"added": {}}, {"added": {"name": "Variant", "object": "A) \\u015eehir i\\u00e7i ula\\u015f\\u0131mda ya\\u015fanan aksakl\\u0131klar hakk\\u0131nda"}}, {"added": {"name": "Variant", "object": "B) Y\\u00fcksek h\\u0131zl\\u0131 tren seferlerinin durduruldu\\u011funa d"}}, {"added": {"name": "Variant", "object": "C) Kabin bagaj\\u0131 kurallar\\u0131na uyulmas\\u0131 gerekti\\u011fi bel"}}, {"added": {"name": "Variant", "object": "D) Kara yolu otob\\u00fcs seferlerinin iptal edildi\\u011fine "}}, {"added": {"name": "Variant", "object": "E) \\u015eehir i\\u00e7i ula\\u015f\\u0131m \\u00fccretleriyle ilgili de\\u011fi\\u015fiklik"}}, {"added": {"name": "Variant", "object": "F) Ula\\u015f\\u0131mda \\u00f6zel g\\u00fcvenlik \\u00f6nlemleri al\\u0131nmas\\u0131na dai"}}]	13	1
115	2025-06-16 17:22:53.502+00	57	Soru 19. Spor salonu …	1	[{"added": {}}, {"added": {"name": "Variant", "object": "A"}}, {"added": {"name": "Variant", "object": "B"}}, {"added": {"name": "Variant", "object": "C"}}, {"added": {"name": "Variant", "object": "D"}}, {"added": {"name": "Variant", "object": "E"}}, {"added": {"name": "Variant", "object": "F"}}, {"added": {"name": "Variant", "object": "G"}}, {"added": {"name": "Variant", "object": "H"}}]	13	1
116	2025-06-16 17:24:22.023+00	58	Soru 20. Gıda mağazası …	1	[{"added": {}}, {"added": {"name": "Variant", "object": "A"}}, {"added": {"name": "Variant", "object": "B"}}, {"added": {"name": "Variant", "object": "C"}}, {"added": {"name": "Variant", "object": "D"}}, {"added": {"name": "Variant", "object": "E"}}, {"added": {"name": "Variant", "object": "F"}}, {"added": {"name": "Variant", "object": "G"}}, {"added": {"name": "Variant", "object": "H"}}]	13	1
117	2025-06-16 17:25:21.581+00	59	Soru 21. Eskişehir Oteli …	1	[{"added": {}}, {"added": {"name": "Variant", "object": "A"}}, {"added": {"name": "Variant", "object": "B"}}, {"added": {"name": "Variant", "object": "C"}}, {"added": {"name": "Variant", "object": "D"}}, {"added": {"name": "Variant", "object": "E"}}, {"added": {"name": "Variant", "object": "F"}}, {"added": {"name": "Variant", "object": "G"}}, {"added": {"name": "Variant", "object": "H"}}]	13	1
118	2025-06-16 17:26:35.022+00	60	Soru 22. Lokanta …	1	[{"added": {}}, {"added": {"name": "Variant", "object": "A"}}, {"added": {"name": "Variant", "object": "B"}}, {"added": {"name": "Variant", "object": "C"}}, {"added": {"name": "Variant", "object": "D"}}, {"added": {"name": "Variant", "object": "E"}}, {"added": {"name": "Variant", "object": "F"}}, {"added": {"name": "Variant", "object": "G"}}, {"added": {"name": "Variant", "object": "H"}}]	13	1
119	2025-06-16 17:27:37.412+00	61	Soru 23. Hayvanat bahçesi …	1	[{"added": {}}, {"added": {"name": "Variant", "object": "A"}}, {"added": {"name": "Variant", "object": "B"}}, {"added": {"name": "Variant", "object": "C"}}, {"added": {"name": "Variant", "object": "D"}}, {"added": {"name": "Variant", "object": "E"}}, {"added": {"name": "Variant", "object": "F"}}, {"added": {"name": "Variant", "object": "G"}}, {"added": {"name": "Variant", "object": "H"}}]	13	1
120	2025-06-16 17:29:13.852+00	62	Soru 24. Mahleraym ve Azize'nın kütüphanedeki çalı	1	[{"added": {}}, {"added": {"name": "Variant", "object": "A) Her ikisi de farkl\\u0131 alanlarda ara\\u015ft\\u0131rma yap\\u0131yor"}}, {"added": {"name": "Variant", "object": "B) Mahleraym sosyoloji \\u00fczerine \\u00e7al\\u0131\\u015f\\u0131rken, Aziza b"}}, {"added": {"name": "Variant", "object": "C) Her ikisi de bireysel \\u00e7al\\u0131\\u015fmay\\u0131 tercih ediyor v"}}]	13	1
121	2025-06-16 17:31:01.836+00	63	Soru 25. Mahleraym’ın araştırma yöntemiyle ilgili 	1	[{"added": {}}, {"added": {"name": "Variant", "object": "A) \\u00d6ncelikle fiziksel kaynaklardan \\u00e7al\\u0131\\u015fmaya ba\\u015fla"}}, {"added": {"name": "Variant", "object": "B) \\u00c7evrimi\\u00e7i ar\\u015fivlere ve indekslere \\u00f6ncelik verir"}}, {"added": {"name": "Variant", "object": "C) \\u00c7al\\u0131\\u015fmalar\\u0131n\\u0131 genellikle grup \\u00e7al\\u0131\\u015fmalar\\u0131yla ya"}}]	13	1
122	2025-06-16 17:33:24.352+00	64	Soru 26. Nadir’in Türkçe öğrenmek için önerdiği yö	1	[{"added": {}}, {"added": {"name": "Variant", "object": "A) Yaln\\u0131zca \\u00e7evrimi\\u00e7i derslere kat\\u0131lmak."}}, {"added": {"name": "Variant", "object": "B) Dil bilgisi \\u00f6\\u011frenimine tamamen odaklanmak."}}, {"added": {"name": "Variant", "object": "C) \\u015eark\\u0131lar dinlemek ve konu\\u015fma prati\\u011fi yapmak."}}]	13	1
123	2025-06-16 17:36:30.488+00	65	Soru 27. Destan'ın Turan Talim’deki derslere dair 	1	[{"added": {}}, {"added": {"name": "Variant", "object": "A) Derslerin yetersiz oldu\\u011funu d\\u00fc\\u015f\\u00fcnmektedir."}}, {"added": {"name": "Variant", "object": "B) Derslerin \\u00f6\\u011fretmenleri etkili bulmaktad\\u0131r."}}, {"added": {"name": "Variant", "object": "C) Derslerin tamam\\u0131n\\u0131 s\\u0131k\\u0131c\\u0131 bulmaktad\\u0131r."}}]	13	1
124	2025-06-16 17:38:04.532+00	66	Soru 28. Bahadır’ın dil sertifikası sınavına hazır	1	[{"added": {}}, {"added": {"name": "Variant", "object": "A) Dinleme ve okuma b\\u00f6l\\u00fcmleri."}}, {"added": {"name": "Variant", "object": "B) Sadece konu\\u015fma b\\u00f6l\\u00fcm\\u00fc."}}, {"added": {"name": "Variant", "object": "C) Okuma ve yazma b\\u00f6l\\u00fcmleri."}}]	13	1
125	2025-06-16 17:39:56.933+00	67	Soru 29. Bahadır’ın Tahircan’a verdiği en önemli t	1	[{"added": {}}, {"added": {"name": "Variant", "object": "A) Kitap okuyarak kelime s\\u0131ralamas\\u0131n\\u0131 \\u00f6\\u011frenmek ve "}}, {"added": {"name": "Variant", "object": "B) Yaln\\u0131zca konu\\u015fma prati\\u011fi yapmak."}}, {"added": {"name": "Variant", "object": "C) Sadece \\u00f6\\u011fretmenlerle \\u00e7al\\u0131\\u015fmak."}}]	13	1
126	2025-06-16 17:42:02.306+00	68	Soru 30. Arılar, bal yapım sürecine nasıl başlar?	1	[{"added": {}}, {"added": {"name": "Variant", "object": "A) Nektar\\u0131 peteklere b\\u0131rakarak"}}, {"added": {"name": "Variant", "object": "B) \\u00c7i\\u00e7eklerden nektar toplayarak"}}, {"added": {"name": "Variant", "object": "C) Balmumu \\u00fcreterek"}}]	13	1
127	2025-06-16 17:43:19.657+00	69	Soru 31. Balın oluşum sürecinde arıların yaptığı e	1	[{"added": {}}, {"added": {"name": "Variant", "object": "A) Kanat \\u00e7\\u0131rparak nektar\\u0131n yo\\u011funla\\u015fmas\\u0131n\\u0131 sa\\u011flamak"}}, {"added": {"name": "Variant", "object": "B) Nektar\\u0131 do\\u011frudan t\\u00fcketmek"}}, {"added": {"name": "Variant", "object": "C) Balmumuyla petekleri kapatmak"}}]	13	1
183	2025-07-01 18:01:02.633568+00	94	Soru 13. El yapımı halıları görmek istiyorum.	1	[{"added": {}}]	13	1
185	2025-07-01 18:02:49.400634+00	96	Soru 15.       I. Paragraf   : ….	1	[{"added": {}}]	13	1
186	2025-07-01 18:03:39.25003+00	97	Soru 16.       II. Paragraf  : …..	1	[{"added": {}}]	13	1
129	2025-06-16 17:46:37.754+00	71	Soru 33. Aşağıdaki ifadelerden hangisi yanlıştır?	1	[{"added": {}}, {"added": {"name": "Variant", "object": "A) Bir ar\\u0131, \\u00f6mr\\u00fc boyunca bir \\u00e7ay ka\\u015f\\u0131\\u011f\\u0131 kadar bal "}}, {"added": {"name": "Variant", "object": "B) Ar\\u0131lar, nektar\\u0131 enzimlerle kar\\u0131\\u015ft\\u0131rarak bal hal"}}, {"added": {"name": "Variant", "object": "C) Bal yap\\u0131m\\u0131 s\\u0131ras\\u0131nda ar\\u0131lar sadece kovan i\\u00e7inde"}}]	13	1
130	2025-06-16 17:48:20.821+00	72	Soru 34. Arıların bal yapma sürecinde aşağıdakiler	1	[{"added": {}}, {"added": {"name": "Variant", "object": "A) Nektar\\u0131n su i\\u00e7eri\\u011finin azalt\\u0131lmas\\u0131na"}}, {"added": {"name": "Variant", "object": "B) Balmumunun bal\\u0131n korunmas\\u0131ndaki rol\\u00fcne"}}, {"added": {"name": "Variant", "object": "C) \\u0130nsanlar\\u0131n ar\\u0131larla kurdu\\u011fu ili\\u015fkiye"}}]	13	1
131	2025-06-16 17:49:50.041+00	73	Soru 35. Arılar bal yapma sürecinde nektarı bal ha	1	[{"added": {}}, {"added": {"name": "Variant", "object": "A) Enzimlerle nektar\\u0131 kimyasal olarak d\\u00f6n\\u00fc\\u015ft\\u00fcrmek"}}, {"added": {"name": "Variant", "object": "B) Balmumu \\u00fcreterek nektar\\u0131 kaplamak"}}, {"added": {"name": "Variant", "object": "C) Kanat \\u00e7\\u0131rparak nektar\\u0131 do\\u011frudan t\\u00fcketmek"}}]	13	1
132	2025-06-19 10:26:58.15+00	1	TR	2	[{"changed": {"fields": ["Flag"]}}]	19	1
133	2025-06-19 12:18:45.355+00	4	Turan Talim CEFR 1. Sınav Konuşma Bölümü	2	[{"changed": {"fields": ["Test vaqti (daqiqa)"]}}]	15	1
134	2025-06-19 12:33:30.711+00	16	1. Bölüm Konuşma	1	[{"added": {}}]	12	1
135	2025-06-19 12:34:24.164+00	17	2. Bölüm Konuşma	1	[{"added": {}}]	12	1
136	2025-06-19 12:34:38.277+00	16	1. Bölüm Konuşma	2	[{"changed": {"fields": ["Tavsif"]}}]	12	1
137	2025-06-19 12:35:29.347+00	18	3. Bölüm Konuşma	1	[{"added": {}}]	12	1
138	2025-06-19 12:40:22.355+00	74	1.\tBugün öğrendiğiniz yeni bir bilgi veya kavram v	1	[{"added": {}}]	13	1
139	2025-06-19 12:40:53.42+00	75	2.\tHayatınızdaki en önemli kişi kimdir? Neden?	1	[{"added": {}}]	13	1
140	2025-06-19 12:41:26.326+00	76	3.\tYaşadığınız şehirde bir gün geçirmek için en gü	1	[{"added": {}}]	13	1
141	2025-06-19 12:50:08.109+00	77	1-\tBu resimlerde neler görüyorsunuz? Karşılaştırın	1	[{"added": {}}]	13	1
142	2025-06-19 12:50:36.674+00	78	2-\tDoğal ortamda yaşamanın önemi nedir?	1	[{"added": {}}]	13	1
143	2025-06-19 12:51:54.031+00	79	3-\tSiz doğal yaşamda yaşamayı tercih eder miydiniz	1	[{"added": {}}]	13	1
144	2025-06-19 12:53:26.523+00	79	3-\tSiz doğal yaşamda yaşamayı tercih eder miydiniz	2	[{"changed": {"fields": ["Test Rasmi"]}}]	13	1
145	2025-06-19 12:53:57.462+00	79	3-\tSiz doğal yaşamda yaşamayı tercih eder miydiniz	2	[]	13	1
146	2025-06-19 12:56:10.856+00	80	1-\tGöz doktoruna muayene oldunuz mu?\r\n2-\tGözlükler	1	[{"added": {}}]	13	1
147	2025-06-19 13:03:40.994+00	81	Günümüzde birçok kişi uzun çalışma saatlerinden şi	1	[{"added": {}}]	13	1
148	2025-06-19 13:26:03.021+00	2	CEFR 1	2	[{"changed": {"fields": ["Narxi"]}}]	18	1
149	2025-06-19 13:26:20.029+00	1	TR	3		19	1
150	2025-06-19 13:26:27.843+00	2	TR	1	[{"added": {}}]	19	1
151	2025-06-19 13:39:56.702+00	7	1.\tOKUMA METNİ  (1-6. sorular)	2	[{"changed": {"fields": ["Matn sarlavhasi", "Test matni"]}}]	12	1
152	2025-06-28 18:07:10.945796+00	2	CEFR 1	2	[{"changed": {"fields": ["Til"]}}]	18	1
153	2025-07-01 16:15:11.767578+00	3	Turan Talim A1 Seviye Sınavı	1	[{"added": {}}]	18	1
154	2025-07-01 16:37:39.745757+00	3	Turan Talim A1Seviyesi 1. Okuma Sınavı	2	[{"changed": {"fields": ["Sarlavha", "Tavsif"]}}]	18	1
155	2025-07-01 16:42:47.892966+00	5	A1 Seviyesi 1. Okuma Sınavı	1	[{"added": {}}]	15	1
156	2025-07-01 16:46:51.675922+00	19	A1 Seviyesi 1. Okuma Sınavı	1	[{"added": {}}]	12	1
157	2025-07-01 17:22:46.007372+00	19	A1 Seviyesi 1. Okuma Sınavı 1. Bölüm (1-6)	2	[{"changed": {"fields": ["Sarlavha", "Tavsif"]}}]	12	1
158	2025-07-01 17:24:38.402537+00	20	A1 Seviyesi 1. Okuma Sınavı 2. Bölüm (7-14)	1	[{"added": {}}]	12	1
159	2025-07-01 17:25:08.983212+00	21	A1 Seviyesi 1. Okuma Sınavı 2. Bölüm (7-14)	1	[{"added": {}}]	12	1
160	2025-07-01 17:25:37.19123+00	21	A1 Seviyesi 1. Okuma Sınavı 2. Bölüm (7-14)	3		12	1
161	2025-07-01 17:26:37.043643+00	22	A1 Seviyesi 1. Okuma Sınavı 3. Bölüm (15-20)	1	[{"added": {}}]	12	1
162	2025-07-01 17:27:38.865524+00	22	A1 Seviyesi 1. Okuma Sınavı 3. Bölüm (15-20)	2	[{"changed": {"fields": ["Tartib raqami"]}}]	12	1
163	2025-07-01 17:29:50.908611+00	23	A1 Seviyesi 1. Okuma Sınavı 4. Bölüm (21-29)	1	[{"added": {}}]	12	1
164	2025-07-01 17:30:03.221423+00	23	A1 Seviyesi 1. Okuma Sınavı 4. Bölüm (21-29)	2	[{"changed": {"fields": ["Tartib raqami"]}}]	12	1
165	2025-07-01 17:31:58.724699+00	24	A1 Seviyesi 1. Okuma Sınavı 5. Bölüm (30-35)	1	[{"added": {}}]	12	1
166	2025-07-01 17:38:53.899621+00	19	A1 Seviyesi 1. Okuma Sınavı 1. Bölüm (1-6)	2	[{"changed": {"fields": ["Matn sarlavhasi", "Test matni", "Variantlar JSON"]}}]	12	1
167	2025-07-01 17:41:36.708363+00	20	A1 Seviyesi 1. Okuma Sınavı 2. Bölüm (7-14)	2	[{"changed": {"fields": ["Matn sarlavhasi", "Variantlar JSON"]}}]	12	1
168	2025-07-01 17:43:36.990445+00	22	A1 Seviyesi 1. Okuma Sınavı 3. Bölüm (15-20)	2	[{"changed": {"fields": ["Matn sarlavhasi", "Test matni", "Variantlar JSON"]}}]	12	1
169	2025-07-01 17:45:14.950322+00	23	A1 Seviyesi 1. Okuma Sınavı 4. Bölüm (21-29)	2	[{"changed": {"fields": ["Tavsif", "Matn sarlavhasi", "Test matni"]}}]	12	1
170	2025-07-01 17:46:52.483826+00	24	A1 Seviyesi 1. Okuma Sınavı 5. Bölüm (30-35)	2	[{"changed": {"fields": ["Matn sarlavhasi", "Test matni"]}}]	12	1
171	2025-07-01 17:51:41.172816+00	82	Soru 1: …….	1	[{"added": {}}]	13	1
172	2025-07-01 17:52:43.867058+00	83	Soru 2: …….	1	[{"added": {}}]	13	1
173	2025-07-01 17:53:28.387964+00	84	Soru 3: …….	1	[{"added": {}}]	13	1
174	2025-07-01 17:54:07.254983+00	85	Soru 4: …….	1	[{"added": {}}]	13	1
175	2025-07-01 17:54:57.969948+00	86	Soru 5: …….	1	[{"added": {}}]	13	1
176	2025-07-01 17:55:30.857224+00	87	Soru 6: …….	1	[{"added": {}}]	13	1
177	2025-07-01 17:56:35.472173+00	88	Soru 7.  Türk kahvesi nasıl yapılır, öğrenmek isti	1	[{"added": {}}]	13	1
178	2025-07-01 17:57:13.111617+00	89	Soru 8.  Nevruz bayramında neler olduğunu görmek i	1	[{"added": {}}]	13	1
179	2025-07-01 17:58:00.921922+00	90	Soru 9. Geleneksel yemekleri tanımak istiyorum.	1	[{"added": {}}]	13	1
180	2025-07-01 17:58:45.11679+00	91	Soru 10. Türkistan’daki müzikleri dinlemek istiyor	1	[{"added": {}}]	13	1
181	2025-07-01 17:59:32.991805+00	92	Soru 11 Eski çadırları görmek istiyorum.	1	[{"added": {}}]	13	1
182	2025-07-01 18:00:27.399644+00	93	Soru 12.  Renkli kıyafetleri tanımak istiyorum.	1	[{"added": {}}]	13	1
187	2025-07-01 18:04:18.310646+00	98	Soru 17.       III. Paragraf : …..	1	[{"added": {}}]	13	1
188	2025-07-01 18:05:13.294093+00	99	Soru 18.       IV. Paragraf : ….	1	[{"added": {}}]	13	1
189	2025-07-01 18:06:01.33988+00	100	Soru 19.       V. Paragraf  : ….	1	[{"added": {}}]	13	1
190	2025-07-01 18:06:41.827816+00	101	Soru 20.       VI. Paragraf : ….	1	[{"added": {}}]	13	1
191	2025-07-01 18:10:04.566768+00	102	Soru 21. Yazar sabah saat kaçta uyanmıştır?	1	[{"added": {}}, {"added": {"name": "Variant", "object": "A) Alt\\u0131da"}}, {"added": {"name": "Variant", "object": "B) Yedide"}}, {"added": {"name": "Variant", "object": "C) Sekizde"}}, {"added": {"name": "Variant", "object": "D) Dokuzda"}}]	13	1
192	2025-07-01 18:11:34.754814+00	103	Soru 22. Yazar kahvaltıda aşağıdakilerden hangisin	1	[{"added": {}}, {"added": {"name": "Variant", "object": "A) Zeytin"}}, {"added": {"name": "Variant", "object": "B) Peynir"}}, {"added": {"name": "Variant", "object": "C) Domates"}}, {"added": {"name": "Variant", "object": "D) Ekmek"}}]	13	1
193	2025-07-01 18:13:24.109777+00	104	Soru 23. Yazarın babası gün içinde ne yapmıştır?	1	[{"added": {}}, {"added": {"name": "Variant", "object": "A) Kitap okumu\\u015ftur."}}, {"added": {"name": "Variant", "object": "B) \\u00c7ay demlemi\\u015ftir."}}, {"added": {"name": "Variant", "object": "C) Bah\\u00e7ede sebze toplam\\u0131\\u015ft\\u0131r."}}, {"added": {"name": "Variant", "object": "D) Dere kenar\\u0131nda bal\\u0131k tutmu\\u015ftur."}}]	13	1
194	2025-07-01 18:14:21.061404+00	103	Soru 22. Yazar kahvaltıda aşağıdakilerden hangisin	2	[{"changed": {"name": "Variant", "object": "B) Peynir", "fields": ["To'g'ri variant"]}}, {"changed": {"name": "Variant", "object": "C) Domates", "fields": ["To'g'ri variant"]}}]	13	1
195	2025-07-01 18:17:33.395524+00	105	Soru 24. Aşağıdakilerden hangisi metnin ana fikrid	1	[{"added": {}}, {"added": {"name": "Variant", "object": "A) K\\u00f6yde \\u00e7al\\u0131\\u015fmak zordur."}}, {"added": {"name": "Variant", "object": "B) K\\u00f6yde bir g\\u00fcn huzurlu ve keyiflidir."}}, {"added": {"name": "Variant", "object": "C) \\u015eehirde ya\\u015famak daha iyidir."}}, {"added": {"name": "Variant", "object": "D) Tatilde al\\u0131\\u015fveri\\u015f yapmak g\\u00fczeldir."}}]	13	1
196	2025-07-01 18:18:16.748358+00	106	Soru 25. Yazar sabah dışarı çıkmadan önce kitap ok	1	[{"added": {}}, {"added": {"name": "Variant", "object": "A) Do\\u011fru"}}, {"added": {"name": "Variant", "object": "B) Yanl\\u0131\\u015f"}}, {"added": {"name": "Variant", "object": "C) Verilmemi\\u015f"}}]	13	1
197	2025-07-01 18:19:18.597033+00	107	Soru 26. Metinde yazarın kardeşiyle dere kenarında	1	[{"added": {}}, {"added": {"name": "Variant", "object": "A) Do\\u011fru"}}, {"added": {"name": "Variant", "object": "B) Yanl\\u0131\\u015f"}}, {"added": {"name": "Variant", "object": "C) Verilmemi\\u015f"}}]	13	1
198	2025-07-01 18:20:06.144576+00	108	Soru 27. Akşam yemeğini sadece dedesiyle yemiştir.	1	[{"added": {}}, {"added": {"name": "Variant", "object": "A) Do\\u011fru"}}, {"added": {"name": "Variant", "object": "B) Yanl\\u0131\\u015f"}}, {"added": {"name": "Variant", "object": "C) Verilmemi\\u015f"}}]	13	1
199	2025-07-01 18:20:48.663512+00	109	Soru 28. Annesi öğle yemeğinde çorba yapmıştır.	1	[{"added": {}}, {"added": {"name": "Variant", "object": "A) Do\\u011fru"}}, {"added": {"name": "Variant", "object": "B) Yanl\\u0131\\u015f"}}, {"added": {"name": "Variant", "object": "C) Verilmemi\\u015f"}}]	13	1
200	2025-07-01 18:21:30.345725+00	110	Soru 29. Çevrede hiç kelebek olmadığı belirtilmişt	1	[{"added": {}}, {"added": {"name": "Variant", "object": "A) Do\\u011fru"}}, {"added": {"name": "Variant", "object": "B) Yanl\\u0131\\u015f"}}, {"added": {"name": "Variant", "object": "C) Verilmemi\\u015f"}}]	13	1
201	2025-07-01 18:23:05.797667+00	111	Soru 30. Aşağıdakilerden hangisi metinden çıkarıla	1	[{"added": {}}, {"added": {"name": "Variant", "object": "A) Kahvalt\\u0131da zeytin de vard\\u0131."}}, {"added": {"name": "Variant", "object": "B) Kahvalt\\u0131dan sonra d\\u0131\\u015far\\u0131 \\u00e7\\u0131kt\\u0131."}}, {"added": {"name": "Variant", "object": "C) \\u015eekerli \\u00e7ay i\\u00e7ti."}}, {"added": {"name": "Variant", "object": "D) Meyve olarak muz ve elma yedi."}}]	13	1
202	2025-07-01 18:24:34.779905+00	112	Soru 31. Metinde aşağıdaki bilgilerden hangisine y	1	[{"added": {}}, {"added": {"name": "Variant", "object": "A) Ekmek dilimi say\\u0131s\\u0131"}}, {"added": {"name": "Variant", "object": "B) Di\\u015f f\\u0131r\\u00e7alama zaman\\u0131"}}, {"added": {"name": "Variant", "object": "C) Elman\\u0131n rengi"}}, {"added": {"name": "Variant", "object": "D) Domatesin nerede al\\u0131nd\\u0131\\u011f\\u0131"}}]	13	1
203	2025-07-01 18:25:57.412532+00	113	Soru 32. Metne göre aşağıdaki yargılardan hangisin	1	[{"added": {}}, {"added": {"name": "Variant", "object": "A) Sabah kahvalt\\u0131s\\u0131 i\\u015ften \\u00f6nce yap\\u0131lm\\u0131\\u015ft\\u0131r."}}, {"added": {"name": "Variant", "object": "B) Muz biraz sertti ama yine de yedi."}}, {"added": {"name": "Variant", "object": "C) Kahvalt\\u0131 haz\\u0131rl\\u0131\\u011f\\u0131 mutfakta ba\\u015flam\\u0131\\u015ft\\u0131r."}}, {"added": {"name": "Variant", "object": "D) Ki\\u015fi kahvalt\\u0131dan sonra tabaklar\\u0131 y\\u0131kam\\u0131\\u015ft\\u0131r."}}]	13	1
204	2025-07-01 18:27:15.127037+00	114	Soru 33. Elma yeşil ama çok lezzetlidir.	1	[{"added": {}}, {"added": {"name": "Variant", "object": "A) 2. b\\u00f6l\\u00fcm"}}, {"added": {"name": "Variant", "object": "B) 1. b\\u00f6l\\u00fcm"}}, {"added": {"name": "Variant", "object": "C) 5. b\\u00f6l\\u00fcm"}}, {"added": {"name": "Variant", "object": "D) 4. B\\u00f6l\\u00fcm"}}]	13	1
205	2025-07-01 18:28:29.249693+00	115	Soru 34. Masada peynir, ekmek, zeytin ve sebzeler 	1	[{"added": {}}, {"added": {"name": "Variant", "object": "A) 3. b\\u00f6l\\u00fcm"}}, {"added": {"name": "Variant", "object": "B) 2. b\\u00f6l\\u00fcm"}}, {"added": {"name": "Variant", "object": "C) 5. b\\u00f6l\\u00fcm"}}, {"added": {"name": "Variant", "object": "D) 1. b\\u00f6l\\u00fcm"}}]	13	1
206	2025-07-01 18:29:49.322639+00	116	Soru 35. Kahvaltıdan sonra mutfağı topladım.	1	[{"added": {}}, {"added": {"name": "Variant", "object": "A) 4. b\\u00f6l\\u00fcm"}}, {"added": {"name": "Variant", "object": "B) 1. b\\u00f6l\\u00fcm"}}, {"added": {"name": "Variant", "object": "C) 5. B\\u00f6l\\u00fcm"}}, {"added": {"name": "Variant", "object": "D) 3. b\\u00f6l\\u00fcm"}}]	13	1
207	2025-07-02 15:12:10.559021+00	4	Turan Talim A2 Seviyesi 1. Okuma Sınavı	1	[{"added": {}}]	18	1
208	2025-07-02 15:18:01.394642+00	6	Turan Talim a2 Seviyesi 1. Okuma Sınavı	1	[{"added": {}}]	15	1
209	2025-07-02 15:18:20.357073+00	6	Turan Talim A2 Seviyesi 1. Okuma Sınavı	2	[{"changed": {"fields": ["Sarlavha"]}}]	15	1
210	2025-07-02 15:22:10.376491+00	25	A2 Seviyesi 1. Okuma Sınavı 1. Bölüm (1-6)	1	[{"added": {}}]	12	1
211	2025-07-02 15:24:43.154462+00	26	A2 Seviyesi 1. Okuma Sınavı 2. Bölüm (7-14)	1	[{"added": {}}]	12	1
212	2025-07-02 15:26:40.509187+00	27	A2 Seviyesi 1. Okuma Sınavı 3. Bölüm (15-20)	1	[{"added": {}}]	12	1
213	2025-07-02 15:28:42.224479+00	28	A2 Seviyesi 1. Okuma Sınavı 4. Bölüm (21-29)	1	[{"added": {}}]	12	1
214	2025-07-02 15:34:48.307013+00	29	A2 Seviyesi 1. Okuma Sınavı 5. Bölüm (30-35)	1	[{"added": {}}]	12	1
215	2025-07-02 15:40:34.081156+00	5	Turan Talim B1 Seviyesi 1. Okuma Sınavı	1	[{"added": {}}]	18	1
216	2025-07-02 15:43:25.42039+00	7	Turan Talim B1 Seviyesi 1. Okuma Sınavı	1	[{"added": {}}]	15	1
217	2025-07-02 15:45:44.942667+00	30	B1 Seviyesi 1. Okuma Sınavı 1. Bölüm (1-6)	1	[{"added": {}}]	12	1
218	2025-07-02 15:47:46.960555+00	31	B1 Seviyesi 1. Okuma Sınavı 2. Bölüm (7-14)	1	[{"added": {}}]	12	1
219	2025-07-02 15:49:24.004126+00	32	B1 Seviyesi 1. Okuma Sınavı 3. Bölüm (15-20)	1	[{"added": {}}]	12	1
220	2025-07-02 15:51:08.574451+00	33	B1 Seviyesi 1. Okuma Sınavı 4. Bölüm (21-29)	1	[{"added": {}}]	12	1
221	2025-07-02 15:52:54.618944+00	34	B1 Seviyesi 1. Okuma Sınavı 5. Bölüm (30-35)	1	[{"added": {}}]	12	1
222	2025-07-02 16:00:29.288435+00	117	Soru 1: …….	1	[{"added": {}}]	13	1
223	2025-07-02 16:01:13.679787+00	118	Soru 2: …….	1	[{"added": {}}]	13	1
224	2025-07-02 16:01:48.542981+00	119	Soru 3: …….	1	[{"added": {}}]	13	1
225	2025-07-02 16:02:32.224244+00	120	Soru 4: …….	1	[{"added": {}}]	13	1
226	2025-07-02 16:03:10.458534+00	121	Soru 5: …….	1	[{"added": {}}]	13	1
227	2025-07-02 16:03:28.060525+00	121	Soru 5: …….	2	[{"changed": {"fields": ["Javob"]}}]	13	1
228	2025-07-02 16:04:45.81073+00	122	Soru 6: …….	1	[{"added": {}}]	13	1
229	2025-07-02 16:05:52.746203+00	123	Soru 7. Günümü planlayarak başlamak bana kendimi d	1	[{"added": {}}]	13	1
230	2025-07-02 16:06:35.297256+00	124	Soru 8. Erken uyanmak bana tüm işlerimi zamanında 	1	[{"added": {}}]	13	1
231	2025-07-02 16:07:32.681629+00	125	Soru 9. Günlük yapılacaklar listesi hazırlamak ver	1	[{"added": {}}]	13	1
232	2025-07-02 16:08:21.064652+00	126	Soru 10. Vaktimi iyi yönettiğimde stres seviyem dü	1	[{"added": {}}]	13	1
233	2025-07-02 16:09:01.63753+00	127	Soru 11. Boşa harcanan zamanı fark ettiğimde kendi	1	[{"added": {}}]	13	1
234	2025-07-02 16:09:49.649781+00	128	Soru 12. Zamanı etkili kullanmak bana başarı duygu	1	[{"added": {}}]	13	1
235	2025-07-02 16:10:30.93527+00	129	Soru 13. İşlerimi öncelik sırasına göre yapmak dah	1	[{"added": {}}]	13	1
236	2025-07-02 16:11:09.946149+00	130	Soru 14. Planlı bir yaşamla sosyal hayatımı da dah	1	[{"added": {}}]	13	1
237	2025-07-02 16:12:08.386686+00	131	Soru 15.       I. Paragraf   : ….	1	[{"added": {}}]	13	1
238	2025-07-02 16:12:48.452653+00	132	Soru 16.       II. Paragraf  : …..	1	[{"added": {}}]	13	1
239	2025-07-02 16:13:28.190059+00	133	Soru 17.       III. Paragraf : …..	1	[{"added": {}}]	13	1
240	2025-07-02 16:14:01.448641+00	134	Soru 18.       IV. Paragraf : ….	1	[{"added": {}}]	13	1
241	2025-07-02 16:14:43.362505+00	135	Soru 19.       V. Paragraf  : ….	1	[{"added": {}}]	13	1
242	2025-07-02 16:15:26.046107+00	136	Soru 20.       VI. Paragraf : ….	1	[{"added": {}}]	13	1
243	2025-07-02 16:16:53.587025+00	137	Soru 1. Ali tatilini nerede geçiriyordu?	1	[{"added": {}}, {"added": {"name": "Variant", "object": "A) Bir yaylada"}}, {"added": {"name": "Variant", "object": "B) Annesinin evinde"}}, {"added": {"name": "Variant", "object": "C) \\u015eehir d\\u0131\\u015f\\u0131ndaki otelde"}}, {"added": {"name": "Variant", "object": "D) Dedesinin k\\u00f6y\\u00fcnde"}}]	13	1
244	2025-07-02 16:22:07.88797+00	137	Soru 21. Ali tatilini nerede geçiriyordu?	2	[{"changed": {"fields": ["Savol matni"]}}]	13	1
245	2025-07-02 16:23:53.106623+00	138	Soru 22. Ali sabahları nasıl uyanıyordu?	1	[{"added": {}}, {"added": {"name": "Variant", "object": "A) Alarm saatiyle"}}, {"added": {"name": "Variant", "object": "B) Dedesinin sesiyle"}}, {"added": {"name": "Variant", "object": "C) Horozlar\\u0131n sesiyle"}}, {"added": {"name": "Variant", "object": "D) Telefon zil sesiyle"}}]	13	1
246	2025-07-02 16:25:32.915244+00	139	Soru 23. Ali’nin yürüyüş yaptığı sırada kimle karş	1	[{"added": {}}, {"added": {"name": "Variant", "object": "A) Nine"}}, {"added": {"name": "Variant", "object": "B) \\u00c7ift\\u00e7i"}}, {"added": {"name": "Variant", "object": "C) Kasap"}}, {"added": {"name": "Variant", "object": "D) \\u00d6\\u011fretmen"}}]	13	1
247	2025-07-02 16:27:00.93601+00	140	Soru 24. Ali kahvaltıdan önce ne yapmıştır?	1	[{"added": {}}, {"added": {"name": "Variant", "object": "A) Y\\u00fcr\\u00fcy\\u00fc\\u015fe \\u00e7\\u0131km\\u0131\\u015ft\\u0131r"}}, {"added": {"name": "Variant", "object": "B) Kitap okumu\\u015ftur"}}, {"added": {"name": "Variant", "object": "C) Bakkala gitmi\\u015ftir"}}, {"added": {"name": "Variant", "object": "D) Bah\\u00e7eyi sulam\\u0131\\u015ft\\u0131r"}}]	13	1
248	2025-07-02 16:28:20.30491+00	141	Soru 25. Ali sabahları kahvaltıdan önce süt içmekt	1	[{"added": {}}, {"added": {"name": "Variant", "object": "A) Do\\u011fru"}}, {"added": {"name": "Variant", "object": "B) Yanl\\u0131\\u015f"}}, {"added": {"name": "Variant", "object": "C) Verilmemi\\u015f"}}]	13	1
249	2025-07-02 16:29:02.13827+00	141	Soru 25. Ali sabahları kahvaltıdan önce süt içmekt	2	[{"changed": {"name": "Variant", "object": "A) Do\\u011fru", "fields": ["To'g'ri variant"]}}, {"changed": {"name": "Variant", "object": "C) Verilmemi\\u015f", "fields": ["To'g'ri variant"]}}]	13	1
250	2025-07-02 16:29:51.224587+00	142	Soru 26. Dede sabah sobayı yakmıştır.	1	[{"added": {}}, {"added": {"name": "Variant", "object": "A) Do\\u011fru"}}, {"added": {"name": "Variant", "object": "B) Yanl\\u0131\\u015f"}}, {"added": {"name": "Variant", "object": "C) Verilmemi\\u015f"}}]	13	1
251	2025-07-02 16:30:38.233607+00	143	Soru 27. Ali yürüyüş sırasında yağmur yağmıştır.	1	[{"added": {}}, {"added": {"name": "Variant", "object": "A) Do\\u011fru"}}, {"added": {"name": "Variant", "object": "B) Yanl\\u0131\\u015f"}}, {"added": {"name": "Variant", "object": "C) Verilmemi\\u015f"}}]	13	1
252	2025-07-02 16:31:25.966763+00	144	Soru 28. Ali çiftçiye selam vermiştir.	1	[{"added": {}}, {"added": {"name": "Variant", "object": "A) Do\\u011fru"}}, {"added": {"name": "Variant", "object": "B) Yanl\\u0131\\u015f"}}, {"added": {"name": "Variant", "object": "C) Verilmemi\\u015f"}}]	13	1
253	2025-07-02 16:32:16.9308+00	145	Soru 29. Ali verandada otururken köy meydanında dü	1	[{"added": {}}, {"added": {"name": "Variant", "object": "A) Do\\u011fru"}}, {"added": {"name": "Variant", "object": "B) Yanl\\u0131\\u015f"}}, {"added": {"name": "Variant", "object": "C) Verilmemi\\u015f"}}]	13	1
254	2025-07-02 16:33:35.533973+00	146	Soru 30. Aşağıdakilerden hangisi Yusuf’un terminal	1	[{"added": {}}, {"added": {"name": "Variant", "object": "A) D\\u00f6n\\u00fc\\u015f\\u00fc beklenenden erken ger\\u00e7ekle\\u015fmi\\u015ftir."}}, {"added": {"name": "Variant", "object": "B) Elif\\u2019in \\u015fehirde olmad\\u0131\\u011f\\u0131n\\u0131 bilmektedir."}}, {"added": {"name": "Variant", "object": "C) Elif\\u2019i aramaktan vazge\\u00e7mi\\u015ftir."}}, {"added": {"name": "Variant", "object": "D) Terminalde onunla kar\\u015f\\u0131la\\u015ft\\u0131\\u011f\\u0131n\\u0131 fark etmemi\\u015fti"}}]	13	1
360	2025-07-05 08:31:43.463842+00	229	Soru 8. Okurken ekonomik olarak rahat edebilecek m	1	[{"added": {}}]	13	1
362	2025-07-05 08:32:55.337907+00	231	Soru 10. Okul dışında gezebilecek miyim?	1	[{"added": {}}]	13	1
364	2025-07-05 08:34:00.828784+00	233	Soru 12. Birden fazla dil öğrenme fırsatım olacak 	1	[{"added": {}}]	13	1
255	2025-07-02 16:35:29.191507+00	147	Soru 31. Aşağıdakilerden hangisi Elif’in şehirden 	1	[{"added": {}}, {"added": {"name": "Variant", "object": "A) \\u015eehir ona zamanla a\\u011f\\u0131r gelmeye ba\\u015flam\\u0131\\u015ft\\u0131r."}}, {"added": {"name": "Variant", "object": "B) Yusuf\\u2019la ya\\u015fad\\u0131\\u011f\\u0131 duygular ge\\u00e7mi\\u015fte kalm\\u0131\\u015ft\\u0131r."}}, {"added": {"name": "Variant", "object": "C) Terminalde duygusal bir bo\\u015falma ya\\u015fam\\u0131\\u015ft\\u0131r. D) "}}, {"added": {"name": "Variant", "object": "D) Elif, ayr\\u0131lma karar\\u0131n\\u0131 aniden alm\\u0131\\u015ft\\u0131r."}}]	13	1
256	2025-07-02 16:36:42.653838+00	148	Soru 32. Aşağıdakilerden hangisi sergideki karşıla	1	[{"added": {}}, {"added": {"name": "Variant", "object": "A) G\\u00f6r\\u00fc\\u015fme uzunca bir sohbetle sonu\\u00e7lanm\\u0131\\u015ft\\u0131r."}}, {"added": {"name": "Variant", "object": "B) Eski g\\u00fcnler do\\u011frudan konu\\u015fulmam\\u0131\\u015ft\\u0131r."}}, {"added": {"name": "Variant", "object": "C) Kar\\u015f\\u0131la\\u015fma sonras\\u0131nda iki taraf da farkl\\u0131 y\\u00f6nle"}}, {"added": {"name": "Variant", "object": "D) Konu\\u015fma k\\u0131sa ve nazik olmu\\u015ftur."}}]	13	1
257	2025-07-02 16:38:01.922693+00	149	Soru 33. Elif, şehirden ayrılırken geçmişe duyduğu	1	[{"added": {}}, {"added": {"name": "Variant", "object": "A) C paragraf\\u0131"}}, {"added": {"name": "Variant", "object": "B) B paragraf\\u0131"}}, {"added": {"name": "Variant", "object": "C) A paragraf\\u0131"}}, {"added": {"name": "Variant", "object": "D) E paragraf\\u0131"}}]	13	1
258	2025-07-02 16:41:11.345829+00	150	Soru 34. Elif ve Yusuf’un bir fotoğraf üzerinden g	1	[{"added": {}}, {"added": {"name": "Variant", "object": "A) C paragraf\\u0131"}}, {"added": {"name": "Variant", "object": "B) B paragraf\\u0131"}}, {"added": {"name": "Variant", "object": "C) A paragraf\\u0131"}}, {"added": {"name": "Variant", "object": "D) D paragraf\\u0131"}}]	13	1
259	2025-07-02 16:42:42.9737+00	151	Soru 35. Yıllar sonra aynı ortamda karşılaşan ikil	1	[{"added": {}}, {"added": {"name": "Variant", "object": "A) C paragraf\\u0131"}}, {"added": {"name": "Variant", "object": "B) D paragraf\\u0131"}}, {"added": {"name": "Variant", "object": "C) E paragraf\\u0131"}}, {"added": {"name": "Variant", "object": "D) A paragraf\\u0131"}}]	13	1
260	2025-07-03 02:31:39.904601+00	152	Soru 1: …….	1	[{"added": {}}]	13	1
261	2025-07-03 02:32:14.354194+00	153	Soru 2: …….	1	[{"added": {}}]	13	1
262	2025-07-03 02:32:57.013227+00	154	Soru 3: …….	1	[{"added": {}}]	13	1
263	2025-07-03 02:33:37.524861+00	155	Soru 4: …….	1	[{"added": {}}]	13	1
264	2025-07-03 02:34:15.914753+00	156	Soru 5: …….	1	[{"added": {}}]	13	1
265	2025-07-03 02:35:01.650696+00	157	Soru 6: …….	1	[{"added": {}}]	13	1
266	2025-07-03 02:38:39.526056+00	158	Soru 7. Daha enerjik olmak ve yorgun hissetmemek i	1	[{"added": {}}]	13	1
267	2025-07-03 02:39:18.73448+00	159	Soru 8. Kalbim ve kaslarım güçlü olsun istiyorum.	1	[{"added": {}}]	13	1
268	2025-07-03 02:40:01.302119+00	160	Soru 9. Hasta olmak istemiyorum, mikroplardan koru	1	[{"added": {}}]	13	1
269	2025-07-03 02:40:44.46466+00	161	Soru 10. Vücudumun içten iyi çalışmasını ve susuz 	1	[{"added": {}}]	13	1
270	2025-07-03 02:41:28.12136+00	162	Soru 11. Kafamı dinlendirmek ve daha iyi düşünmek 	1	[{"added": {}}]	13	1
271	2025-07-03 02:42:07.274384+00	163	Soru 12. Gelecekte büyük sağlık sorunları yaşamama	1	[{"added": {}}]	13	1
272	2025-07-03 02:42:47.555032+00	164	Soru 13. Vücuduma zararlı maddeler sokmaktan kaçın	1	[{"added": {}}]	13	1
273	2025-07-03 02:43:25.081428+00	165	Soru 14. Daha sağlıklı ve dengeli beslenmek istiyo	1	[{"added": {}}]	13	1
274	2025-07-03 02:44:16.307219+00	166	Soru 15.       I. Paragraf   : ….	1	[{"added": {}}]	13	1
275	2025-07-03 02:44:56.3222+00	167	Soru 16.       II. Paragraf  : …..	1	[{"added": {}}]	13	1
276	2025-07-03 02:45:27.12791+00	168	Soru 17.       III. Paragraf : …..	1	[{"added": {}}]	13	1
277	2025-07-03 02:46:01.529874+00	169	Soru 18.       IV. Paragraf : ….	1	[{"added": {}}]	13	1
278	2025-07-03 02:46:43.960294+00	170	Soru 19.       V. Paragraf  : ….	1	[{"added": {}}]	13	1
279	2025-07-03 02:47:38.437032+00	171	Soru 20.       VI. Paragraf : ….	1	[{"added": {}}]	13	1
280	2025-07-03 02:49:38.370752+00	172	Soru 21. Zehra Hanım sabah ilk olarak ne yaptı?	1	[{"added": {}}, {"added": {"name": "Variant", "object": "A) \\u00c7ama\\u015f\\u0131r ast\\u0131"}}, {"added": {"name": "Variant", "object": "B) Kahve yapt\\u0131"}}, {"added": {"name": "Variant", "object": "C) \\u00c7ama\\u015f\\u0131rlar\\u0131 makineye att\\u0131"}}, {"added": {"name": "Variant", "object": "D) Balkona \\u00e7\\u0131kt\\u0131"}}]	13	1
281	2025-07-03 02:51:29.152642+00	173	Soru 22. Zehra Hanım çamaşırları nereye astı?	1	[{"added": {}}, {"added": {"name": "Variant", "object": "A) Bah\\u00e7eye"}}, {"added": {"name": "Variant", "object": "B) Balkona"}}, {"added": {"name": "Variant", "object": "C) Odaya"}}, {"added": {"name": "Variant", "object": "D) \\u00c7at\\u0131ya"}}]	13	1
282	2025-07-03 02:52:59.95036+00	174	Soru 23. Hangi çamaşır ipten uçtu?	1	[{"added": {}}, {"added": {"name": "Variant", "object": "A) Pantolon"}}, {"added": {"name": "Variant", "object": "B) G\\u00f6mlek"}}, {"added": {"name": "Variant", "object": "C) Ti\\u015f\\u00f6rt"}}, {"added": {"name": "Variant", "object": "D) \\u00c7orap"}}]	13	1
283	2025-07-03 02:54:25.550978+00	175	Soru 24. Zehra Hanım çorabı nerede buldu?	1	[{"added": {}}, {"added": {"name": "Variant", "object": "A) A\\u011fa\\u00e7ta"}}, {"added": {"name": "Variant", "object": "B) Yolda"}}, {"added": {"name": "Variant", "object": "C) Kom\\u015fuda"}}, {"added": {"name": "Variant", "object": "D) Balkonda"}}]	13	1
284	2025-07-03 02:55:43.930726+00	176	Soru 25. Zehra Hanım sabah evi süpürdü.	1	[{"added": {}}, {"added": {"name": "Variant", "object": "A) Do\\u011fru"}}, {"added": {"name": "Variant", "object": "B) Yanl\\u0131\\u015f"}}, {"added": {"name": "Variant", "object": "C) Verilmemi\\u015f"}}]	13	1
285	2025-07-03 02:56:27.954842+00	177	Soru 26. Zehra Hanım çorap için yeni mandal kullan	1	[{"added": {}}, {"added": {"name": "Variant", "object": "A) Do\\u011fru"}}, {"added": {"name": "Variant", "object": "B) Yanl\\u0131\\u015f"}}, {"added": {"name": "Variant", "object": "C) Verilmemi\\u015f"}}]	13	1
286	2025-07-03 02:57:17.250289+00	178	Soru 27. Çorap, bir taşın üzerine düşmüştü.	1	[{"added": {}}, {"added": {"name": "Variant", "object": "A) Do\\u011fru"}}, {"added": {"name": "Variant", "object": "B) Yanl\\u0131\\u015f"}}, {"added": {"name": "Variant", "object": "C) Verilmemi\\u015f"}}]	13	1
287	2025-07-03 02:58:12.816039+00	179	Soru 28. Zehra Hanım çamaşırlar kururken televizyo	1	[{"added": {}}, {"added": {"name": "Variant", "object": "A) Do\\u011fru"}}, {"added": {"name": "Variant", "object": "B) Yanl\\u0131\\u015f"}}, {"added": {"name": "Variant", "object": "C) Verilmemi\\u015f"}}]	13	1
288	2025-07-03 02:59:12.997619+00	180	Soru 29. Zehra Hanım kuruyan çamaşırları izlemek y	1	[{"added": {}}, {"added": {"name": "Variant", "object": "A) Do\\u011fru"}}, {"added": {"name": "Variant", "object": "B) Yanl\\u0131\\u015f"}}, {"added": {"name": "Variant", "object": "C) Verilmemi\\u015f"}}]	13	1
289	2025-07-03 03:00:41.112664+00	181	Soru 30. Aşağıdakilerden hangisi metinden çıkarıla	1	[{"added": {}}, {"added": {"name": "Variant", "object": "A) Elif kek yaparken f\\u0131r\\u0131ndan biraz korkmu\\u015ftur."}}, {"added": {"name": "Variant", "object": "B) Elif anas\\u0131n\\u0131n tarif defterini kullanm\\u0131\\u015ft\\u0131r."}}, {"added": {"name": "Variant", "object": "C) Elif, ilk keki anas\\u0131 evdeyken pi\\u015firmi\\u015ftir."}}, {"added": {"name": "Variant", "object": "D) Elif kek yaparken cesaretini toplam\\u0131\\u015ft\\u0131r."}}]	13	1
290	2025-07-03 03:02:04.142734+00	182	Soru 31. Metne göre aşağıdakilerden hangisine deği	1	[{"added": {}}, {"added": {"name": "Variant", "object": "A) Elif\\u2019in kekleri ba\\u015fkalar\\u0131 taraf\\u0131ndan be\\u011fenilmi\\u015f"}}, {"added": {"name": "Variant", "object": "B) Elif, kek tariflerine bazen farkl\\u0131 malzeme ekle"}}, {"added": {"name": "Variant", "object": "C) Elif kek yaparken sevdi\\u011fi \\u015fark\\u0131lar\\u0131 dinlemi\\u015ftir"}}, {"added": {"name": "Variant", "object": "D) Elif, kek yapmay\\u0131 bir meslek olarak se\\u00e7mi\\u015ftir."}}]	13	1
291	2025-07-03 03:03:21.679875+00	183	Soru 32. Aşağıdaki yargılardan hangisine metinden 	1	[{"added": {}}, {"added": {"name": "Variant", "object": "A) Elif kek yaparken ge\\u00e7mi\\u015fe dair an\\u0131lar ya\\u015famakta"}}, {"added": {"name": "Variant", "object": "B) Elif, kek yapmay\\u0131 b\\u0131rakm\\u0131\\u015ft\\u0131r \\u00e7\\u00fcnk\\u00fc zor gelmi\\u015ft"}}, {"added": {"name": "Variant", "object": "C) Elif, anas\\u0131 gibi mutfakta vakit ge\\u00e7irmeye ba\\u015fla"}}, {"added": {"name": "Variant", "object": "D) Elif kek yapt\\u0131ktan sonra deftere not yazm\\u0131\\u015ft\\u0131r."}}]	13	1
292	2025-07-03 03:04:51.345181+00	184	Soru 33. Elif, anasının kek tarifini defterine yaz	1	[{"added": {}}, {"added": {"name": "Variant", "object": "A) A paragraf\\u0131"}}, {"added": {"name": "Variant", "object": "B) B paragraf\\u0131"}}, {"added": {"name": "Variant", "object": "C) D paragraf\\u0131"}}, {"added": {"name": "Variant", "object": "D) E paragraf\\u0131"}}]	13	1
293	2025-07-03 03:06:17.706941+00	185	Soru 34. Elif, kek yaparken malzemeleri dikkatle h	1	[{"added": {}}, {"added": {"name": "Variant", "object": "A) C paragraf\\u0131"}}, {"added": {"name": "Variant", "object": "B) B paragraf\\u0131"}}, {"added": {"name": "Variant", "object": "C) A paragraf\\u0131"}}, {"added": {"name": "Variant", "object": "D) D paragraf\\u0131"}}]	13	1
294	2025-07-03 03:07:32.138566+00	186	Soru 35. Kek yapmak Elif’e güven vermiş ve geçmişi	1	[{"added": {}}, {"added": {"name": "Variant", "object": "A) E paragraf\\u0131"}}, {"added": {"name": "Variant", "object": "B) C paragraf\\u0131"}}, {"added": {"name": "Variant", "object": "C) A paragraf\\u0131"}}, {"added": {"name": "Variant", "object": "D) D paragraf\\u0131"}}]	13	1
295	2025-07-03 08:22:23.278487+00	6	Turan Talim B2 Seviyesi 1. Okuma Sınavı	1	[{"added": {}}]	18	1
296	2025-07-03 08:23:50.626129+00	8	Turan Talim B2 Seviyesi 1. Okuma Sınavı	1	[{"added": {}}]	15	1
297	2025-07-03 08:27:23.84298+00	6	Turan Talim B2 Seviyesi 1. Okuma Sınavı	2	[{"changed": {"fields": ["Tavsif"]}}]	18	1
298	2025-07-03 08:28:30.3994+00	8	Turan Talim B2 Seviyesi 1. Okuma Sınavı	2	[{"changed": {"fields": ["Tavsif"]}}]	15	1
299	2025-07-03 08:30:45.698366+00	35	B2 Seviyesi 1. Okuma Sınavı 1. Bölüm (1-6)	1	[{"added": {}}]	12	1
300	2025-07-03 08:32:08.358223+00	25	A2 Seviyesi 1. Okuma Sınavı 1. Bölüm (1-6)	2	[{"changed": {"fields": ["Variantlar JSON"]}}]	12	1
301	2025-07-03 08:33:34.012513+00	30	B1 Seviyesi 1. Okuma Sınavı 1. Bölüm (1-6)	2	[{"changed": {"fields": ["Variantlar JSON"]}}]	12	1
302	2025-07-03 08:35:34.851278+00	26	A2 Seviyesi 1. Okuma Sınavı 2. Bölüm (7-14)	2	[{"changed": {"fields": ["Test matni", "Variantlar JSON"]}}]	12	1
303	2025-07-03 08:36:13.132159+00	31	B1 Seviyesi 1. Okuma Sınavı 2. Bölüm (7-14)	2	[{"changed": {"fields": ["Test matni", "Variantlar JSON"]}}]	12	1
304	2025-07-03 08:38:17.600475+00	27	A2 Seviyesi 1. Okuma Sınavı 3. Bölüm (15-20)	2	[{"changed": {"fields": ["Variantlar JSON"]}}]	12	1
305	2025-07-03 08:38:57.333313+00	32	B1 Seviyesi 1. Okuma Sınavı 3. Bölüm (15-20)	2	[{"changed": {"fields": ["Variantlar JSON"]}}]	12	1
306	2025-07-03 08:40:26.994122+00	11	5. OKUMA METNİ (30-35. sorular)	2	[{"changed": {"fields": ["Tavsif"]}}]	12	1
307	2025-07-03 08:43:25.274554+00	36	B2 Seviyesi 1. Okuma Sınavı 3. Bölüm (15-20)	1	[{"added": {}}]	12	1
308	2025-07-03 08:45:55.240769+00	37	B2 Seviyesi 1. Okuma Sınavı 2. Bölüm (7-14)	1	[{"added": {}}]	12	1
309	2025-07-03 08:55:35.299026+00	38	B2 Seviyesi 1. Okuma Sınavı 4. Bölüm (21-29)	1	[{"added": {}}]	12	1
310	2025-07-03 08:58:10.262951+00	39	B2 Seviyesi 1. Okuma Sınavı 5. Bölüm (30-35)	1	[{"added": {}}]	12	1
311	2025-07-03 09:05:16.545274+00	187	Soru 1: …….	1	[{"added": {}}]	13	1
312	2025-07-03 09:05:50.400419+00	188	Soru 2: …….	1	[{"added": {}}]	13	1
313	2025-07-03 09:07:22.273492+00	189	Soru 3: …….	1	[{"added": {}}]	13	1
314	2025-07-03 09:08:06.533392+00	190	Soru 4: …….	1	[{"added": {}}]	13	1
315	2025-07-03 09:08:45.789807+00	191	Soru 5: …….	1	[{"added": {}}]	13	1
316	2025-07-03 09:09:23.204646+00	192	Soru 6: …….	1	[{"added": {}}]	13	1
317	2025-07-03 09:20:16.411229+00	193	Soru 7. Ana dil, kişinin kendisini tanıtmasında ön	1	[{"added": {}}]	13	1
318	2025-07-03 09:20:52.835211+00	194	Soru 8. Zengin kelime hazinesi, düşünceyi genişlet	1	[{"added": {}}]	13	1
319	2025-07-03 09:21:31.071717+00	195	Soru 9. Duygular, ana dilde daha açık anlatılır.	1	[{"added": {}}]	13	1
320	2025-07-03 09:22:08.02917+00	196	Soru 10. Etkili bir anlatım için dili doğru kullan	1	[{"added": {}}]	13	1
321	2025-07-03 09:22:44.673034+00	197	Soru 11. Dil sayesinde insanlar olayları daha kola	1	[{"added": {}}]	13	1
322	2025-07-03 09:24:10.736477+00	198	Soru 12. Doğru kelime seçimi, iletişimin netliğini	1	[{"added": {}}]	13	1
323	2025-07-03 09:24:43.52896+00	199	Soru 13. Açık ve anlaşılır konuşmak, bireyin özgüv	1	[{"added": {}}]	13	1
324	2025-07-03 09:25:16.624518+00	200	Soru 14.Yazı yazarken düşünceleri düzenlemek daha 	1	[{"added": {}}]	13	1
325	2025-07-03 09:26:11.168664+00	201	Soru 15.       I. Paragraf   : ….	1	[{"added": {}}]	13	1
326	2025-07-03 09:27:02.576513+00	202	Soru 16.       II. Paragraf  : …..	1	[{"added": {}}]	13	1
327	2025-07-03 09:27:36.31381+00	203	Soru 17.       III. Paragraf : …..	1	[{"added": {}}]	13	1
328	2025-07-03 09:28:10.414012+00	204	Soru 18.       IV. Paragraf : ….	1	[{"added": {}}]	13	1
329	2025-07-03 09:28:47.155662+00	205	Soru 19.       V. Paragraf  : ….	1	[{"added": {}}]	13	1
330	2025-07-03 09:29:28.361005+00	206	Soru 20.       VI. Paragraf : ….	1	[{"added": {}}]	13	1
361	2025-07-05 08:32:24.462897+00	230	Soru 9. Farklı gelenekleri nasıl deneyimleyeceğim?	1	[{"added": {}}]	13	1
363	2025-07-05 08:33:27.451585+00	232	Soru 11. Mezun olunca iş bulma şansım nasıl olur?	1	[{"added": {}}]	13	1
365	2025-07-05 08:34:37.397926+00	234	Soru 13. Derslerimde yardım alabilecek miyim?	1	[{"added": {}}]	13	1
331	2025-07-03 09:30:45.328747+00	207	Soru 21. Nevruz’da sofralar nasıl hazırlanır?	1	[{"added": {}}, {"added": {"name": "Variant", "object": "A) Yaln\\u0131zca ya\\u015fl\\u0131lar taraf\\u0131ndan"}}, {"added": {"name": "Variant", "object": "B) Herkesin katk\\u0131 sa\\u011flad\\u0131\\u011f\\u0131 ortak \\u015fekilde"}}, {"added": {"name": "Variant", "object": "C) Sadece evlerde yenilmek \\u00fczere"}}, {"added": {"name": "Variant", "object": "D) Kad\\u0131nlar i\\u00e7in ayr\\u0131, erkekler i\\u00e7in ayr\\u0131"}}]	13	1
332	2025-07-03 09:32:35.757763+00	208	Soru 22. Ali’nin bayram hazırlıklarındaki görevi n	1	[{"added": {}}, {"added": {"name": "Variant", "object": "A) U\\u00e7urtma yapmak"}}, {"added": {"name": "Variant", "object": "B) \\u00c7ay demlemek"}}, {"added": {"name": "Variant", "object": "C) Pilav i\\u00e7in odun ta\\u015f\\u0131mak"}}, {"added": {"name": "Variant", "object": "D) Semeni pi\\u015firmek"}}]	13	1
333	2025-07-03 09:34:01.589641+00	209	Soru 23. Aşağıdakilerden hangisi Semeni tatlısı iç	1	[{"added": {}}, {"added": {"name": "Variant", "object": "A) Sab\\u0131rla pi\\u015firilen geleneksel bir tatl\\u0131d\\u0131r"}}, {"added": {"name": "Variant", "object": "B) Sadece \\u00e7ocuklara verilir"}}, {"added": {"name": "Variant", "object": "C) \\u015eekersiz yap\\u0131l\\u0131r"}}, {"added": {"name": "Variant", "object": "D) Sadece b\\u00fcy\\u00fck \\u015fehirlerde bilinir"}}]	13	1
334	2025-07-03 09:35:12.865946+00	210	Soru 24. Dua sırasında dile getirilen istekler ara	1	[{"added": {}}, {"added": {"name": "Variant", "object": "A) Toplumsal dayan\\u0131\\u015fma"}}, {"added": {"name": "Variant", "object": "B) Huzur"}}, {"added": {"name": "Variant", "object": "C) Sa\\u011fl\\u0131k"}}, {"added": {"name": "Variant", "object": "D) Yeni elbiseler"}}]	13	1
335	2025-07-03 09:35:54.811546+00	211	Soru 25. Ali, kutlama sırasında uçurtma uçurdu.	1	[{"added": {}}, {"added": {"name": "Variant", "object": "A) Do\\u011fru"}}, {"added": {"name": "Variant", "object": "B) Yanl\\u0131\\u015f"}}, {"added": {"name": "Variant", "object": "C) Verilmemi\\u015f"}}]	13	1
336	2025-07-03 09:36:31.494357+00	212	Soru 26. Nevruz yemeğinde herkes sofraya davet bek	1	[{"added": {}}, {"added": {"name": "Variant", "object": "A) Do\\u011fru"}}, {"added": {"name": "Variant", "object": "B) Yanl\\u0131\\u015f"}}, {"added": {"name": "Variant", "object": "C) Verilmemi\\u015f"}}]	13	1
337	2025-07-03 09:37:17.650442+00	213	Soru 27. Ali'nin annesi semeni tatlısını pişirdi.	1	[{"added": {}}, {"added": {"name": "Variant", "object": "A) Do\\u011fru"}}, {"added": {"name": "Variant", "object": "B) Yanl\\u0131\\u015f"}}, {"added": {"name": "Variant", "object": "C) Verilmemi\\u015f"}}]	13	1
338	2025-07-03 09:39:54.992833+00	214	Soru 28. Sofrada insanlar birbirlerinin yemeklerin	1	[{"added": {}}, {"added": {"name": "Variant", "object": "A) Do\\u011fru"}}, {"added": {"name": "Variant", "object": "B) Yanl\\u0131\\u015f"}}, {"added": {"name": "Variant", "object": "C) Verilmemi\\u015f"}}]	13	1
339	2025-07-03 09:40:36.505026+00	215	Soru 29. Kalan yemekler kutlamadan sonra çöpe atıl	1	[{"added": {}}, {"added": {"name": "Variant", "object": "A) Do\\u011fru"}}, {"added": {"name": "Variant", "object": "B) Yanl\\u0131\\u015f"}}, {"added": {"name": "Variant", "object": "C) Verilmemi\\u015f"}}]	13	1
340	2025-07-03 09:41:54.964062+00	216	Soru 30. Metne göre, geleneksel üretim süreçleri h	1	[{"added": {}}, {"added": {"name": "Variant", "object": "A) \\u00dcr\\u00fcn yapmak eskiden uzun zaman al\\u0131rd\\u0131."}}, {"added": {"name": "Variant", "object": "B) Deneme yan\\u0131lma yapmak pahal\\u0131 ve yava\\u015ft\\u0131."}}, {"added": {"name": "Variant", "object": "C) Bilgisayarda tasarlanan her \\u015feyi ger\\u00e7ek nesneye"}}, {"added": {"name": "Variant", "object": "D) \\u00d6zel kal\\u0131plar haz\\u0131rlanmas\\u0131 gerekiyordu."}}]	13	1
341	2025-07-03 09:43:29.011281+00	217	Soru 31.  Aşağıdakilerden hangisi, üç boyutlu yazı	1	[{"added": {}}, {"added": {"name": "Variant", "object": "A) Her bir \\u00fcr\\u00fcn\\u00fcn farkl\\u0131 yap\\u0131labilmesi."}}, {"added": {"name": "Variant", "object": "B) Hastaya \\u00f6zel implantlar tasarlanabilmesi."}}, {"added": {"name": "Variant", "object": "C) M\\u00fc\\u015fterinin iste\\u011fine g\\u00f6re \\u00f6zel tabanlar \\u00fcretileb"}}, {"added": {"name": "Variant", "object": "D) \\u00dcr\\u00fcn\\u00fcn seri olarak ve ayn\\u0131 kal\\u0131pla \\u00fcretilmesi."}}]	13	1
342	2025-07-03 09:44:53.208624+00	218	Soru 32. Metne göre, üç boyutlu yazıcıların üretim	1	[{"added": {}}, {"added": {"name": "Variant", "object": "A) \\u00dcretimi do\\u011frudan ihtiyac\\u0131n oldu\\u011fu yere ta\\u015f\\u0131yabi"}}, {"added": {"name": "Variant", "object": "B) Ta\\u015f\\u0131ma maliyetlerinin ve zaman\\u0131n\\u0131n artmas\\u0131."}}, {"added": {"name": "Variant", "object": "C) K\\u00fcresel tedarik zincirlerindeki ba\\u011f\\u0131ml\\u0131l\\u0131\\u011f\\u0131n az"}}, {"added": {"name": "Variant", "object": "D) K\\u00fc\\u00e7\\u00fck at\\u00f6lyelerde veya evlerde bile \\u00fcretim yap\\u0131"}}]	13	1
343	2025-07-03 09:46:31.081938+00	219	Soru 33.  Üç boyutlu yazıcılar, bilgisayarda tasar	1	[{"added": {}}, {"added": {"name": "Variant", "object": "A) D paragraf\\u0131"}}, {"added": {"name": "Variant", "object": "B) B paragraf\\u0131"}}, {"added": {"name": "Variant", "object": "C) A paragraf\\u0131"}}, {"added": {"name": "Variant", "object": "D) E paragraf\\u0131"}}]	13	1
344	2025-07-03 09:48:47.864809+00	220	Soru 34. Bu teknoloji, doktorların hastalarına öze	1	[{"added": {}}, {"added": {"name": "Variant", "object": "A) E paragraf\\u0131"}}, {"added": {"name": "Variant", "object": "B) B paragraf\\u0131"}}, {"added": {"name": "Variant", "object": "C) A paragraf\\u0131"}}, {"added": {"name": "Variant", "object": "D) D paragraf\\u0131"}}]	13	1
345	2025-07-03 09:50:12.085887+00	221	Soru 35. Üç boyutlu yazıcılar, plastik ve metal gi	1	[{"added": {}}, {"added": {"name": "Variant", "object": "A) B paragraf\\u0131"}}, {"added": {"name": "Variant", "object": "B) D paragraf\\u0131"}}, {"added": {"name": "Variant", "object": "C) E paragraf\\u0131"}}, {"added": {"name": "Variant", "object": "D) C paragraf\\u0131"}}]	13	1
346	2025-07-05 08:06:25.535483+00	7	Turan Talim C1 Seviyesi 1. Okuma Sınavı	1	[{"added": {}}]	18	1
347	2025-07-05 08:09:37.595909+00	9	Turan Talim C1 Seviyesi 1. Okuma Sınavı	1	[{"added": {}}]	15	1
348	2025-07-05 08:12:04.466347+00	40	C1 Seviyesi 1. Okuma Sınavı 1. Bölüm (1-6)	1	[{"added": {}}]	12	1
349	2025-07-05 08:16:06.627513+00	41	C1 Seviyesi 1. Okuma Sınavı 2. Bölüm (7-14)	1	[{"added": {}}]	12	1
350	2025-07-05 08:18:32.443253+00	42	C1 Seviyesi 1. Okuma Sınavı 3. Bölüm (15-20)	1	[{"added": {}}]	12	1
351	2025-07-05 08:20:08.823531+00	43	C1 Seviyesi 1. Okuma Sınavı 4. Bölüm (21-29)	1	[{"added": {}}]	12	1
352	2025-07-05 08:22:03.53916+00	44	C1 Seviyesi 1. Okuma Sınavı 5. Bölüm (30-35)	1	[{"added": {}}]	12	1
353	2025-07-05 08:27:13.054656+00	222	Soru 1: …….	1	[{"added": {}}]	13	1
354	2025-07-05 08:27:48.337303+00	223	Soru 2: …….	1	[{"added": {}}]	13	1
355	2025-07-05 08:28:17.894655+00	224	Soru 3: …….	1	[{"added": {}}]	13	1
356	2025-07-05 08:28:51.219459+00	225	Soru 4: …….	1	[{"added": {}}]	13	1
357	2025-07-05 08:29:29.469148+00	226	Soru 5: …….	1	[{"added": {}}]	13	1
358	2025-07-05 08:29:59.097831+00	227	Soru 6: …….	1	[{"added": {}}]	13	1
359	2025-07-05 08:30:47.569265+00	228	Soru 7. Üniversitedeki teknik olanaklar hakkında b	1	[{"added": {}}]	13	1
366	2025-07-05 08:35:18.197233+00	235	Soru 14. Uluslararası arkadaşlar edinecek miyim?	1	[{"added": {}}]	13	1
367	2025-07-05 08:36:14.514994+00	236	Soru 15.       I. Paragraf   : ….	1	[{"added": {}}]	13	1
368	2025-07-05 08:37:05.210991+00	237	Soru 16.       II. Paragraf  : …..	1	[{"added": {}}]	13	1
369	2025-07-05 08:37:44.750467+00	238	Soru 17.       III. Paragraf : …..	1	[{"added": {}}]	13	1
370	2025-07-05 08:38:18.529222+00	239	Soru 18.       IV. Paragraf : ….	1	[{"added": {}}]	13	1
371	2025-07-05 08:38:52.955034+00	240	Soru 19.       V. Paragraf  : ….	1	[{"added": {}}]	13	1
372	2025-07-05 08:39:40.082066+00	240	Soru 19.       V. Paragraf  : ….	2	[{"changed": {"fields": ["Javob"]}}]	13	1
373	2025-07-05 08:40:15.67992+00	241	Soru 20.       VI. Paragraf : ….	1	[{"added": {}}]	13	1
374	2025-07-05 08:42:13.58388+00	242	Soru 21. Aşağıdakilerden hangisi İlayda’nın okyanu	1	[{"added": {}}, {"added": {"name": "Variant", "object": "A) Do\\u011fa, insan\\u0131n \\u00f6ng\\u00f6remedi\\u011fi d\\u00fczeyde karma\\u015f\\u0131kt\\u0131r."}}, {"added": {"name": "Variant", "object": "B) T\\u00fcm canl\\u0131lar\\u0131n ya\\u015famsal kayna\\u011f\\u0131 g\\u00fcne\\u015ftir."}}, {"added": {"name": "Variant", "object": "C) M\\u00fcdahale edilmemi\\u015f alanlar korunmal\\u0131d\\u0131r."}}, {"added": {"name": "Variant", "object": "D) Bilim, ke\\u015fifle birlikte s\\u0131n\\u0131rlama erdemi de ta\\u015f"}}]	13	1
375	2025-07-05 08:43:29.872253+00	243	Soru 22. Metinde okyanus tabanındaki hidrotermal b	1	[{"added": {}}, {"added": {"name": "Variant", "object": "A) Enerji kayna\\u011f\\u0131 olarak jeotermal bas\\u0131n\\u00e7 kullan\\u0131l"}}, {"added": {"name": "Variant", "object": "B) G\\u00fcne\\u015f \\u0131\\u015f\\u0131\\u011f\\u0131na gerek duyulmadan ya\\u015fam m\\u00fcmk\\u00fcnd\\u00fcr."}}, {"added": {"name": "Variant", "object": "C) T\\u00fcm canl\\u0131lar \\u0131\\u015f\\u0131k \\u00fcretimi yoluyla ileti\\u015fim kura"}}, {"added": {"name": "Variant", "object": "D) T\\u00fcm t\\u00fcrler y\\u00fczeyden g\\u00f6\\u00e7 ederek derine yerle\\u015fmi\\u015f"}}]	13	1
376	2025-07-05 08:44:50.893196+00	244	Soru 23. Metne göre İlayda'nın bilim anlayışı hang	1	[{"added": {}}, {"added": {"name": "Variant", "object": "A) Bilimin s\\u0131n\\u0131r tan\\u0131mazl\\u0131\\u011f\\u0131na hayranl\\u0131k"}}, {"added": {"name": "Variant", "object": "B) Bilginin mutlakla\\u015ft\\u0131r\\u0131lmas\\u0131"}}, {"added": {"name": "Variant", "object": "C) Ke\\u015ffetmenin sorumlulukla dengelenmesi"}}, {"added": {"name": "Variant", "object": "D) Teknolojik m\\u00fcdahalenin \\u00f6nceliklendirilmesi"}}]	13	1
377	2025-07-05 08:46:16.729442+00	245	Soru 24. Aşağıdakilerden hangisi metnin vurguladığ	1	[{"added": {}}, {"added": {"name": "Variant", "object": "A) Bilimin s\\u0131n\\u0131rlar\\u0131 olmas\\u0131 gerekti\\u011fi"}}, {"added": {"name": "Variant", "object": "B) Okyanus derinlikleri bir vicdan metaforudur"}}, {"added": {"name": "Variant", "object": "C) \\u0130nsan m\\u00fcdahalesi geri d\\u00f6n\\u00fc\\u015fs\\u00fcz sonu\\u00e7lar do\\u011furab"}}, {"added": {"name": "Variant", "object": "D) Her ke\\u015ffin beraberinde m\\u00fcdahale hakk\\u0131 do\\u011furdu\\u011fu"}}]	13	1
378	2025-07-05 08:47:01.200513+00	246	Soru 25. İlayda, keşfettikleri omurgasız türün tüm	1	[{"added": {}}, {"added": {"name": "Variant", "object": "A) Do\\u011fru"}}, {"added": {"name": "Variant", "object": "B) Yanl\\u0131\\u015f"}}, {"added": {"name": "Variant", "object": "C) Verilmemi\\u015f"}}]	13	1
379	2025-07-05 08:47:49.68392+00	247	Soru 26. Derin deniz canlıları bazen mevcut bilims	1	[{"added": {}}, {"added": {"name": "Variant", "object": "A) Do\\u011fru"}}, {"added": {"name": "Variant", "object": "B) Yanl\\u0131\\u015f"}}, {"added": {"name": "Variant", "object": "C) Verilmemi\\u015f"}}]	13	1
380	2025-07-05 08:48:36.161393+00	248	Soru 27. Metne göre kemosentez, derin deniz organi	1	[{"added": {}}, {"added": {"name": "Variant", "object": "A) Do\\u011fru"}}, {"added": {"name": "Variant", "object": "B) Yanl\\u0131\\u015f"}}, {"added": {"name": "Variant", "object": "C) Verilmemi\\u015f"}}]	13	1
381	2025-07-05 08:49:24.188071+00	249	Soru 28. İlayda, bilim insanlarının doğayı sınırsı	1	[{"added": {}}, {"added": {"name": "Variant", "object": "A) Do\\u011fru"}}, {"added": {"name": "Variant", "object": "B) Yanl\\u0131\\u015f"}}, {"added": {"name": "Variant", "object": "C) Verilmemi\\u015f"}}]	13	1
382	2025-07-05 08:50:04.715378+00	250	Soru 29. Metinde İlayda'nın araştırma bulgularının	1	[{"added": {}}, {"added": {"name": "Variant", "object": "A) Do\\u011fru"}}, {"added": {"name": "Variant", "object": "B) Yanl\\u0131\\u015f"}}, {"added": {"name": "Variant", "object": "C) Verilmemi\\u015f"}}]	13	1
383	2025-07-05 08:51:47.259948+00	251	Soru 30. Metne göre, dijital onay kültürü hakkında	1	[{"added": {}}, {"added": {"name": "Variant", "object": "A) Be\\u011fenilme ihtiyac\\u0131, bireyin kendilik alg\\u0131s\\u0131n\\u0131 d"}}, {"added": {"name": "Variant", "object": "B) Dijital g\\u00f6r\\u00fcn\\u00fcrl\\u00fc\\u011f\\u00fcn azalmas\\u0131, bireyde d\\u0131\\u015flanm\\u0131"}}, {"added": {"name": "Variant", "object": "C) Sosyal medya algoritmalar\\u0131, etkile\\u015fim odakl\\u0131 i\\u00e7"}}, {"added": {"name": "Variant", "object": "D) Be\\u011feni k\\u00fclt\\u00fcr\\u00fc, bireyin i\\u00e7sel tatmin kaynaklar\\u0131"}}]	13	1
384	2025-07-05 08:53:51.729376+00	252	Soru 31. Aşağıdakilerden hangisi, onaylanma döngüs	1	[{"added": {}}, {"added": {"name": "Variant", "object": "A) Otantik kimlik temsillerinin zay\\u0131flamas\\u0131"}}, {"added": {"name": "Variant", "object": "B) Algoritmalar\\u0131n birey \\u00fczerindeki etkisinin bilin"}}, {"added": {"name": "Variant", "object": "C) S\\u00fcrekli bildirim alma iste\\u011fiyle psikolojik al\\u0131\\u015f"}}, {"added": {"name": "Variant", "object": "D) Sessizlik d\\u00f6nemlerinde de\\u011fersizlik hissinin tet"}}]	13	1
385	2025-07-05 08:55:34.523114+00	253	Soru 32. Metne göre, sosyal medya üzerindeki içeri	1	[{"added": {}}, {"added": {"name": "Variant", "object": "A) Takip\\u00e7i taleplerine uygun i\\u00e7erik \\u00fcretimi, \\u00f6zg\\u00fcn"}}, {"added": {"name": "Variant", "object": "B) \\u0130\\u00e7eri\\u011fin i\\u00e7eri\\u011finden \\u00e7ok etkile\\u015fim potansiyeli "}}, {"added": {"name": "Variant", "object": "C) Dijital ortam, bireylerin derinlikli ifade olan"}}, {"added": {"name": "Variant", "object": "D) T\\u0131klanabilirlik, d\\u00fc\\u015f\\u00fcnsel niteli\\u011fin \\u00f6n\\u00fcnde konu"}}]	13	1
386	2025-07-05 08:56:58.684004+00	254	Soru 33.  Üç boyutlu yazıcılar, bilgisayarda tasar	1	[{"added": {}}, {"added": {"name": "Variant", "object": "A) A paragraf\\u0131"}}, {"added": {"name": "Variant", "object": "B) B paragraf\\u0131"}}, {"added": {"name": "Variant", "object": "C) D paragraf\\u0131"}}, {"added": {"name": "Variant", "object": "D) E paragraf\\u0131"}}]	13	1
387	2025-07-05 08:58:29.23766+00	255	Soru 34. Bu teknoloji, doktorların hastalarına öze	1	[{"added": {}}, {"added": {"name": "Variant", "object": "A) E paragraf\\u0131"}}, {"added": {"name": "Variant", "object": "B) B paragraf\\u0131"}}, {"added": {"name": "Variant", "object": "C) A paragraf\\u0131"}}, {"added": {"name": "Variant", "object": "D) C paragraf\\u0131"}}]	13	1
388	2025-07-05 09:00:03.54057+00	256	Soru 35. Üç boyutlu yazıcılar, plastik ve metal gi	1	[{"added": {}}, {"added": {"name": "Variant", "object": "A) E paragraf\\u0131"}}, {"added": {"name": "Variant", "object": "B) D paragraf\\u0131"}}, {"added": {"name": "Variant", "object": "C) B paragraf\\u0131"}}, {"added": {"name": "Variant", "object": "D) C paragraf\\u0131"}}]	13	1
389	2025-07-07 12:16:52.405314+00	256	Soru 35. Üç boyutlu yazıcılar, plastik ve metal gi	3		13	1
390	2025-07-07 12:19:45.670861+00	257	Soru 35. Üç boyutlu yazıcılar, plastik ve metal gi	1	[{"added": {}}, {"added": {"name": "Variant", "object": "A) E paragraf\\u0131"}}, {"added": {"name": "Variant", "object": "B) D paragraf\\u0131"}}, {"added": {"name": "Variant", "object": "C) B paragraf\\u0131"}}, {"added": {"name": "Variant", "object": "D) C paragraf\\u0131"}}]	13	1
\.


--
-- Data for Name: django_content_type; Type: TABLE DATA; Schema: public; Owner: turan_user
--

COPY public.django_content_type (id, app_label, model) FROM stdin;
1	admin	logentry
2	auth	permission
3	auth	group
4	contenttypes	contenttype
5	sessions	session
6	common	versionhistory
7	users	user
8	users	country
9	users	region
10	users	verificationcode
11	multilevel	usertest
12	multilevel	test
13	multilevel	question
14	multilevel	option
15	multilevel	section
16	multilevel	useranswer
17	multilevel	testresult
18	multilevel	exam
19	main	language
20	payment	exampayment
21	payment	userbalance
22	payment	balancetransaction
23	payme	paymetransactions
\.


--
-- Data for Name: django_migrations; Type: TABLE DATA; Schema: public; Owner: turan_user
--

COPY public.django_migrations (id, app, name, applied) FROM stdin;
1	contenttypes	0001_initial	2025-06-28 18:00:09.999139+00
2	contenttypes	0002_remove_content_type_name	2025-06-28 18:00:10.029105+00
3	auth	0001_initial	2025-06-28 18:00:10.135654+00
4	auth	0002_alter_permission_name_max_length	2025-06-28 18:00:10.144514+00
5	auth	0003_alter_user_email_max_length	2025-06-28 18:00:10.155566+00
6	auth	0004_alter_user_username_opts	2025-06-28 18:00:10.169705+00
7	auth	0005_alter_user_last_login_null	2025-06-28 18:00:10.180353+00
8	auth	0006_require_contenttypes_0002	2025-06-28 18:00:10.186016+00
9	auth	0007_alter_validators_add_error_messages	2025-06-28 18:00:10.197699+00
10	auth	0008_alter_user_username_max_length	2025-06-28 18:00:10.210082+00
11	auth	0009_alter_user_last_name_max_length	2025-06-28 18:00:10.222085+00
12	auth	0010_alter_group_name_max_length	2025-06-28 18:00:10.237896+00
13	auth	0011_update_proxy_permissions	2025-06-28 18:00:10.248169+00
14	auth	0012_alter_user_first_name_max_length	2025-06-28 18:00:10.260658+00
15	users	0001_initial	2025-06-28 18:00:10.366759+00
16	admin	0001_initial	2025-06-28 18:00:10.406341+00
17	admin	0002_logentry_remove_auto_add	2025-06-28 18:00:10.41949+00
18	admin	0003_logentry_add_action_flag_choices	2025-06-28 18:00:10.434021+00
19	common	0001_initial	2025-06-28 18:00:10.445469+00
20	main	0001_initial	2025-06-28 18:00:10.458746+00
21	multilevel	0001_initial	2025-06-28 18:00:10.746479+00
22	multilevel	0002_section_usertestresult_remove_reading_language_and_more	2025-06-28 18:00:11.446088+00
23	multilevel	0003_usertest_end_time_usertest_payment_status_and_more	2025-06-28 18:00:11.603428+00
24	multilevel	0004_testresult_remove_useranswer_option_and_more	2025-06-28 18:00:11.938557+00
25	multilevel	0005_section_duration	2025-06-28 18:00:11.9526+00
26	multilevel	0006_alter_useranswer_user_answer	2025-06-28 18:00:11.965652+00
27	multilevel	0007_alter_useranswer_is_correct	2025-06-28 18:00:11.979967+00
28	multilevel	0008_test_options_array	2025-06-28 18:00:11.992592+00
29	multilevel	0009_alter_test_options_array	2025-06-28 18:00:12.005343+00
30	multilevel	0010_usertest_test_alter_useranswer_user_answer	2025-06-28 18:00:12.050128+00
31	multilevel	0011_section_level	2025-06-28 18:00:12.06615+00
32	multilevel	0012_remove_usertest_result_remove_usertest_test_and_more	2025-06-28 18:00:12.158357+00
33	multilevel	0013_alter_section_options_alter_test_options_and_more	2025-06-28 18:00:12.57622+00
34	multilevel	0014_alter_test_section_alter_testresult_section	2025-06-28 18:00:12.62482+00
35	multilevel	0015_testresult_created_at	2025-06-28 18:00:12.641876+00
36	multilevel	0016_remove_section_language_remove_section_level_exam_and_more	2025-06-28 18:00:12.731215+00
37	multilevel	0017_usertest_exam_usertest_transaction_id_and_more	2025-06-28 18:00:12.79658+00
38	multilevel	0018_alter_exam_price	2025-06-28 18:00:12.827055+00
39	multilevel	0019_alter_usertest_exam	2025-06-28 18:00:12.863622+00
40	multilevel	0020_alter_exam_level	2025-06-28 18:00:12.877165+00
41	multilevel	0021_question_preparation_time_question_response_time	2025-06-28 18:00:12.902338+00
42	payme	0001_initial	2025-06-28 18:00:12.938831+00
43	payme	0002_paymetransactions_fiscal_data	2025-06-28 18:00:12.953194+00
44	payme	0003_alter_paymetransactions_fiscal_data	2025-06-28 18:00:12.964786+00
45	payment	0001_initial	2025-06-28 18:00:13.007203+00
46	payment	0002_alter_payment_options_payment_expiry_date	2025-06-28 18:00:13.032887+00
47	payment	0003_remove_payment_test_payment_exam_and_more	2025-06-28 18:00:13.169746+00
48	payment	0004_exampayment_delete_payment	2025-06-28 18:00:13.211911+00
49	payment	0005_remove_exampayment_created_at_and_more	2025-06-28 18:00:13.290866+00
50	payment	0006_alter_exampayment_amount	2025-06-28 18:00:13.318993+00
51	payment	0007_remove_exampayment_amount	2025-06-28 18:00:13.337345+00
52	payment	0008_exampayment_amount	2025-06-28 18:00:13.357688+00
53	payment	0009_exampayment_created_at_exampayment_transaction_id	2025-06-28 18:00:13.387781+00
54	payment	0010_exampayment_updated_at	2025-06-28 18:00:13.409261+00
55	payment	0011_remove_exampayment_transaction_id	2025-06-28 18:00:13.428656+00
56	payment	0012_userbalance_balancetransaction	2025-06-28 18:00:13.496102+00
57	payment	0013_balancepayment_alter_userbalance_options_and_more	2025-06-28 18:00:13.772076+00
58	payment	0014_remove_userbalance_user_and_more	2025-06-28 18:00:13.854888+00
59	payment	0015_exampayment_created_at_exampayment_updated_at_and_more	2025-06-28 18:00:13.951546+00
60	sessions	0001_initial	2025-06-28 18:00:13.975654+00
61	users	0002_country_alter_user_options_remove_user_updated_at_and_more	2025-06-28 18:00:14.11958+00
62	users	0003_alter_user_email	2025-06-28 18:00:14.16575+00
63	users	0004_user_language_user_picture	2025-06-28 18:00:14.224718+00
64	users	0005_user_gender	2025-06-28 18:00:14.245014+00
65	users	0006_alter_user_email	2025-06-28 18:00:14.278669+00
66	users	0007_remove_user_username	2025-06-28 18:00:14.304414+00
67	users	0008_alter_user_email	2025-06-28 18:00:14.345294+00
68	users	0009_alter_user_email	2025-06-28 18:00:14.364829+00
69	users	0010_alter_user_email	2025-06-28 18:00:14.383307+00
70	users	0011_alter_user_managers	2025-06-28 18:00:14.40396+00
71	users	0012_verificationcode	2025-06-28 18:00:14.447129+00
\.


--
-- Data for Name: django_session; Type: TABLE DATA; Schema: public; Owner: turan_user
--

COPY public.django_session (session_key, session_data, expire_date) FROM stdin;
4grqbi2zb3sbj0gqobc858kvtv2cfe16	.eJxVjEEOwiAQRe_C2hCmEwZx6d4zEGAGqRqalHZlvLtt0oVu_3vvv1WI61LD2mUOI6uLAnX63VLMT2k74Eds90nnqS3zmPSu6IN2fZtYXtfD_TuosdetJl_OTJjI5IFQLLhIRoScQVvcIIWAxLAFH7F4YWSEwjll74E3T32-2Y44RA:1uN8Sc:eqDmOHYH0uVPMqc9hkzGTvPTsH_q3jl8mpNvPaUyWSs	2025-06-19 11:08:38.191+00
cw509d3vhyp7n41huw73g64vdxef3bcu	.eJxVjEEOwiAQRe_C2hCmEwZx6d4zEGAGqRqalHZlvLtt0oVu_3vvv1WI61LD2mUOI6uLAnX63VLMT2k74Eds90nnqS3zmPSu6IN2fZtYXtfD_TuosdetJl_OTJjI5IFQLLhIRoScQVvcIIWAxLAFH7F4YWSEwjll74E3T32-2Y44RA:1uDiCU:zBJ5RbZd-GpAkxj0lw4moKvwEHBCCvqWL4mSrbnXAzY	2025-05-24 11:17:02.312+00
f2kppjbvst035sl16jephei6r2o9zr2k	.eJxVjEEOwiAQRe_C2hCmEwZx6d4zEGAGqRqalHZlvLtt0oVu_3vvv1WI61LD2mUOI6uLAnX63VLMT2k74Eds90nnqS3zmPSu6IN2fZtYXtfD_TuosdetJl_OTJjI5IFQLLhIRoScQVvcIIWAxLAFH7F4YWSEwjll74E3T32-2Y44RA:1uDiag:qZr3PbBqv7pJZLKO640x0C1-dokq-wKijMkJC7AhGJY	2025-05-24 11:42:02.648+00
jn2xiqdwbzjpu4b472i7min13imuxj1n	.eJxVjEEOwiAQRe_C2hCmEwZx6d4zEGAGqRqalHZlvLtt0oVu_3vvv1WI61LD2mUOI6uLAnX63VLMT2k74Eds90nnqS3zmPSu6IN2fZtYXtfD_TuosdetJl_OTJjI5IFQLLhIRoScQVvcIIWAxLAFH7F4YWSEwjll74E3T32-2Y44RA:1uNPBl:-SvbILaWxyJc6rsQ65xtSIowWoVhozssZGcJCRZHm1Q	2025-06-20 05:00:21.001+00
xaketj2skeutj4x9p4wwimrbejy4vn5k	.eJxVjEEOwiAQRe_C2hCmEwZx6d4zEGAGqRqalHZlvLtt0oVu_3vvv1WI61LD2mUOI6uLAnX63VLMT2k74Eds90nnqS3zmPSu6IN2fZtYXtfD_TuosdetJl_OTJjI5IFQLLhIRoScQVvcIIWAxLAFH7F4YWSEwjll74E3T32-2Y44RA:1uSCO6:23Bo7Tvli-oAMubwRAIFmahCggeN9TGaDnG7JH_sDoI	2025-07-03 10:20:54.206+00
n6li2yqnf8094nwiqaikmrtlerf4u0lx	.eJxVjEEOwiAQRe_C2hCmEwZx6d4zEGAGqRqalHZlvLtt0oVu_3vvv1WI61LD2mUOI6uLAnX63VLMT2k74Eds90nnqS3zmPSu6IN2fZtYXtfD_TuosdetJl_OTJjI5IFQLLhIRoScQVvcIIWAxLAFH7F4YWSEwjll74E3T32-2Y44RA:1uWdZp:tiQsjqX2ULXf0WUcxl1gwdbIed69tZuI7qoO44osWFU	2025-07-15 16:11:21.163766+00
caafea0zgiy4is47cka7p18h2dhtlhwn	.eJxVjEEOwiAQRe_C2hCmEwZx6d4zEGAGqRqalHZlvLtt0oVu_3vvv1WI61LD2mUOI6uLAnX63VLMT2k74Eds90nnqS3zmPSu6IN2fZtYXtfD_TuosdetJl_OTJjI5IFQLLhIRoScQVvcIIWAxLAFH7F4YWSEwjll74E3T32-2Y44RA:1uYjmB:ondIOIo9o3snJDF2mGqufIPjV8f-PRCIxZf7KJ22EYk	2025-07-21 11:12:47.606055+00
ut7bzrhqn8x4j8m5kdt3kz0xpnbri4an	.eJxVjEEOwiAQRe_C2hCmEwZx6d4zEGAGqRqalHZlvLtt0oVu_3vvv1WI61LD2mUOI6uLAnX63VLMT2k74Eds90nnqS3zmPSu6IN2fZtYXtfD_TuosdetJl_OTJjI5IFQLLhIRoScQVvcIIWAxLAFH7F4YWSEwjll74E3T32-2Y44RA:1ud4Fj:3d1mG1gskH603dCk5kSLMOQ0QbIe-rWdSkbgg6VQm6s	2025-08-02 09:53:11.581473+00
64tdhqybi4o3t56bmi4ukigywdymgqsa	.eJxVjDEOwjAMRe-SGUWldhTDyM4ZothxSAElUtNOiLtDpQ6w_vfef5kQ16WEtescpmTOxpnD78ZRHlo3kO6x3pqVVpd5YrspdqfdXlvS52V3_w5K7OVbQ3IIjF5YHR6ZM4mHMTkXFYRBvAoxZZVMiDKgIhIloGF0JKfM5v0BA804ow:1ufzrY:CkSHpbbfed4qX8yq09fDuIjiiacSE4xnRcVFG94imHg	2025-08-10 11:48:20.521931+00
\.


--
-- Data for Name: main_language; Type: TABLE DATA; Schema: public; Owner: turan_user
--

COPY public.main_language (id, name, picture, flag) FROM stdin;
2	TR		🇹🇷
\.


--
-- Data for Name: multilevel_exam; Type: TABLE DATA; Schema: public; Owner: turan_user
--

COPY public.multilevel_exam (id, title, description, level, price, language_id) FROM stdin;
2	CEFR 1	Özbekistan Milii Sertifika Hazırlık  1. Deneme Sınavı.	multilevel	0	2
3	Turan Talim A1Seviyesi 1. Okuma Sınavı	Turan Talim A1 Seviyesi 1. Okuma Sınavı Türkçe öğrenenlerin A1 dil seviyesinde okuma becerilerini ölçmek için uzman ekiplerimizce hazırlana sorularımız öğrenme seviyenizi en üst düzeyde ölçüm yapar. Başarılar dileriz. \r\nTuran Yönetim Kurulu	a1	0	2
4	Turan Talim A2 Seviyesi 1. Okuma Sınavı	Bu bölüm toplam 25 puandır. 35 sorudan oluşmaktadır. Soruların puan değerleri eşittir. \r\nCevaplamaya istediğiniz sorudan başlayabilirsiniz. \r\nCevaplarınızı cevap kâğıdının ilgili bölümlerine işaretlemeyi unutmayınız.	a2	0	2
5	Turan Talim B1 Seviyesi 1. Okuma Sınavı	Bu bölüm toplam 25 puandır. 35 sorudan oluşmaktadır. Soruların puan değerleri eşittir. \r\nCevaplamaya istediğiniz sorudan başlayabilirsiniz. \r\nCevaplarınızı cevap kâğıdının ilgili bölümlerine işaretlemeyi unutmayınız.	b1	0	2
6	Turan Talim B2 Seviyesi 1. Okuma Sınavı	Bu bölüm toplam 25 puandır. 35 sorudan oluşmaktadır. Soruların puan değerleri eşittir. \r\nCevaplamaya istediğiniz sorudan başlayabilirsiniz. \r\nCevaplarınızı cevap kâğıdının ilgili bölümlerine işaretlemeyi unutmayınız.	b2	0	2
7	Turan Talim C1 Seviyesi 1. Okuma Sınavı	Bu bölüm toplam 25 puandır. 35 sorudan oluşmaktadır. Soruların puan değerleri eşittir. \r\nCevaplamaya istediğiniz sorudan başlayabilirsiniz. \r\nCevaplarınızı cevap kâğıdının ilgili bölümlerine işaretlemeyi unutmayınız.	c1	0	2
\.


--
-- Data for Name: multilevel_option; Type: TABLE DATA; Schema: public; Owner: turan_user
--

COPY public.multilevel_option (id, text, is_correct, question_id) FROM stdin;
1	A) Çünkü çok fazla zamanım vardı, acele etmedim.	f	1
2	B) Raporu teslim ettim ama başka bir rapor eksikti.	f	1
3	C) Teslim tarihini karıştırdığım için geç kaldım.	t	1
4	A) Çünkü bu yöntemin en etkili olduğunu düşündüm.	t	2
5	B) Başka bir yöntem denemek istedim ama vazgeçtim.	f	2
6	C) Projeyi yönetmedim, ekip arkadaşlarıma bıraktım.	f	2
7	A) Sunumu uzun tutmayı planlıyordum ama fırsat olmadı.	f	3
8	B) Sunum çok yoğundu ve daha fazla uzatmak istemedim.	f	3
9	C) Zaman kısıtlaması vardı, kısa tutmak zorundaydım.	t	3
10	A) Toplantının başlama saatini yanlış hatırladım.	f	4
11	B) Trafik beklenmedik şekilde yoğun olduğu için.	t	4
12	C) Toplantıya erken gelmek istedim ama zamanında yetişemedim.	f	4
13	A) Görev bana verilmediği halde gönüllü oldum.	f	5
14	B) Daha önce benzer bir görevi başarıyla tamamladığım için.	t	5
15	C) Görevden kimse memnun olmadığı için.	f	5
16	A) Türk dünyasının örf ve adetleri, topluluklar arasındaki bağları güçlendirmektedir.	f	26
17	B) Nevruz, Türk toplulukları arasında farklı anlamlara gelen bir bayramdır.	t	26
18	C) Misafirperverlik, Türk kültüründe büyük bir öneme sahiptir.	f	26
19	D) Türk dünyasının ortak değerleri, coğrafi farklılıklara rağmen varlığını sürdürmüştür.	f	26
20	A) Misafir, Türk kültüründe ağırlıkla sembolik bir öneme sahiptir.	f	27
21	B) Misafire verilen ikramlar, ev sahibinin itibarını artırır.	t	27
22	C) Misafirperverlik sadece kırsal bölgelerde önemlidir.	f	27
23	D) Türk topluluklarında misafir, genellikle tanrıdan bir ceza olarak görülür.	f	27
24	A) Kına geceleri, Türk dünyasında önemli bir evlilik ritüelidir.	f	28
25	B) Düğünlerde halk oyunları ve danslar geleneksel unsurlar arasındadır.	f	28
26	C) Düğünlerde toplumsal dayanışmayı artıracak etkinliklere yer verilmez.	t	28
27	D) Renkli kıyafetler ve büyük sofralar düğünlerin bir parçasıdır.	f	28
28	A) Atalara saygı göstermek	f	29
29	B) Baharın gelişini kutlamak	f	29
30	C) Sadece bireysel yaşantılara odaklanmak	t	29
31	D) Toplumsal dayanışmayı ön plana çıkarmak	f	29
32	A) Doğru	t	30
33	B) Yanlış	f	30
34	C) Verilmemiş	f	30
35	A) Doğru	f	31
36	B) Yanlış	f	31
37	C) Verilmemiş	t	31
38	A) Doğru	f	32
39	B) Yanlış	t	32
40	C) Verilmemiş	f	32
41	A) Doğru	f	33
42	B) Yanlış	t	33
43	C) Verilmemiş	f	33
44	A) Doğru	t	34
45	B) Yanlış	f	34
46	C) Verilmemiş	f	34
47	A) Özbekistan’da temizlik, sadece fiziksel değil manevi bir anlam da taşır.	f	35
48	B) Misafirperverlik, Özbek aile yapısının en temel değerlerinden biridir.	f	35
49	C) Çocuklara büyüklere saygı öğretilmesi, yalnızca bayram günleriyle sınırlıdır.	t	35
50	D) Yardımlaşma, Özbek kültüründe ahlaki bir sorumluluk olarak görülür.	f	35
51	A) Çocuklara yardımlaşmanın değeri sıkça vurgulanır.	f	36
52	B) Misafirler, Özbek kültüründe Tanrı’nın bir lütfu olarak kabul edilir.	f	36
53	C) Çocuklar, büyüklerin sözlerini dinlememeye teşvik edilir.	t	36
54	D) Temizlik ve düzen, Özbek kültüründe önemli bir yere sahiptir.	f	36
55	A) Özbekistan’da çocuklar, toplumsal dayanışma için küçük yaşlardan itibaren eğitilir.	t	37
56	B) Özbek kültüründe misafirperverlik, sadece aile büyükleri tarafından uygulanır.	f	37
57	C) Temizlik ve düzen, sadece ev içinde önemsenir.	f	37
58	D) Büyüklere saygı, Özbek ailelerinde önemsenmeyen bir gelenektir.	f	37
59	A) A. paragraf	f	38
60	B) B. paragraf	f	38
61	C) C. paragraf	t	38
62	D) E. paragraf	f	38
63	A) A. paragraf	f	39
64	B) B. paragraf	f	39
65	C) E. paragraf	f	39
66	D) D. paragraf	t	39
67	A) B. paragraf	f	40
68	B) D. paragraf	f	40
69	C) C. paragraf	f	40
70	D) E. paragraf	t	40
71	A) Çünkü kitap çok sürükleyiciydi.	t	41
72	B) Kitabı daha önceden okumuştum ve hızlıca tekrar ettim.	f	41
73	C) Kitap kısa olduğu için zaman almadı.	f	41
74	A) Soruyu anlayamadığım için.	f	42
75	B) Daha önce bu konuyu hiç düşünmediğimden.	f	42
76	C) Çünkü oldukça karmaşık ve dikkat gerektiriyordu.	t	42
77	A) Teklif bana ilginç gelmedi.	f	43
78	B) Koşullar benim için uygun olmadığı için.	t	43
79	C) Teklifi değerlendirme fırsatım olmadı.	f	43
80	A) Doğru	t	44
81	B) Yanlış	f	44
82	A) Doğru	t	45
83	B) Yanlış	f	45
84	A) Doğru	f	46
85	B) Yanlış	t	46
86	A) Doğru	f	47
87	B) Yanlış	t	47
88	A) Doğru	f	48
89	B) Yanlış	t	48
90	A) Doğru	t	49
91	B) Yanlış	f	49
92	A) Şehir içi ulaşımda yaşanan aksaklıklar hakkında bilgi verilmiştir.	f	50
93	B) Yüksek hızlı tren seferlerinin durdurulduğuna dair duyuru yapılmıştır.	f	50
94	C) Kabin bagajı kurallarına uyulması gerektiği belirtilmiştir.	f	50
95	D) Kara yolu otobüs seferlerinin iptal edildiğine dair duyuru yapılmıştır.	t	50
96	E) Şehir içi ulaşım ücretleriyle ilgili değişiklik yapılmıştır.	f	50
97	F) Ulaşımda özel güvenlik önlemleri alınmasına dair bilgilendirme yapılmıştır.	f	50
98	A) Şehir içi ulaşımda yaşanan aksaklıklar hakkında bilgi verilmiştir.	t	51
99	B) Yüksek hızlı tren seferlerinin durdurulduğuna dair duyuru yapılmıştır.	f	51
100	C) Kabin bagajı kurallarına uyulması gerektiği belirtilmiştir.	f	51
101	D) Kara yolu otobüs seferlerinin iptal edildiğine dair duyuru yapılmıştır.	f	51
102	E) Şehir içi ulaşım ücretleriyle ilgili değişiklik yapılmıştır.	f	51
103	F) Ulaşımda özel güvenlik önlemleri alınmasına dair bilgilendirme yapılmıştır.	f	51
104	A) Şehir içi ulaşımda yaşanan aksaklıklar hakkında bilgi verilmiştir.	f	55
105	B) Yüksek hızlı tren seferlerinin durdurulduğuna dair duyuru yapılmıştır.	f	55
106	C) Kabin bagajı kurallarına uyulması gerektiği belirtilmiştir.	t	55
107	D) Kara yolu otobüs seferlerinin iptal edildiğine dair duyuru yapılmıştır.	f	55
108	E) Şehir içi ulaşım ücretleriyle ilgili değişiklik yapılmıştır.	f	55
109	F) Ulaşımda özel güvenlik önlemleri alınmasına dair bilgilendirme yapılmıştır.	f	55
110	A) Şehir içi ulaşımda yaşanan aksaklıklar hakkında bilgi verilmiştir.	f	56
111	B) Yüksek hızlı tren seferlerinin durdurulduğuna dair duyuru yapılmıştır.	t	56
112	C) Kabin bagajı kurallarına uyulması gerektiği belirtilmiştir.	f	56
113	D) Kara yolu otobüs seferlerinin iptal edildiğine dair duyuru yapılmıştır.	f	56
114	E) Şehir içi ulaşım ücretleriyle ilgili değişiklik yapılmıştır.	f	56
115	F) Ulaşımda özel güvenlik önlemleri alınmasına dair bilgilendirme yapılmıştır.	f	56
116	A	f	57
117	B	t	57
118	C	f	57
119	D	f	57
120	E	f	57
121	F	f	57
122	G	f	57
123	H	f	57
124	A	t	58
125	B	f	58
126	C	f	58
127	D	f	58
128	E	f	58
129	F	f	58
130	G	f	58
131	H	f	58
132	A	f	59
133	B	f	59
134	C	t	59
135	D	f	59
136	E	f	59
137	F	f	59
138	G	f	59
139	H	f	59
140	A	f	60
141	B	f	60
142	C	f	60
143	D	f	60
144	E	t	60
145	F	f	60
146	G	f	60
147	H	f	60
148	A	f	61
149	B	f	61
150	C	f	61
151	D	f	61
152	E	f	61
153	F	f	61
154	G	t	61
155	H	f	61
156	A) Her ikisi de farklı alanlarda araştırma yapıyor ve kaynak bulmakta zorlanıyor.	t	62
157	B) Mahleraym sosyoloji üzerine çalışırken, Aziza bilimsel bir makale yazıyor.	f	62
158	C) Her ikisi de bireysel çalışmayı tercih ediyor ve fikir paylaşımı yapmıyor.	f	62
159	A) Öncelikle fiziksel kaynaklardan çalışmaya başlar.	f	63
160	B) Çevrimiçi arşivlere ve indekslere öncelik verir.	t	63
161	C) Çalışmalarını genellikle grup çalışmalarıyla yapar.	f	63
162	A) Yalnızca çevrimiçi derslere katılmak.	f	64
163	B) Dil bilgisi öğrenimine tamamen odaklanmak.	f	64
164	C) Şarkılar dinlemek ve konuşma pratiği yapmak.	t	64
165	A) Derslerin yetersiz olduğunu düşünmektedir.	f	65
166	B) Derslerin öğretmenleri etkili bulmaktadır.	t	65
167	C) Derslerin tamamını sıkıcı bulmaktadır.	f	65
168	A) Dinleme ve okuma bölümleri.	f	66
169	B) Sadece konuşma bölümü.	f	66
170	C) Okuma ve yazma bölümleri.	t	66
171	A) Kitap okuyarak kelime sıralamasını öğrenmek ve deneme sınavlarına katılmak.	t	67
172	B) Yalnızca konuşma pratiği yapmak.	f	67
173	C) Sadece öğretmenlerle çalışmak.	f	67
174	A) Nektarı peteklere bırakarak	f	68
175	B) Çiçeklerden nektar toplayarak	t	68
176	C) Balmumu üreterek	f	68
177	A) Kanat çırparak nektarın yoğunlaşmasını sağlamak	t	69
178	B) Nektarı doğrudan tüketmek	f	69
179	C) Balmumuyla petekleri kapatmak	f	69
180	A) Bal ürettikleri için	f	70
181	B) Çiçeklerin tozlaşmasını sağladıkları için	t	70
182	C) Petek gözlerini balmumuyla kapladıkları için	f	70
183	A) Bir arı, ömrü boyunca bir çay kaşığı kadar bal üretir.	f	71
184	B) Arılar, nektarı enzimlerle karıştırarak bal haline getirir.	f	71
185	C) Bal yapımı sırasında arılar sadece kovan içinde çalışır.	t	71
186	A) Nektarın su içeriğinin azaltılmasına	f	72
187	B) Balmumunun balın korunmasındaki rolüne	f	72
188	C) İnsanların arılarla kurduğu ilişkiye	t	72
189	A) Enzimlerle nektarı kimyasal olarak dönüştürmek	t	73
190	B) Balmumu üreterek nektarı kaplamak	f	73
191	C) Kanat çırparak nektarı doğrudan tüketmek	f	73
192	A) Altıda	f	102
193	B) Yedide	t	102
194	C) Sekizde	f	102
195	D) Dokuzda	f	102
196	A) Zeytin	f	103
199	D) Ekmek	f	103
200	A) Kitap okumuştur.	f	104
201	B) Çay demlemiştir.	f	104
202	C) Bahçede sebze toplamıştır.	t	104
203	D) Dere kenarında balık tutmuştur.	f	104
197	B) Peynir	f	103
198	C) Domates	t	103
204	A) Köyde çalışmak zordur.	f	105
205	B) Köyde bir gün huzurlu ve keyiflidir.	t	105
206	C) Şehirde yaşamak daha iyidir.	f	105
207	D) Tatilde alışveriş yapmak güzeldir.	f	105
208	A) Doğru	f	106
209	B) Yanlış	f	106
210	C) Verilmemiş	t	106
211	A) Doğru	t	107
212	B) Yanlış	f	107
213	C) Verilmemiş	f	107
214	A) Doğru	f	108
215	B) Yanlış	t	108
216	C) Verilmemiş	f	108
217	A) Doğru	t	109
218	B) Yanlış	f	109
219	C) Verilmemiş	f	109
220	A) Doğru	f	110
221	B) Yanlış	t	110
222	C) Verilmemiş	f	110
223	A) Kahvaltıda zeytin de vardı.	f	111
224	B) Kahvaltıdan sonra dışarı çıktı.	f	111
225	C) Şekerli çay içti.	t	111
226	D) Meyve olarak muz ve elma yedi.	f	111
227	A) Ekmek dilimi sayısı	f	112
228	B) Diş fırçalama zamanı	f	112
229	C) Elmanın rengi	f	112
230	D) Domatesin nerede alındığı	t	112
231	A) Sabah kahvaltısı işten önce yapılmıştır.	f	113
232	B) Muz biraz sertti ama yine de yedi.	t	113
233	C) Kahvaltı hazırlığı mutfakta başlamıştır.	f	113
234	D) Kişi kahvaltıdan sonra tabakları yıkamıştır.	f	113
235	A) 2. bölüm	f	114
236	B) 1. bölüm	f	114
237	C) 5. bölüm	f	114
238	D) 4. Bölüm	t	114
239	A) 3. bölüm	f	115
240	B) 2. bölüm	t	115
241	C) 5. bölüm	f	115
242	D) 1. bölüm	f	115
243	A) 4. bölüm	f	116
244	B) 1. bölüm	f	116
245	C) 5. Bölüm	t	116
246	D) 3. bölüm	f	116
247	A) Bir yaylada	f	137
248	B) Annesinin evinde	f	137
249	C) Şehir dışındaki otelde	f	137
250	D) Dedesinin köyünde	t	137
251	A) Alarm saatiyle	f	138
252	B) Dedesinin sesiyle	f	138
253	C) Horozların sesiyle	t	138
254	D) Telefon zil sesiyle	f	138
255	A) Nine	f	139
256	B) Çiftçi	t	139
257	C) Kasap	f	139
258	D) Öğretmen	f	139
259	A) Yürüyüşe çıkmıştır	t	140
260	B) Kitap okumuştur	f	140
261	C) Bakkala gitmiştir	f	140
262	D) Bahçeyi sulamıştır	f	140
264	B) Yanlış	f	141
263	A) Doğru	f	141
265	C) Verilmemiş	t	141
266	A) Doğru	t	142
267	B) Yanlış	f	142
268	C) Verilmemiş	f	142
269	A) Doğru	f	143
270	B) Yanlış	t	143
271	C) Verilmemiş	f	143
272	A) Doğru	t	144
273	B) Yanlış	f	144
274	C) Verilmemiş	f	144
275	A) Doğru	f	145
276	B) Yanlış	f	145
277	C) Verilmemiş	t	145
278	A) Dönüşü beklenenden erken gerçekleşmiştir.	f	146
279	B) Elif’in şehirde olmadığını bilmektedir.	t	146
280	C) Elif’i aramaktan vazgeçmiştir.	f	146
281	D) Terminalde onunla karşılaştığını fark etmemiştir.	f	146
282	A) Şehir ona zamanla ağır gelmeye başlamıştır.	f	147
283	B) Yusuf’la yaşadığı duygular geçmişte kalmıştır.	f	147
284	C) Terminalde duygusal bir boşalma yaşamıştır. D) Elif, ayrılma kararını aniden almıştır.	f	147
285	D) Elif, ayrılma kararını aniden almıştır.	t	147
286	A) Görüşme uzunca bir sohbetle sonuçlanmıştır.	t	148
287	B) Eski günler doğrudan konuşulmamıştır.	f	148
288	C) Karşılaşma sonrasında iki taraf da farklı yönlere gitmiştir.	f	148
289	D) Konuşma kısa ve nazik olmuştur.	f	148
290	A) C paragrafı	f	149
291	B) B paragrafı	t	149
292	C) A paragrafı	f	149
293	D) E paragrafı	f	149
294	A) C paragrafı	f	150
295	B) B paragrafı	f	150
296	C) A paragrafı	f	150
297	D) D paragrafı	t	150
298	A) C paragrafı	f	151
299	B) D paragrafı	f	151
300	C) E paragrafı	t	151
301	D) A paragrafı	f	151
302	A) Çamaşır astı	f	172
303	B) Kahve yaptı	f	172
304	C) Çamaşırları makineye attı	t	172
305	D) Balkona çıktı	f	172
306	A) Bahçeye	f	173
307	B) Balkona	t	173
308	C) Odaya	f	173
309	D) Çatıya	f	173
310	A) Pantolon	f	174
311	B) Gömlek	f	174
312	C) Tişört	f	174
313	D) Çorap	t	174
314	A) Ağaçta	t	175
315	B) Yolda	f	175
316	C) Komşuda	f	175
317	D) Balkonda	f	175
318	A) Doğru	t	176
319	B) Yanlış	f	176
320	C) Verilmemiş	f	176
321	A) Doğru	f	177
322	B) Yanlış	f	177
323	C) Verilmemiş	t	177
324	A) Doğru	f	178
325	B) Yanlış	t	178
326	C) Verilmemiş	f	178
327	A) Doğru	f	179
328	B) Yanlış	f	179
329	C) Verilmemiş	t	179
330	A) Doğru	t	180
331	B) Yanlış	f	180
332	C) Verilmemiş	f	180
333	A) Elif kek yaparken fırından biraz korkmuştur.	f	181
334	B) Elif anasının tarif defterini kullanmıştır.	f	181
335	C) Elif, ilk keki anası evdeyken pişirmiştir.	t	181
336	D) Elif kek yaparken cesaretini toplamıştır.	f	181
337	A) Elif’in kekleri başkaları tarafından beğenilmiştir.	f	182
338	B) Elif, kek tariflerine bazen farklı malzeme eklemiştir.	f	182
339	C) Elif kek yaparken sevdiği şarkıları dinlemiştir.	f	182
340	D) Elif, kek yapmayı bir meslek olarak seçmiştir.	t	182
341	A) Elif kek yaparken geçmişe dair anılar yaşamaktadır.	f	183
342	B) Elif, kek yapmayı bırakmıştır çünkü zor gelmiştir.	t	183
343	C) Elif, anası gibi mutfakta vakit geçirmeye başlamıştır.	f	183
344	D) Elif kek yaptıktan sonra deftere not yazmıştır.	f	183
345	A) A paragrafı	t	184
346	B) B paragrafı	f	184
347	C) D paragrafı	f	184
348	D) E paragrafı	f	184
349	A) C paragrafı	f	185
350	B) B paragrafı	t	185
351	C) A paragrafı	f	185
352	D) D paragrafı	f	185
353	A) E paragrafı	f	186
354	B) C paragrafı	f	186
355	C) A paragrafı	f	186
356	D) D paragrafı	t	186
357	A) Yalnızca yaşlılar tarafından	f	207
358	B) Herkesin katkı sağladığı ortak şekilde	t	207
359	C) Sadece evlerde yenilmek üzere	f	207
360	D) Kadınlar için ayrı, erkekler için ayrı	f	207
361	A) Uçurtma yapmak	f	208
362	B) Çay demlemek	f	208
363	C) Pilav için odun taşımak	t	208
364	D) Semeni pişirmek	f	208
365	A) Sabırla pişirilen geleneksel bir tatlıdır	t	209
366	B) Sadece çocuklara verilir	f	209
367	C) Şekersiz yapılır	f	209
368	D) Sadece büyük şehirlerde bilinir	f	209
369	A) Toplumsal dayanışma	f	210
370	B) Huzur	f	210
371	C) Sağlık	f	210
372	D) Yeni elbiseler	t	210
373	A) Doğru	f	211
374	B) Yanlış	t	211
375	C) Verilmemiş	f	211
376	A) Doğru	t	212
377	B) Yanlış	f	212
378	C) Verilmemiş	f	212
379	A) Doğru	f	213
380	B) Yanlış	f	213
381	C) Verilmemiş	t	213
382	A) Doğru	t	214
383	B) Yanlış	f	214
384	C) Verilmemiş	f	214
385	A) Doğru	f	215
386	B) Yanlış	f	215
387	C) Verilmemiş	t	215
388	A) Ürün yapmak eskiden uzun zaman alırdı.	f	216
389	B) Deneme yanılma yapmak pahalı ve yavaştı.	f	216
390	C) Bilgisayarda tasarlanan her şeyi gerçek nesneye dönüştürebilirdi.	t	216
391	D) Özel kalıplar hazırlanması gerekiyordu.	f	216
392	A) Her bir ürünün farklı yapılabilmesi.	f	217
393	B) Hastaya özel implantlar tasarlanabilmesi.	f	217
394	C) Müşterinin isteğine göre özel tabanlar üretilebilmesi.	f	217
395	D) Ürünün seri olarak ve aynı kalıpla üretilmesi.	t	217
396	A) Üretimi doğrudan ihtiyacın olduğu yere taşıyabilmek.	f	218
397	B) Taşıma maliyetlerinin ve zamanının artması.	t	218
398	C) Küresel tedarik zincirlerindeki bağımlılığın azalması.	f	218
399	D) Küçük atölyelerde veya evlerde bile üretim yapılabilmesi.	f	218
400	A) D paragrafı	f	219
401	B) B paragrafı	f	219
402	C) A paragrafı	t	219
403	D) E paragrafı	f	219
404	A) E paragrafı	f	220
405	B) B paragrafı	t	220
406	C) A paragrafı	f	220
407	D) D paragrafı	f	220
408	A) B paragrafı	f	221
409	B) D paragrafı	f	221
410	C) E paragrafı	f	221
411	D) C paragrafı	t	221
412	A) Doğa, insanın öngöremediği düzeyde karmaşıktır.	t	242
413	B) Tüm canlıların yaşamsal kaynağı güneştir.	f	242
414	C) Müdahale edilmemiş alanlar korunmalıdır.	f	242
415	D) Bilim, keşifle birlikte sınırlama erdemi de taşır.	f	242
416	A) Enerji kaynağı olarak jeotermal basınç kullanılır.	f	243
417	B) Güneş ışığına gerek duyulmadan yaşam mümkündür.	t	243
418	C) Tüm canlılar ışık üretimi yoluyla iletişim kurar.	f	243
419	D) Tüm türler yüzeyden göç ederek derine yerleşmiştir.	f	243
420	A) Bilimin sınır tanımazlığına hayranlık	f	244
421	B) Bilginin mutlaklaştırılması	f	244
422	C) Keşfetmenin sorumlulukla dengelenmesi	t	244
423	D) Teknolojik müdahalenin önceliklendirilmesi	f	244
424	A) Bilimin sınırları olması gerektiği	f	245
425	B) Okyanus derinlikleri bir vicdan metaforudur	f	245
426	C) İnsan müdahalesi geri dönüşsüz sonuçlar doğurabilir	f	245
427	D) Her keşfin beraberinde müdahale hakkı doğurduğu	t	245
428	A) Doğru	f	246
429	B) Yanlış	f	246
430	C) Verilmemiş	t	246
431	A) Doğru	t	247
432	B) Yanlış	f	247
433	C) Verilmemiş	f	247
434	A) Doğru	t	248
435	B) Yanlış	f	248
436	C) Verilmemiş	f	248
437	A) Doğru	f	249
438	B) Yanlış	t	249
439	C) Verilmemiş	f	249
440	A) Doğru	f	250
441	B) Yanlış	f	250
442	C) Verilmemiş	t	250
443	A) Beğenilme ihtiyacı, bireyin kendilik algısını dışsal geri bildirimlere bağımlı kılabilir.	f	251
444	B) Dijital görünürlüğün azalması, bireyde dışlanmışlık hissi yaratabilir.	f	251
445	C) Sosyal medya algoritmaları, etkileşim odaklı içerikleri ödüllendirerek yüzeyselliği ön plana çıkarır.	f	251
446	D) Beğeni kültürü, bireyin içsel tatmin kaynaklarını güçlendirir ve öz güvenini pekiştirir.	t	251
447	A) Otantik kimlik temsillerinin zayıflaması	f	252
448	B) Algoritmaların birey üzerindeki etkisinin bilinçli biçimde fark edilmesi	t	252
449	C) Sürekli bildirim alma isteğiyle psikolojik alışkanlıkların oluşması	f	252
450	D) Sessizlik dönemlerinde değersizlik hissinin tetiklenmesi	f	252
451	A) Takipçi taleplerine uygun içerik üretimi, özgünlüğün yerini stratejiye bırakabilir.	f	253
452	B) İçeriğin içeriğinden çok etkileşim potansiyeli önceliklidir.	f	253
453	C) Dijital ortam, bireylerin derinlikli ifade olanaklarını daha fazla teşvik eder.	t	253
454	D) Tıklanabilirlik, düşünsel niteliğin önünde konumlanabilir.	f	253
455	A) A paragrafı	t	254
456	B) B paragrafı	f	254
457	C) D paragrafı	f	254
458	D) E paragrafı	f	254
459	A) E paragrafı	f	255
460	B) B paragrafı	f	255
461	C) A paragrafı	f	255
462	D) C paragrafı	t	255
467	A) E paragrafı	t	257
468	B) D paragrafı	f	257
469	C) B paragrafı	f	257
470	D) C paragrafı	f	257
\.


--
-- Data for Name: multilevel_question; Type: TABLE DATA; Schema: public; Owner: turan_user
--

COPY public.multilevel_question (id, text, picture, answer, has_options, test_id, preparation_time, response_time) FROM stdin;
1	Soru 1.		\N	t	1	\N	\N
2	Soru 2.		\N	t	1	\N	\N
3	Soru 3.		\N	t	1	\N	\N
4	Soru 4.		\N	t	1	\N	\N
5	Soru 5.		\N	t	1	\N	\N
6	Soru 1.		G	f	7	\N	\N
7	Soru 2.		D	f	7	\N	\N
8	Soru 3.		F	f	7	\N	\N
9	Soru 4.		E	f	7	\N	\N
10	Soru 5.		A	f	7	\N	\N
11	Soru 6.		H	f	7	\N	\N
12	Soru 7. Osmanlı dönemine ait tarihi eserleri keşfetmek için düzenlenen müze turlarımızda, uzman rehberler eşliğinde unutulmaz bir deneyim yaşayabilirsiniz.		C	f	8	\N	\N
13	8. soru. Hafta sonları düzenlenen fotoğrafçılık kurslarımızla hem teorik hem de pratik eğitim alabilirsiniz. Şehrin güzelliklerini yakalamayı öğrenin!		H	f	8	\N	\N
14	9. Soru. Çocuklara yönelik resim, heykel ve yaratıcı drama atölyelerimizle minik sanatçıların hayal \r\ngüçlerini geliştirmelerine yardımcı oluyoruz		D	f	8	\N	\N
15	10.\tSoru. Geleneksel halk danslarını öğrenmek isteyenler için özel dersler ve grup etkinliklerimiz mevcut. Hem eğlenin hem kültürümüzü yaşayın!		E	f	8	\N	\N
16	11.\tSoru. Yerel sanatkarların el emeği göz nuru ürünlerini görmek ve satın almak için düzenlenen etkinliklerimize bekliyoruz.		J	f	8	\N	\N
17	12. Soru. Türk mutfağını öğrenmek isteyenler için geleneksel yemek kurslarımızda hem lezzetli hem eğlenceli anlar yaşayın.		A	f	8	\N	\N
18	13. Soru. Şehirden uzaklaşmadan doğayla iç içe kamp alanlarımızda, hafta sonunuzu huzurlu bir şekilde geçirebilirsiniz.		G	f	8	\N	\N
19	14. Soru. Popüler müzik gruplarının sahne aldığı aile dostu konser etkinliklerimizde hem eğlenin hem unutulmaz anılar biriktirin.		B	f	8	\N	\N
20	Soru 15.       I. Paragraf: ….		G	f	9	\N	\N
21	Soru 16.       II. Paragraf: …..		B	f	9	\N	\N
22	Soru 17.       III. Paragraf: …..		C	f	9	\N	\N
23	Soru 18.       IV. Paragraf: ….		D	f	9	\N	\N
24	Soru 19.       V. Paragraf: ….		E	f	9	\N	\N
25	Soru 20.       VI. Paragraf: …..		F	f	9	\N	\N
26	S21. Metnin bütününe göre aşağıdaki yargılardan hangisine varılamaz?		\N	t	10	\N	\N
27	S22. Türk dünyasında misafirperverlikle ilgili olarak aşağıdakilerden hangisi söylenebilir?		\N	t	10	\N	\N
28	S23. Türk dünyasındaki düğün gelenekleriyle ilgili aşağıdaki ifadelerden hangisi yanlıştır?		\N	t	10	\N	\N
29	S24. Metne göre, Türk topluluklarının ortak değerleri arasında aşağıdakilerden hangisi yer almaz?		\N	t	10	\N	\N
30	Soru 25. Nevruz bayramı, Türk toplulukları arasında farklı şekillerde kutlanır.		\N	t	10	\N	\N
31	Soru 26. Türk dünyasında misafire gösterilen saygı, dini bir inançtan kaynaklanmaktadır.		\N	t	10	\N	\N
32	Soru 27. Düğün gelenekleri, Türk dünyasında yalnızca kırsal bölgelerde görülmektedir.		\N	t	10	\N	\N
33	Soru 28. Atalara saygı, Türk dünyasının sadece bir kısmında görülen bir örftür.		\N	t	10	\N	\N
34	Soru 29. Türk dünyasının ortak örf ve adetleri, toplumsal birlik ve beraberliği artırmaktadır.		\N	t	10	\N	\N
35	Soru 30. Aşağıdaki cümlelerden hangisi metinden çıkarılamaz?		\N	t	11	\N	\N
36	Soru 31. Özbekistan’da çocukluk döneminde öğretilen örf ve adetler için aşağıdakilerden hangisi doğru değildir?		\N	t	11	\N	\N
37	Soru 32. Aşağıdakilerden hangisi metne göre doğru bir çıkarımdır?		\N	t	11	\N	\N
38	Soru 33. Özbek kültüründe misafirperverlik ve bunun çocuklara öğretilmesi hangi paragrafta ele alınmaktadır?		\N	t	11	\N	\N
39	Soru 34. Yardımlaşma ve toplumsal dayanışmanın Özbek toplumundaki önemi hangi paragrafta açıklanmaktadır?		\N	t	11	\N	\N
40	Soru 35. Temizlik ve düzenin çocuklara kazandırılmasının önemi hangi paragrafta yer almaktadır?		\N	t	11	\N	\N
41	Soru 6		\N	t	1	\N	\N
42	Soru 7		\N	t	1	\N	\N
43	Soru 8		\N	t	1	\N	\N
44	Soru 9. Sağlıklı bir iletişim, bireylerin hem hayat kalitesini hem de sosyal ilişkilerini olumlu yönde etkiler.		\N	t	2	\N	\N
45	Soru 10. Metinde, iletişim eksikliği yalnızca iş hayatında sorunlara neden olur, özel yaşamı etkilemez.		\N	t	2	\N	\N
46	Soru 11. İş yerinde güçlü iletişim becerilerine sahip liderler, ekip çalışmasının başarısında belirleyici bir rol oynar.		\N	t	2	\N	\N
47	Soru 12. Teknolojinin gelişmesi, yüz yüze iletişim kurma ihtiyacını tamamen ortadan kaldırmıştır.		\N	t	2	\N	\N
48	Soru 13. Empati, iletişimde sadece bir tarafın duygu ve düşüncelerini anlamak için kullanılır.		\N	t	2	\N	\N
49	Soru 14.Metinde geçen “aktif dinleme” ifadesi, “Sadece sessiz kalıp dinlemek” anlamında kullanılmamıştır.		\N	t	2	\N	\N
50	15. 4. konuşmacı: ...		\N	t	3	\N	\N
51	16. 1. konuşmacı: ...		\N	t	2	\N	\N
53	Bir Çağrı Merkezi Temsilcisi pozisyonu için iş ilanına cevap vererek e-posta yazınız.\r\nBir müşteri hizmetleri şirketi, müşterilerin çağrılarına yanıt verecek ve sorunlarını çözecek bir "Çağrı Merkezi Temsilcisi" arıyor. İş tanımı şu şekildedir:\r\n1.\tMüşterilerin sorularını yanıtlamak ve şikayetleri çözmek,\r\n2.\tSatış sonrası destek sağlamak,\r\n3.\tGünlük müşteri görüşmelerini raporlamak.\r\nŞirket, iletişim becerisi yüksek, sabırlı ve takım çalışmasına uygun adaylar arıyor. Daha önce müşteri hizmetleri alanında çalışmış adaylar tercih sebebidir. Resmi bir e-posta yazınız.\r\n(Bu soru 10 puan değerindedir. Cevaplama süreniz 20 dakikadır.)		\N	f	13	\N	\N
54	Günümüzde birçok anne iş hayatında aktif rol almaktadır. Bazı insanlar çalışan annelerin çocuklarına iyi bir rol model olduğunu ve onların daha bağımsız büyümesine katkı sağladığını savunmaktadır. Diğerleri ise çalışan annelerin çocuklarıyla yeterince ilgilenemediğini ve aile bağlarının zayıflayabileceğini düşünmektedir.  Her iki görüşü değerlendirerek kendi fikrinizi açıklayınız.\r\n250 sözcük yardımıyla yöntemlere uygun bir şekilde kompozisyon yazınız.\r\n(Bu soru 15 puan değerindedir. Cevaplama süresi 40 dakikadır.)		\N	f	14	\N	\N
55	17. 3. konuşmacı: ...		\N	t	3	\N	\N
56	18. 2. konuşmacı: ...		\N	t	3	\N	\N
57	Soru 19. Spor salonu …		\N	t	4	\N	\N
58	Soru 20. Gıda mağazası …		\N	t	4	\N	\N
59	Soru 21. Eskişehir Oteli …		\N	t	4	\N	\N
60	Soru 22. Lokanta …		\N	t	4	\N	\N
61	Soru 23. Hayvanat bahçesi …		\N	t	4	\N	\N
62	Soru 24. Mahleraym ve Azize'nın kütüphanedeki çalışmalarına dair hangi çıkarım yapılabilir?		\N	t	5	\N	\N
63	Soru 25. Mahleraym’ın araştırma yöntemiyle ilgili hangi çıkarım yapılabilir?		\N	t	5	\N	\N
64	Soru 26. Nadir’in Türkçe öğrenmek için önerdiği yöntem nedir?		\N	t	5	\N	\N
65	Soru 27. Destan'ın Turan Talim’deki derslere dair düşüncesi nedir?		\N	t	3	\N	\N
66	Soru 28. Bahadır’ın dil sertifikası sınavına hazırlanırken en çok dikkat ettiği alan nedir?		\N	t	5	\N	\N
67	Soru 29. Bahadır’ın Tahircan’a verdiği en önemli tavsiye nedir?		\N	t	5	\N	\N
68	Soru 30. Arılar, bal yapım sürecine nasıl başlar?		\N	t	6	\N	\N
69	Soru 31. Balın oluşum sürecinde arıların yaptığı en önemli işlem nedir?		\N	t	6	\N	\N
70	Soru 32. Metne göre, arılar neden ekosistem için önemlidir?		\N	t	6	\N	\N
71	Soru 33. Aşağıdaki ifadelerden hangisi yanlıştır?		\N	t	6	\N	\N
72	Soru 34. Arıların bal yapma sürecinde aşağıdakilerden hangisine değinilmemiştir?		\N	t	6	\N	\N
73	Soru 35. Arılar bal yapma sürecinde nektarı bal haline getirmek için aşağıdaki yöntemlerden hangisini kullanır?		\N	t	6	\N	\N
74	1.\tBugün öğrendiğiniz yeni bir bilgi veya kavram var mı?		\N	f	16	5	30
75	2.\tHayatınızdaki en önemli kişi kimdir? Neden?		\N	f	16	5	30
76	3.\tYaşadığınız şehirde bir gün geçirmek için en güzel yer neresi olurdu?		\N	f	16	5	30
77	1-\tBu resimlerde neler görüyorsunuz? Karşılaştırınız.	questions/1._konuşma_sınavı_12._resim.png	\N	f	16	5	45
78	2-\tDoğal ortamda yaşamanın önemi nedir?		\N	f	16	5	30
79	3-\tSiz doğal yaşamda yaşamayı tercih eder miydiniz? Neden?		\N	f	16	5	30
80	1-\tGöz doktoruna muayene oldunuz mu?\r\n2-\tGözlükler niçin kullanılır?\r\n3-\tGözlük ihtiyacı olan insanların hayatı nasıl olur?	questions/1._sınav_konuşma_3._resim_5pLSvTo.jpg	\N	f	17	60	120
81	Günümüzde birçok kişi uzun çalışma saatlerinden şikayetçi. Haftalık çalışma saatleri zorunlu olarak azaltılmalı mıdır?	questions/1._sınav_konuşma_4._resim.jpg.png	\N	f	18	60	120
82	Soru 1: …….		A	f	19	\N	\N
83	Soru 2: …….		E	f	19	\N	\N
84	Soru 3: …….		B	f	19	\N	\N
85	Soru 4: …….		G	f	19	\N	\N
86	Soru 5: …….		F	f	19	\N	\N
87	Soru 6: …….		D	f	19	\N	\N
88	Soru 7.  Türk kahvesi nasıl yapılır, öğrenmek istiyorum.		E	f	20	\N	\N
89	Soru 8.  Nevruz bayramında neler olduğunu görmek istiyorum.		A	f	20	\N	\N
90	Soru 9. Geleneksel yemekleri tanımak istiyorum.		B	f	20	\N	\N
91	Soru 10. Türkistan’daki müzikleri dinlemek istiyorum.		H	f	20	\N	\N
92	Soru 11 Eski çadırları görmek istiyorum.		C	f	20	\N	\N
93	Soru 12.  Renkli kıyafetleri tanımak istiyorum.		D	f	20	\N	\N
94	Soru 13. El yapımı halıları görmek istiyorum.		G	f	20	\N	\N
95	Soru 14.  Dutar ve kopuz gibi müzik aletlerini öğrenmek istiyorum.		F	f	20	\N	\N
96	Soru 15.       I. Paragraf   : ….		D	f	22	\N	\N
97	Soru 16.       II. Paragraf  : …..		H	f	22	\N	\N
98	Soru 17.       III. Paragraf : …..		A	f	22	\N	\N
99	Soru 18.       IV. Paragraf : ….		E	f	22	\N	\N
100	Soru 19.       V. Paragraf  : ….		F	f	22	\N	\N
101	Soru 20.       VI. Paragraf : ….		B	f	22	\N	\N
102	Soru 21. Yazar sabah saat kaçta uyanmıştır?		\N	t	23	\N	\N
104	Soru 23. Yazarın babası gün içinde ne yapmıştır?		\N	t	23	\N	\N
103	Soru 22. Yazar kahvaltıda aşağıdakilerden hangisini YEMEMİŞTİR?		\N	t	23	\N	\N
105	Soru 24. Aşağıdakilerden hangisi metnin ana fikridir?		\N	t	23	\N	\N
106	Soru 25. Yazar sabah dışarı çıkmadan önce kitap okumuştur.		\N	t	23	\N	\N
107	Soru 26. Metinde yazarın kardeşiyle dere kenarında oyun oynadığı söylenmektedir.		\N	t	23	\N	\N
108	Soru 27. Akşam yemeğini sadece dedesiyle yemiştir.		\N	t	23	\N	\N
109	Soru 28. Annesi öğle yemeğinde çorba yapmıştır.		\N	t	23	\N	\N
110	Soru 29. Çevrede hiç kelebek olmadığı belirtilmiştir.		\N	t	23	\N	\N
111	Soru 30. Aşağıdakilerden hangisi metinden çıkarılamaz?		\N	t	24	\N	\N
112	Soru 31. Metinde aşağıdaki bilgilerden hangisine yer verilmemiştir?		\N	t	24	\N	\N
113	Soru 32. Metne göre aşağıdaki yargılardan hangisine ulaşılamaz?		\N	t	24	\N	\N
114	Soru 33. Elma yeşil ama çok lezzetlidir.		\N	t	24	\N	\N
115	Soru 34. Masada peynir, ekmek, zeytin ve sebzeler var.		\N	t	24	\N	\N
116	Soru 35. Kahvaltıdan sonra mutfağı topladım.		\N	t	24	\N	\N
117	Soru 1: …….		F	f	30	\N	\N
118	Soru 2: …….		D	f	30	\N	\N
119	Soru 3: …….		B	f	30	\N	\N
120	Soru 4: …….		C	f	30	\N	\N
121	Soru 5: …….		E	f	30	\N	\N
122	Soru 6: …….		A	f	30	\N	\N
123	Soru 7. Günümü planlayarak başlamak bana kendimi daha huzurlu hissettiriyor.		B	f	31	\N	\N
124	Soru 8. Erken uyanmak bana tüm işlerimi zamanında yapma şansı veriyor.		C	f	31	\N	\N
125	Soru 9. Günlük yapılacaklar listesi hazırlamak verimliliğimi artırıyor.		A	f	31	\N	\N
126	Soru 10. Vaktimi iyi yönettiğimde stres seviyem düşüyor.		E	f	31	\N	\N
127	Soru 11. Boşa harcanan zamanı fark ettiğimde kendimi huzursuz hissediyorum.		H	f	31	\N	\N
128	Soru 12. Zamanı etkili kullanmak bana başarı duygusu kazandırıyor.		G	f	31	\N	\N
129	Soru 13. İşlerimi öncelik sırasına göre yapmak daha az yorulmamı sağlıyor.		I	f	31	\N	\N
130	Soru 14. Planlı bir yaşamla sosyal hayatımı da daha iyi dengeleyebiliyorum.		D	f	31	\N	\N
131	Soru 15.       I. Paragraf   : ….		D	f	32	\N	\N
132	Soru 16.       II. Paragraf  : …..		B	f	32	\N	\N
133	Soru 17.       III. Paragraf : …..		G	f	32	\N	\N
134	Soru 18.       IV. Paragraf : ….		C	f	32	\N	\N
135	Soru 19.       V. Paragraf  : ….		A	f	32	\N	\N
136	Soru 20.       VI. Paragraf : ….		F	f	32	\N	\N
137	Soru 21. Ali tatilini nerede geçiriyordu?		\N	t	33	\N	\N
138	Soru 22. Ali sabahları nasıl uyanıyordu?		\N	t	23	\N	\N
139	Soru 23. Ali’nin yürüyüş yaptığı sırada kimle karşılaştığı belirtilmiştir?		\N	t	33	\N	\N
140	Soru 24. Ali kahvaltıdan önce ne yapmıştır?		\N	t	33	\N	\N
141	Soru 25. Ali sabahları kahvaltıdan önce süt içmektedir.		\N	t	33	\N	\N
142	Soru 26. Dede sabah sobayı yakmıştır.		\N	t	33	\N	\N
143	Soru 27. Ali yürüyüş sırasında yağmur yağmıştır.		\N	t	33	\N	\N
144	Soru 28. Ali çiftçiye selam vermiştir.		\N	t	33	\N	\N
145	Soru 29. Ali verandada otururken köy meydanında düğün olduğunu duymuştur.		\N	t	33	\N	\N
146	Soru 30. Aşağıdakilerden hangisi Yusuf’un terminale dönüşü hakkında söylenemez?		\N	t	34	\N	\N
147	Soru 31. Aşağıdakilerden hangisi Elif’in şehirden ayrılış süreciyle ilgili çıkarılamaz?		\N	t	34	\N	\N
148	Soru 32. Aşağıdakilerden hangisi sergideki karşılaşmayla ilgili doğru değildir?		\N	t	34	\N	\N
149	Soru 33. Elif, şehirden ayrılırken geçmişe duyduğu kırgınlığı ve yorgunluğu terminalde yaşar.		\N	t	34	\N	\N
150	Soru 34. Elif ve Yusuf’un bir fotoğraf üzerinden geçmişi hatırlaması, içlerinde taşıdıkları pişmanlıkları da ortaya çıkarır.		\N	t	34	\N	\N
151	Soru 35. Yıllar sonra aynı ortamda karşılaşan ikili, geçmişe değil bugüne odaklanarak kısa ama anlamlı bir sohbet yapar.		\N	t	34	\N	\N
152	Soru 1: …….		C	f	25	\N	\N
153	Soru 2: …….		G	f	25	\N	\N
154	Soru 3: …….		E	f	25	\N	\N
155	Soru 4: …….		H	f	25	\N	\N
156	Soru 5: …….		F	f	25	\N	\N
157	Soru 6: …….		A	f	25	\N	\N
158	Soru 7. Daha enerjik olmak ve yorgun hissetmemek istiyorum.		D	f	26	\N	\N
159	Soru 8. Kalbim ve kaslarım güçlü olsun istiyorum.		C	f	26	\N	\N
160	Soru 9. Hasta olmak istemiyorum, mikroplardan korunmalıyım.		H	f	26	\N	\N
161	Soru 10. Vücudumun içten iyi çalışmasını ve susuz kalmamasını istiyorum.		A	f	26	\N	\N
162	Soru 11. Kafamı dinlendirmek ve daha iyi düşünmek istiyorum.		G	f	26	\N	\N
163	Soru 12. Gelecekte büyük sağlık sorunları yaşamamak için şimdi önlem almak istiyorum.		E	f	26	\N	\N
164	Soru 13. Vücuduma zararlı maddeler sokmaktan kaçınmak istiyorum.		F	f	26	\N	\N
165	Soru 14. Daha sağlıklı ve dengeli beslenmek istiyorum.		B	f	26	\N	\N
166	Soru 15.       I. Paragraf   : ….		F	f	27	\N	\N
167	Soru 16.       II. Paragraf  : …..		E	f	27	\N	\N
168	Soru 17.       III. Paragraf : …..		D	f	27	\N	\N
169	Soru 18.       IV. Paragraf : ….		A	f	27	\N	\N
170	Soru 19.       V. Paragraf  : ….		B	f	27	\N	\N
171	Soru 20.       VI. Paragraf : ….		C	f	27	\N	\N
172	Soru 21. Zehra Hanım sabah ilk olarak ne yaptı?		\N	t	28	\N	\N
173	Soru 22. Zehra Hanım çamaşırları nereye astı?		\N	t	28	\N	\N
174	Soru 23. Hangi çamaşır ipten uçtu?		\N	t	28	\N	\N
175	Soru 24. Zehra Hanım çorabı nerede buldu?		\N	t	28	\N	\N
176	Soru 25. Zehra Hanım sabah evi süpürdü.		\N	t	28	\N	\N
177	Soru 26. Zehra Hanım çorap için yeni mandal kullandı.		\N	t	28	\N	\N
178	Soru 27. Çorap, bir taşın üzerine düşmüştü.		\N	t	28	\N	\N
179	Soru 28. Zehra Hanım çamaşırlar kururken televizyon izledi.		\N	t	28	\N	\N
180	Soru 29. Zehra Hanım kuruyan çamaşırları izlemek yerine kahve içip dergi okudu.		\N	t	28	\N	\N
181	Soru 30. Aşağıdakilerden hangisi metinden çıkarılamaz?		\N	t	29	\N	\N
182	Soru 31. Metne göre aşağıdakilerden hangisine değinilmemiştir?		\N	t	29	\N	\N
183	Soru 32. Aşağıdaki yargılardan hangisine metinden ulaşılamaz?		\N	t	29	\N	\N
184	Soru 33. Elif, anasının kek tarifini defterine yazmış ama uzun süre denememiştir.		\N	t	29	\N	\N
185	Soru 34. Elif, kek yaparken malzemeleri dikkatle hazırlayıp cesaretini toplamıştır.		\N	t	29	\N	\N
186	Soru 35. Kek yapmak Elif’e güven vermiş ve geçmişi hatırlatmıştır.		\N	t	29	\N	\N
187	Soru 1: …….		D	f	35	\N	\N
188	Soru 2: …….		F	f	35	\N	\N
189	Soru 3: …….		H	f	35	\N	\N
190	Soru 4: …….		B	f	35	\N	\N
191	Soru 5: …….		G	f	35	\N	\N
192	Soru 6: …….		E	f	35	\N	\N
193	Soru 7. Ana dil, kişinin kendisini tanıtmasında önemli bir rol oynar.		C	f	37	\N	\N
194	Soru 8. Zengin kelime hazinesi, düşünceyi genişletir.		D	f	37	\N	\N
195	Soru 9. Duygular, ana dilde daha açık anlatılır.		G	f	37	\N	\N
196	Soru 10. Etkili bir anlatım için dili doğru kullanmak gerekir.		A	f	37	\N	\N
197	Soru 11. Dil sayesinde insanlar olayları daha kolay anlayabilir.		B	f	37	\N	\N
198	Soru 12. Doğru kelime seçimi, iletişimin netliğini artırır.		E	f	37	\N	\N
199	Soru 13. Açık ve anlaşılır konuşmak, bireyin özgüvenini yükseltir.		H	f	37	\N	\N
200	Soru 14.Yazı yazarken düşünceleri düzenlemek daha kolay hale gelir.		F	f	37	\N	\N
201	Soru 15.       I. Paragraf   : ….		E	f	36	\N	\N
202	Soru 16.       II. Paragraf  : …..		B	f	36	\N	\N
203	Soru 17.       III. Paragraf : …..		F	f	36	\N	\N
204	Soru 18.       IV. Paragraf : ….		D	f	36	\N	\N
205	Soru 19.       V. Paragraf  : ….		C	f	36	\N	\N
206	Soru 20.       VI. Paragraf : ….		G	f	36	\N	\N
207	Soru 21. Nevruz’da sofralar nasıl hazırlanır?		\N	t	38	\N	\N
208	Soru 22. Ali’nin bayram hazırlıklarındaki görevi nedir?		\N	t	38	\N	\N
209	Soru 23. Aşağıdakilerden hangisi Semeni tatlısı için söylenebilir?		\N	t	38	\N	\N
210	Soru 24. Dua sırasında dile getirilen istekler arasında ne yer almaz?		\N	t	38	\N	\N
211	Soru 25. Ali, kutlama sırasında uçurtma uçurdu.		\N	t	38	\N	\N
212	Soru 26. Nevruz yemeğinde herkes sofraya davet beklemeden oturdu.		\N	t	38	\N	\N
213	Soru 27. Ali'nin annesi semeni tatlısını pişirdi.		\N	t	38	\N	\N
214	Soru 28. Sofrada insanlar birbirlerinin yemeklerinden tattılar.		\N	t	38	\N	\N
215	Soru 29. Kalan yemekler kutlamadan sonra çöpe atıldı.		\N	t	38	\N	\N
216	Soru 30. Metne göre, geleneksel üretim süreçleri hakkında aşağıdakilerden hangisi doğru değildir?		\N	t	39	\N	\N
217	Soru 31.  Aşağıdakilerden hangisi, üç boyutlu yazıcıların üretimde sağladığı kişiye özel üretim avantajlarından biri değildir?		\N	t	39	\N	\N
218	Soru 32. Metne göre, üç boyutlu yazıcıların üretim süreçlerini yerelleştirmesiyle ilgili aşağıdakilerden hangisi beklenmez?		\N	t	39	\N	\N
219	Soru 33.  Üç boyutlu yazıcılar, bilgisayarda tasarlanan nesneleri farklı malzemelerle katman katman oluşturarak, tasarımcıların hayallerini daha hızlı ve ucuz test etmelerine olanak tanır.		\N	t	39	\N	\N
220	Soru 34. Bu teknoloji, doktorların hastalarına özel implantlar yapabilmesi gibi, ürünlerin her birinin kişiye özel olarak üretilmesine imkan sağlayarak israfı azaltır.		\N	t	39	\N	\N
221	Soru 35. Üç boyutlu yazıcılar, plastik ve metal gibi farklı malzemelerle çalışarak, ürünlerin daha hafif, daha güçlü olmasını sağlar ve eski parçaların kolayca onarılmasına yardımcı olur.		\N	t	39	\N	\N
222	Soru 1: …….		A	f	40	\N	\N
223	Soru 2: …….		H	f	40	\N	\N
224	Soru 3: …….		D	f	40	\N	\N
225	Soru 4: …….		E	f	40	\N	\N
226	Soru 5: …….		B	f	40	\N	\N
227	Soru 6: …….		G	f	40	\N	\N
228	Soru 7. Üniversitedeki teknik olanaklar hakkında bilgi almak istiyorum.		A	f	41	\N	\N
229	Soru 8. Okurken ekonomik olarak rahat edebilecek miyim?		B	f	41	\N	\N
230	Soru 9. Farklı gelenekleri nasıl deneyimleyeceğim?		D	f	41	\N	\N
231	Soru 10. Okul dışında gezebilecek miyim?		C	f	41	\N	\N
232	Soru 11. Mezun olunca iş bulma şansım nasıl olur?		E	f	41	\N	\N
233	Soru 12. Birden fazla dil öğrenme fırsatım olacak mı?		F	f	41	\N	\N
234	Soru 13. Derslerimde yardım alabilecek miyim?		G	f	41	\N	\N
235	Soru 14. Uluslararası arkadaşlar edinecek miyim?		H	f	41	\N	\N
236	Soru 15.       I. Paragraf   : ….		C	f	42	\N	\N
237	Soru 16.       II. Paragraf  : …..		A	f	42	\N	\N
238	Soru 17.       III. Paragraf : …..		E	f	42	\N	\N
239	Soru 18.       IV. Paragraf : ….		D	f	42	\N	\N
240	Soru 19.       V. Paragraf  : ….		G	f	42	\N	\N
241	Soru 20.       VI. Paragraf : ….		F	f	42	\N	\N
242	Soru 21. Aşağıdakilerden hangisi İlayda’nın okyanus altı yaşamına yönelik yaklaşımıyla doğrudan çelişmez?		\N	t	43	\N	\N
243	Soru 22. Metinde okyanus tabanındaki hidrotermal bacalarla ilgili olarak aşağıdakilerden hangisi ifade edilmiştir?		\N	t	43	\N	\N
244	Soru 23. Metne göre İlayda'nın bilim anlayışı hangi ilkeye en çok yakındır?		\N	t	43	\N	\N
245	Soru 24. Aşağıdakilerden hangisi metnin vurguladığı etik mesajlardan biri değildir?		\N	t	43	\N	\N
246	Soru 25. İlayda, keşfettikleri omurgasız türün tüm özelliklerini detaylı bir makaleyle yayımlamıştır.		\N	t	43	\N	\N
247	Soru 26. Derin deniz canlıları bazen mevcut bilimsel sınıflandırmalara uymamaktadır.		\N	t	43	\N	\N
248	Soru 27. Metne göre kemosentez, derin deniz organizmalarının enerji üretiminde kullanıldığı bir süreçtir.		\N	t	43	\N	\N
249	Soru 28. İlayda, bilim insanlarının doğayı sınırsız şekilde kullanma hakkına sahip olduğunu savunmaktadır.		\N	t	43	\N	\N
250	Soru 29. Metinde İlayda'nın araştırma bulgularının hangi uluslararası kuruluş tarafından desteklendiği belirtilmiştir.		\N	t	43	\N	\N
251	Soru 30. Metne göre, dijital onay kültürü hakkında aşağıdakilerden hangisi doğru değildir?		\N	t	44	\N	\N
252	Soru 31. Aşağıdakilerden hangisi, onaylanma döngüsünün bireyde yaratabileceği sonuçlardan biri değildir?		\N	t	44	\N	\N
253	Soru 32. Metne göre, sosyal medya üzerindeki içerik üretimi hakkında aşağıdakilerden hangisi doğru değildir?		\N	t	44	\N	\N
254	Soru 33.  Üç boyutlu yazıcılar, bilgisayarda tasarlanan nesneleri farklı malzemelerle katman katman oluşturarak, tasarımcıların hayallerini daha hızlı ve ucuz test etmelerine olanak tanır.		\N	t	44	\N	\N
255	Soru 34. Bu teknoloji, doktorların hastalarına özel implantlar yapabilmesi gibi, ürünlerin her birinin kişiye özel olarak üretilmesine imkan sağlayarak israfı azaltır.		\N	t	44	\N	\N
257	Soru 35. Üç boyutlu yazıcılar, plastik ve metal gibi farklı malzemelerle çalışarak, ürünlerin daha hafif, daha güçlü olmasını sağlar ve eski parçaların kolayca onarılmasına yardımcı olur.		\N	t	44	\N	\N
\.


--
-- Data for Name: multilevel_section; Type: TABLE DATA; Schema: public; Owner: turan_user
--

COPY public.multilevel_section (id, type, title, description, duration, exam_id) FROM stdin;
1	listening	Turan Talim CEFR 1. Sınav Dinleme Bölümü	Turan Talim CEFR 1. Sınav Dinleme Bölümü Soruları	40	2
2	reading	Turan Talim CEFR 1. Sınav Okuma Bölümü	Turan Talim CEFR 1. Sınav Okuma Bölümü Soruları	60	2
3	writing	Turan Talim CEFR 1. Sınav Yazma Bölümü	Yazılı sınav iki bölümden oluşmaktadır.\r\n1. Bölümde belirli bir durum ve temel sorulara dayanarak resmî üsluba uygun mektup yazılması gerekmektedir.\r\n2. Bölümde belirli bir sorun içeren konu üzerinde akademik üsluba uygun kompozisyon yazılması gerekmektedir.\r\nSüre: 1 saat.\r\nCevaplarınızı cevap kağıdına yazmayı unutmayınız.	63	2
4	speaking	Turan Talim CEFR 1. Sınav Konuşma Bölümü	Turan Talim CEFR 1. Sınav Konuşma Bölümü Soruları	14	2
5	reading	A1 Seviyesi 1. Okuma Sınavı	Bu sınav Türkçe Öğrenenlerin A1 dil seviyesinde okuma becerilerini ölçmek için uzman ekiplerimizce hazırlanmıştır. \r\nTuran Yönetim Kurulu	40	3
6	reading	Turan Talim A2 Seviyesi 1. Okuma Sınavı	Turan Talim Türkçe öğrenen siz çok değerli arkadaşlarımız için uzman kadromuz tarafından titizlikle milli sertifika sınavı metodunu kullanarak; Türkçeyi A2 seviyesinde ne kadar öğrendiğinizi en üst derecede ölçen okuma sınavını hazırlamıştır. Başarılar dileriz. Turan Yönetim Kurulu	40	4
7	reading	Turan Talim B1 Seviyesi 1. Okuma Sınavı	Turan Talim Türkçe öğrenen siz çok değerli arkadaşlarımız için uzman kadromuz tarafından titizlikle milli sertifika sınavı metodunu kullanarak; Türkçeyi B1 seviyesinde ne kadar öğrendiğinizi en üst derecede ölçen okuma sınavını hazırlamıştır. Başarılar dileriz. Turan Yönetim Kurulu	45	5
8	reading	Turan Talim B2 Seviyesi 1. Okuma Sınavı	Turan Talim siz değerli Türkçe öğrenen arkadaşlarımızın, Milli Türkçe sınavlarında başarılı olmaları için, uzman kadromuz tarafından tamamen milli sertifika sınavında çıkan soru tiplerine bire bir uygun olarak titizlikle hazırladığımız B2 seviyesi sınavlarımız sizlerin başarılı olmanızda çok büyük katkılar sağlayacaktır. Turan Yönetim Kurulu.	50	6
9	reading	Turan Talim C1 Seviyesi 1. Okuma Sınavı	Turan Talim siz değerli Türkçe öğrenen arkadaşlarımızın, Milli Türkçe sınavlarında başarılı olmaları için, uzman kadromuz tarafından tamamen milli sertifika sınavında çıkan soru tiplerine bire bir uygun olarak titizlikle hazırladığımız C1 seviyesi sınavlarımız sizlerin başarılı olmasında çok büyük katkılar sağlayacaktır. Turan Yönetim Kurulu.	60	7
\.


--
-- Data for Name: multilevel_test; Type: TABLE DATA; Schema: public; Owner: turan_user
--

COPY public.multilevel_test (id, title, description, picture, audio, text_title, text, sample, constraints, "order", section_id, options_array) FROM stdin;
1	1. Dinleme Bölümü (1-8)	Sorular 1-8. Dinlediğiniz cümleleri tamamlayınız. Cümleleri iki defa dinleyeceksiniz. Her cümleye cevap olabilecek en doğru seçeneği (A, B veya C) işaretleyiniz.		tests/audio/1._Sınav-1.metin_dinleme_hazır.mp3	\N		Örnek Soru \r\nA) Sinirli olmamaya çalışıyorum. \r\nB) Fedakar olmayı artık bıraktım. \r\nC) İşlerim yolunda. \r\nDoğru cevap: B		1	1	
2	2. Dinleme Bölümü (9-14)	Sorular 9-14. Dinlediğiniz metne göre aşağıdaki cümleler için DOĞRU ya da YANLIŞ seçeneklerinden birini işaretleyiniz. \r\nDOĞRU – cümle, dinleme metnindeki bilgilerle uyumlu ve/veya tutarlıysa \r\nYANLIŞ – cümle, dinleme metnindeki bilgilerle tutarsız ve/veya çelişkiliyse		tests/audio/1._sınav_2._metin_dinleme_hazır.mp3	\N				2	1	
3	3. Dinleme Bölümü (15-18)	Sorular 15-18. Şimdi insanların farklı durumlardaki konuşmalarını dinleyeceksiniz. Her konuşmacının (15-18) konuşmalarını ait olduğu seçenekleri (A-F) işaretleyiniz. Seçmemeniz gereken İKİ seçenek bulunmaktadır.		tests/audio/1._sınav_3._metin_dinleme_hazır.mp3	\N				3	1	
4	4. Dinleme Bölümü (19-23)	Dinleme metnine göre haritadaki yerleri (A-H) işaretleyiniz (19-23). Seçilmemesi gereken ÜÇ seçenek bulunmaktadır.	tests/pictures/cer.png	tests/audio/1._sınav_4._metin_dinleme_hazır.mp3	\N				4	1	
5	5. Dinleme Bölümü (24-29)	Sorular 24-29. Aşağıdaki soruları okuyunuz ve dinleme metinlerine göre doğru seçeneği (A, B ya da C) işaretleyiniz.		tests/audio/1._sınav_5._metin_dinleme_hazır.mp3	\N				5	1	
6	6. Dinleme Bölümü (30-35)			tests/audio/1._sınav_6._metin_dinleme_hazır.mp3	\N				6	1	
7	1.\tOKUMA METNİ  (1-6. sorular)	Aşağıdaki metni okuyunuz ve alttaki sözcükleri (A–H) kullanarak boşlukları (1-6) doldurunuz. Her sözcük yalnızca bir defa kullanılabilir. Seçmemeniz gereken İKİ seçenek bulunmaktadır.			PARA	Para, toplumların ekonomik hayatını düzenleyen en temel unsurlardan biridir. Tarih boyunca insanlar, ticaret yapmak ve ihtiyaçlarını karşılamak için farklı yöntemler geliştirmiştir. İlk dönemlerde takas yöntemi yaygınken, daha sonra değerli madenler para olarak kullanılmaya başlanmıştır. Altın ve gümüş, uzun bir süre _________ (S1) olarak kabul edilmiştir.\r\nModern dönemde ise kâğıt ve madeni paralar, yerini elektronik paralara bırakmaya başlamıştır. Kartlar ve dijital ödeme sistemleri, alışverişlerde zaman ve _________ (S2) sağladığı için giderek yaygınlaşmaktadır.\r\nParanın sadece bir alışveriş aracı olmadığı unutulmamalıdır; aynı zamanda bir değer saklama ve yatırım aracıdır. İnsanlar, birikimlerini güvenli bir şekilde korumak ve zamanla büyütmek için bankaları ve finansal _________ (S3) tercih ederler.\r\nAncak paranın ekonomik ve toplumsal etkileri, tartışmaları da beraberinde getirmiştir. Aşırı para sevgisi, bireylerde _________ (S4) yaratabilir ve sosyal ilişkileri olumsuz etkileyebilir. Bunun yanı sıra, eşitsiz gelir dağılımı, toplumsal huzursuzluğa neden olan önemli bir faktördür.\r\nGünümüzde para, yalnızca fiziksel bir araç değil, aynı zamanda bir sembol hâline gelmiştir. İnsanların para ile ilişkisi, kültürel ve _________ (S5) faktörlere bağlı olarak değişiklik gösterebilir. Bu durum, toplumların ekonomik sistemlerini ve bireylerin günlük yaşamlarını _________ (S6) şekilde şekillendirmektedir.			1	2	A) maddi       B) köklü        C) sembol         D) hızlılık         E) psikolojik        F) sistemler      G) temel      H) güçlü
8	2. OKUMA METNİ (7-14. sorular)	Aşağıda verilen durumları (A–J) ve bilgi metinlerini (7–14) okuyunuz. Her durum için uygun olan metni bulup uygun seçeneği işaretleyiniz. Her seçenek yalnız bir defa kullanılabilir. Seçilmemesi gereken İKİ seçenek bulunmaktadır.			\N				2	2	A)\tGeleneksel Türk yemekleri yapmayı öğrenmek istiyorsunuz.\r\nB)\tAilenizle birlikte bir müzik konserine gitmek istiyorsunuz.\r\nC)\tOsmanlı dönemine ait eserlerin sergilendiği bir müzeyi ziyaret etmek istiyorsunuz.\r\nD)\tÇocuklarınız için bir sanat atölyesi arıyorsunuz.\r\nE)\tYerel halk danslarını öğrenmek istiyorsunuz.\r\nF)\tTarihi bir yürüyüş turuna katılmak istiyorsunuz.\r\nG)\tHafta sonu için doğayla iç içe bir kamp etkinliğine katılmak istiyorsunuz.\r\nH)\tFotoğrafçılık becerilerinizi geliştirmek istiyorsunuz.\r\nİ)\tBir yazarın imza gününe katılmak istiyorsunuz.\r\nJ)\tYerel el sanatlarını tanımak ve satın almak istiyorsunuz.
9	3. OKUMA METNİ (15-20. sorular)	Aşağıdaki başlıkları (A-H) ve paragrafları (15-20) okuyunuz. Her paragraf için uygun bir başlık bulunuz. Her başlık yalnız bir defa kullanılabilir.			\N	Turan Talim'in Öğrencilerine Bakış Açısı\r\nI. Turan Talim’in Eğitimdeki Yaklaşımı ve Felsefesi\r\nTuran Talim, eğitim sürecini öğrencilerin bireysel özelliklerini ve potansiyellerini ön plana çıkaracak şekilde tasarlamaktadır. Bu sistem, öğrencileri pasif bir bilgi alıcısı olarak görmek yerine, onların yaratıcı düşünme becerilerini geliştiren ve özgüvenlerini artıran bir yaklaşımı benimser. Eğitimin sadece bireysel başarı değil, aynı zamanda toplumsal fayda sağlaması gerektiğine inanan Turan Talim, öğrencilere liderlik vasıflarını güçlendiren ve sorumluluk bilinci kazandıran bir eğitim sunar. Bu yaklaşım, öğrencilerin hem akademik hem de sosyal açıdan dengeli bir birey olmasını sağlar.\r\nII. Akademik ve Uygulamalı Eğitim Dengesi\r\nTuran Talim, teorik bilgi ile pratik becerilerin dengeli bir şekilde öğrencilere kazandırılmasını amaçlar. Öğrencilere matematik, fen bilimleri ve tarih gibi temel disiplinlerin yanı sıra, yaratıcı düşünme, iletişim ve işbirliği gibi çağdaş beceriler kazandırılır. Eğitim sürecinde öğrencilerin yalnızca bilgiye erişimi değil, aynı zamanda bu bilgiyi nasıl kullanacakları da öğretilir. Proje tabanlı öğrenme yöntemleri ve uygulamalı etkinliklerle öğrenciler, edindikleri teorik bilgileri gerçek dünyada deneyimleyerek daha anlamlı bir öğrenme süreci yaşarlar.\r\nIII. Dayanışma ve Rekabetin Birlikte Dengelenmesi\r\nTuran Talim, öğrenci gelişiminde dayanışmayı teşvik ederken sağlıklı bir rekabet ortamı yaratmayı da hedefler. Grup çalışmaları, sosyal etkinlikler ve bilgi yarışmaları gibi uygulamalar sayesinde öğrenciler, bireysel başarılarını dayanışma içinde geliştirme fırsatı bulurlar. Rekabetin sınırları zorlamayı teşvik ettiği, dayanışmanın ise bireyler arasındaki bağları güçlendirdiği bu sistem, öğrencilerin hem bireysel hem de toplumsal ilişkilerde dengeli bir yaklaşım sergilemelerini sağlar.\r\nIV. Kültürel Değerlerin Aktarımı ve Korunması\r\nTuran Talim, Türk dünyasının ortak kültürel mirasını öğrencilere aktarmayı ve bu mirası koruyarak yeni nesillere taşımayı önemli bir görev olarak görür. Müfredatta yer alan tarih, edebiyat ve sanat dersleri, öğrencilerin kültürel kimliklerini güçlendirmelerine katkıda bulunur. Ayrıca, öğrencilerin bu değerleri modern bir bağlamda nasıl koruyabileceklerini ve diğer kültürlerle nasıl uyumlu bir şekilde yaşayabileceklerini öğrenmeleri sağlanır. Kültürel etkinlikler ve geleneksel festivaller de bu sürecin bir parçasıdır.\r\nV. Teknolojik Eğitim Araçlarının Kullanımı\r\nTuran Talim, modern teknolojiyi eğitim sürecinin ayrılmaz bir parçası haline getirmiştir. Öğrencilere dijital okuryazarlık, programlama ve yapay zeka gibi beceriler kazandırılırken, online ders materyalleri ve etkileşimli öğrenme platformları da eğitimde aktif bir şekilde kullanılmaktadır. Teknolojinin bu etkili kullanımı, öğrencilerin hem bireysel öğrenme süreçlerini hızlandırır hem de onları geleceğin dünyasına hazırlayan önemli bir araç haline gelir.\r\nVI. Toplumsal Fayda Sağlayan Projeler ve Gönüllülük Çalışmaları\r\nTuran Talim, öğrencilerinin yalnızca akademik başarıya değil, toplumsal katkıya da odaklanmasını teşvik eder. Çevre bilinci, sosyal sorumluluk projeleri ve gönüllülük etkinlikleri gibi uygulamalar, öğrencilerin topluma faydalı bireyler olmasını sağlar. Bu projeler, öğrencilerin yalnızca bilgiyle değil, aynı zamanda etik değerlerle donatılmasını hedefler. Bu yaklaşım, bireysel başarıdan çok daha fazlasını sunarak toplumun genel kalkınmasına katkıda bulunur.			3	2	A) Eğitimde Bireysel Potansiyeli Keşfetme\r\nB) Akademik ve Pratik Becerilerin Dengesi\r\nC) Dayanışma ve Rekabet Dengesi\r\nD) Kültürel Değerlerin Korunması ve Aktarımı\r\nE) Teknolojik Araçların Eğitimdeki Rolü\r\nF) Sosyal Sorumluluk ve Toplumsal Fayda\r\nG) Liderlik ve Sorumluluk Odaklı Eğitim\r\nH) Küresel Dünyada Kültürel Kimliğin Güçlendirilmesi
10	4. OKUMA METNİ (21-29. sorular)	21-29. soruları cevaplamak için aşağıdaki metni okuyunuz. Doğru seçeneği işaretleyiniz.\r\n25-29. Sorulardaki cümleler metne göre DOĞRU, YANLIŞ ya da VERİLMEMİŞ olabilir. İlgili seçeneği işaretleyiniz. \r\nDOĞRU – cümle, metindeki bilgilerle uygun ve/veya tutarlıysa, \r\nYANLIŞ – cümle, metindeki bilgilerle tutarsız ve/veya çelişkiliyse, \r\nVERİLMEMİŞ – cümle, metindeki bilgilerde yer almıyor ve/veya belirtilmemişse.			\N	Türk Dünyasının Ortak Örf ve Adetleri\r\nTürk dünyası, tarih boyunca geniş bir coğrafyaya yayılan ve farklı kültürel etkiler altında kalan milletlerden oluşsa da, ortak örf ve adetler bu geniş coğrafyada yaşayan Türk topluluklarını birbirine bağlayan önemli unsurlar arasında yer almaktadır. Bu ortak değerler, geçmişten günümüze kadar aktarılan gelenekler, kutlamalar ve sosyal yaşam biçimleriyle kendini göstermektedir.\r\nTürk dünyasının en dikkat çeken ortak geleneklerinden biri Nevruz bayramıdır. Baharın gelişini müjdeleyen bu özel gün, Türk toplulukları tarafından coşkuyla kutlanır. Nevruz, doğanın yeniden canlanması ve kardeşlik duygularının pekiştirilmesi açısından büyük bir öneme sahiptir. Bu bayramda ateş üzerinden atlama, çeşitli oyunlar oynama ve geleneksel yemekler yapma gibi ritüeller ortak bir mirasın yansımalarıdır.\r\nBir diğer ortak örf ise misafirperverliktir. Türk toplulukları, misafiri “Tanrı misafiri” olarak kabul eder ve ona büyük bir saygı gösterir. Hangi Türk topluluğu olursa olsun, misafire ikram edilen yemekler ve gösterilen ilgi, bu kadim geleneğin önemini ortaya koyar. Türk kültüründe misafir ağırlama, ev sahibinin onuru sayılmaktadır.\r\nEvlilik ve düğün gelenekleri de Türk dünyasının ortak değerleri arasında yer almaktadır. Geleneksel kına geceleri, gelin alayı ve çeşitli halk oyunları, düğünlerin vazgeçilmez unsurlarıdır. Bu geleneklerde kullanılan renkli kıyafetler, çalgılar ve danslar, ortak bir kültürel zenginliği temsil eder. Ayrıca, düğünlerde büyük sofralar kurularak herkesin bir araya gelmesi, toplumsal dayanışmanın en güzel örneklerindendir.\r\nTürk topluluklarının bir diğer ortak örfü ise atalarına saygıdır. Büyüklerin deneyimlerinden faydalanma ve onlara olan hürmet, Türk dünyasının hemen her toplumunda gözlemlenebilir. Bayram ziyaretleri, büyüklere saygının ve toplumsal dayanışmanın bir göstergesidir.\r\nSonuç olarak, Türk dünyasının ortak örf ve adetleri, kültürel bağların korunmasına ve güçlendirilmesine hizmet etmektedir. Bu gelenekler, farklı coğrafyalarda yaşayan Türk topluluklarının aynı değerler etrafında buluşmasını sağlar ve ortak bir kimlik yaratır.			4	2	
13	Yazma 1	1. Bölümde belirli bir durum ve temel sorulara dayanarak resmî üsluba uygun mektup yazılması gerekmektedir.			\N				1	3	
14	Yazma 2	2. Bölümde belirli bir sorun içeren konu üzerinde akademik üsluba uygun kompozisyon yazılması gerekmektedir.			\N				2	3	
16	1. Bölüm Konuşma	1. Bölüm. \r\nBirinci bölüm, iki kısımdan oluşmaktadır. Önce, size kendiniz ve ilgi alanlarınız hakkında üç kısa soru sorulacaktır. Ardından, iki resim gösterilecek ve onlara ilişkin üç soru sorulacaktır. Sorulara hazırlanmak için zamanınız olmayacaktır. Her bir soruyu yanıtlamanız için 30 saniyeniz var. İşaret sesi olarak zil sesini duyduktan sonra, konuşmaya başlayabilirsiniz.			\N				1	4	
17	2. Bölüm Konuşma	2. Bölüm. \r\n   Bu bölümde size bir resim gösterilecek ve üç soru sorulacaktır. Konuşmaya başlamadan önce hazırlanmanız için bir dakikanız olacaktır. Verilen üç soruyu cevaplamanız için iki dakikanız var. İşaret sesi olarak zil sesini duyduktan sonra, konuşmaya başlayabilirsiniz.			\N				2	4	
18	3. Bölüm Konuşma	3. Bölüm. \r\nBu bölümde, belirli bir konu hakkında iki dakikalık bir konuşma yapmanız gerekmektedir. Ekranda konu ve bu konunun lehinde ve aleyhinde listelenmiş maddeler, tablo şeklinde gösterilecektir. Her bir listeden iki madde seçerek, konunun her iki tarafını da temsil eden dengeli bir argüman oluşturmalısınız. Argümanınızı hazırlamak için bir dakikanız olacaktır. Ardından, iki dakikalık konuşmanızı gerçekleştireceksiniz. İşaret sesi olarak zil sesini duyduktan sonra, konuşmaya başlayabilirsiniz.			\N				3	4	
20	A1 Seviyesi 1. Okuma Sınavı 2. Bölüm (7-14)	Aşağıda verilen durumları (A–J) ve bilgi metinlerini (7–14) okuyunuz. Her durum için uygun olan metni bulup uygun seçeneği işaretleyiniz. Her seçenek yalnız bir defa kullanılabilir. Seçilmemesi gereken İKİ seçenek bulunmaktadır.			Türk Kültürü				2	5	A)\tBayram günü insanlar evde yemek yapar, büyükleri ziyaret eder, çocuklara şeker verir.\r\nB)\tKatmer, tandır ekmeği, etli pilav gibi yemekler Türkistan’da çok ünlüdür.\r\nC)\tYurt adı verilen büyük çadırlar yuvarlaktır. Eskiden insanlar burada yaşardı.\r\nD)\tRenkli kıyafetler, uzun elbiseler ve işlemeli şapkalar kültürel günlerde giyilir.\r\nE)\tTürk kahvesi cezvede pişer. Köpüklü olur ve yavaş yavaş içilir.\r\nF)\tDutar ve kopuz gibi müzik aletleri geleneksel müzikte çok önemlidir.\r\nG)\tEl dokuması halılar renklidir. Üzerinde desenler ve hayvan şekilleri vardır.\r\nH)\tMüzikler canlıdır. Düğünlerde ve bayramlarda insanlar bu müziklerle oynar.
22	A1 Seviyesi 1. Okuma Sınavı 3. Bölüm (15-20)	Aşağıdaki başlıkları (A-H) ve paragrafları (15-20) okuyunuz. Her paragraf için uygun bir başlık bulunuz. Her başlık yalnız bir defa kullanılabilir.			Okul Günü	1. paragraf\r\nMert sabah saat yedide uyanır. Elini yüzünü yıkar. Kahvaltı yapar. Sonra çantasını alır ve okula gider.\r\n2. paragraf\r\nZeynep okula yürüyerek gider. Yolda çiçeklere bakar. Okula gelince arkadaşlarına “Günaydın” der.\r\n3. paragraf\r\nDers başlıyor. Öğretmen sınıfa giriyor. Öğrenciler defterlerini çıkarıyor. Kalemlerini hazırlıyorlar.\r\n4. paragraf\r\nTeneffüs zamanı! Çocuklar bahçeye çıkar. Koşarlar, oyun oynarlar. Bazıları simit yer, bazıları su içer.\r\n5. paragraf\r\nÖğle yemeğinde pilav ve yoğurt var. Ayşe yemekhaneye gider. Yemeğini yer, suyunu içer ve sınıfa döner.\r\n6. paragraf\r\nOkul bitince öğrenciler evlerine döner. Bazıları otobüse biner, bazıları yürür. Herkes yorgun ama mutlu olur.			3	5	A) Öğrenciler derse başlamak için kalem ve defter hazırlar.\r\nB) Okuldan sonra herkes evine döner ve dinlenir.\r\nC) Kitapçıdan yeni kitap alan çocuk çok heyecanlıdır.\r\nD) Sabah erken kalkan bir çocuk okula hazırlanır.\r\nE) Öğrenciler teneffüste oyun oynar ve atıştırmalık yer.\r\nF) Öğrenciler öğle yemeğinde yemekhaneye gider.\r\nG) Tatilde denize giden aile çok eğlenir.\r\nH) Okula yürüyerek giden bir çocuk yolda çiçeklere bakar.
19	A1 Seviyesi 1. Okuma Sınavı 1. Bölüm (1-6)	Aşağıdaki metni okuyunuz ve alttaki sözcükleri (A–H) kullanarak boşlukları (1-6) doldurunuz. Her sözcük yalnızca bir defa kullanılabilir. Seçmemeniz gereken İKİ seçenek bulunmaktadır.			Suyu Tasarruflu Kullanma	Aşağıdaki metni okuyunuz ve alttaki sözcükleri (A–H) kullanarak boşlukları (1–6) doldurunuz. Her sözcük yalnızca bir defa kullanılabilir. Seçmemeniz gereken İKİ seçenek bulunmaktadır.\r\nHer gün evde ve okulda suyu kullanırız. Su, yaşam için çok önemlidir. Bu yüzden suyu boşa ______ (1) gerekir. Ben suyu her zaman dikkatli kullanırım. Sabahları dişlerimi fırçalarken musluğu ______ (2). Elimizi yıkarken de musluğu gereğinden fazla ______ (3).\r\nAnnem ve babam bana suyun ne kadar önemli olduğunu anlatır. Onlar da suyu ______ (4) kullanır. Banyoda duş yaparken çok kalmam. Su olmadan ______ (5) olmaz. Bu yüzden herkesin bu konuda dikkatli olması gerekir. Su, en önemli kaynağımızdır. Onu korumak bizim görevimizdir. Çünkü su ______ (6) demektir.			1	5	A) harcamamak B) açmam C) temizler D) hayat E) kapatırım F) yaşam G) tasarruflu H) kullanır
23	A1 Seviyesi 1. Okuma Sınavı 4. Bölüm (21-29)	21-29. soruları cevaplamak için aşağıdaki metni okuyunuz. Doğru seçeneği işaretleyiniz.\r\n\r\n21-24. Sorular: Metne göre doğru seçeneği işaretleyiniz.\r\n\r\n25-29. Sorular: Sorulardaki cümleler metne göre DOĞRU, YANLIŞ ya da VERİLMEMİŞ olabilir.			Köyde Bir Gün	Sabah saat yedide uyandım. Pencereyi açtım, hava temizdi. Köyde kuşlar güzel şarkılar söylüyordu. Kahvaltıda taze ekmek, peynir ve zeytin vardı. Annem sıcak çay demlemişti. Babam bahçede çalışıyordu. O, domates ve biber topluyordu. Ben de ona yardım ettim. Topraktaki sebzeler çok güzel görünüyordu.\r\n     Sonra küçük kardeşimle dere kenarına gittik. Orada oynadık, suya taş attık. Çevrede ağaçlar, çiçekler ve kelebekler vardı. Öğle yemeğinde annem mercimek çorbası yaptı. Yemekten sonra dedemle çardakta oturduk. O bana eski günleri anlattı. Akşam olduğunda hep birlikte yemek yedik ve erken yattık. Bugün köyde çok güzel bir gündü.			4	5	
24	A1 Seviyesi 1. Okuma Sınavı 5. Bölüm (30-35)	30-35. soruları cevaplamak için aşağıdaki metni okuyunuz. Doğru seçeneği işaretleyiniz.\r\n30-32. Soruları Metne göre doğru seçeneği (A, B, C veya D) işaretleyiniz\r\n33-35. Sorularda Aşağıdaki cümleleri okuyunuz. Cümlelerin hangi paragraflara (1-5) ait olduğunu bulunuz.			Sabah Kahvaltısında Ne Yedim?	1. Bölüm\r\nBu sabah erken uyandım. Saat yedide kalktım. Önce yüzümü yıkadım, sonra mutfağa gittim. Karnım çok açtı. Hemen kahvaltı hazırlamak istedim. Bugün işim vardı, bu yüzden hızlı bir kahvaltı yapmalıydım.\r\n2. Bölüm\r\nMasaya bir dilim peynir ve iki dilim ekmek koydum. Zeytin de vardı. Beş tane siyah zeytin aldım. Yanına biraz domates ve salatalık da ekledim. Çok açtım, hemen yemeye başladım.\r\n3. Bölüm\r\nAnnem bana bir bardak çay getirdi. Çay sıcaktı. Şeker koymadım çünkü şekersiz içiyorum. Çayla birlikte peynirli ekmek çok güzel oldu. Domates ve salatalık da tazeydi.\r\n4. Bölüm\r\nKahvaltıdan sonra biraz meyve yedim. Bir muz ve bir elma yedim. Meyveler tatlıydı. Elma yeşildi ama çok lezzetliydi. Muz ise biraz yumuşaktı ama güzeldi.\r\n5. Bölüm\r\nKahvaltı bittikten sonra mutfağı topladım. Tabakları yıkadım, masayı sildim. Sonra dişlerimi fırçaladım. Çantamı aldım ve işe gitmek için evden çıktım. Güzel bir sabah oldu.			5	5	
26	A2 Seviyesi 1. Okuma Sınavı 2. Bölüm (7-14)	Aşağıda verilen durumları (A–J) ve bilgi metinlerini (7–14) okuyunuz. Her durum için uygun olan metni bulup uygun seçeneği işaretleyiniz. Her seçenek yalnız bir defa kullanılabilir. Seçilmemesi gereken İKİ seçenek bulunmaktadır.			Sağlıklı Yaşam Alışkanlıkları				2	6	Açıklayıcı Cümleleri:\r\nA. Vücudumuzun doğru çalışması ve enerjik kalması için her gün yeterli miktarda su içmek çok önemlidir. \r\nB. Meyve, sebze ve tam tahıllar gibi besinleri düzenli olarak tüketmek, vücudumuza vitamin ve mineral sağlar. \r\nC. Vücudumuzu hareket ettirmek, kaslarımızı güçlendirir ve kalbimizin sağlıklı kalmasına yardımcı olur. Yürüyüş, koşu veya spor yapmak buna örnektir. \r\nD. Yeterli süre dinlenmek, hem bedenimizin hem de zihnimizin yenilenmesine yardımcı olur. Genellikle her gece 7-8 saat uyumak tavsiye edilir. \r\nE. Doktor kontrolleri, olası sağlık sorunlarını erkenden fark etmemizi sağlar ve tedavi için önemlidir. \r\nF. Sigara ve alkol gibi zararlı maddelerden uzak durmak, uzun vadede ciddi hastalıklara karşı vücudumuzu korur. \r\nG. Stresli durumlarla başa çıkmak için nefes egzersizleri, hobi edinme veya meditasyon gibi yollar bulmak, zihinsel sağlığımızı korur. \r\nH. Ellerimizi yıkamak veya dişlerimizi fırçalamak gibi basit alışkanlıklar, mikroplardan korunmamızı sağlar ve bizi hastalıklara karşı dirençli yapar. \r\nI. Bazen sağlıklı bir yaşam için doktor veya diyetisyen gibi uzmanlardan tavsiye almak faydalı olabilir. \r\nJ. Açık havada zaman geçirmek ve doğayla iç içe olmak, hem ruh halimizi iyileştirir hem de temiz hava almamızı sağlar.
43	C1 Seviyesi 1. Okuma Sınavı 4. Bölüm (21-29)	21-29. soruları cevaplamak için aşağıdaki metni okuyunuz. Doğru seçeneği işaretleyiniz.\r\n21-24. Sorular: Metne göre doğru seçeneği işaretleyiniz.\r\n25-29. Sorular: Sorulardaki cümleler metne göre DOĞRU, YANLIŞ ya da VERİLMEMİŞ olabilir.			\N	Derinliklerin Sessizliği: Okyanus Tabanındaki Ekosistemlerin Bilinmeyen Dünyası\r\nİnsanlık tarih boyunca hep ulaşabildiği yerlere dair bilgi üretmiş, görünmeyen bölgeleri ise ya mitolojilere bırakmış ya da ihmal etmiştir. Okyanus tabanı, bu anlamda hâlâ hem bilimsel hem felsefi karanlığını koruyan nadir coğrafyalardan biridir. Güneş ışığının ulaşmadığı, basıncın ölümcül olduğu bu zifiri alanlarda, yaşamın nasıl varlık bulabildiği sorusu yalnızca biyolojik değil; aynı zamanda varoluşsal bir merak alanına dönüşmüştür.\r\nİlayda, deniz biyolojisi alanında çalışan bir doktora araştırmacısıdır. Okyanus tabanındaki hidrotermal bacaların çevresinde yaşayan mikroorganizmalar üzerine çalışır. Bu bacalar, yerkabuğunun derinliklerinden gelen sıcak suların kimyasal bileşimiyle, canlı yaşamı için olağandışı koşullar yaratır. Yüzeydeki ekosistemlerde güneş enerjisiyle besin üretimi yapılırken; burada enerji kaynağı kemosentezdir. Bu da yaşamın “ışığa bağımlı olma” mitini kırar niteliktedir. İlayda’ya göre bu durum, insanın doğaya dair varsayımlarının yeniden sorgulanması gerektiğini ortaya koyar.\r\nBir saha çalışması sırasında, ekibiyle birlikte manyetik dalgalara tepki veren bir omurgasız tür keşfetmiştir. Bu canlı, hareketlerini bulunduğu ortamın elektromanyetik alanına göre düzenlemektedir. Bu bulgu, yalnızca biyolojik değil; iletişimsel ve çevresel adaptasyonlar açısından da çığır açıcıdır. Ancak bu canlı hakkında yapılan analizlerin ne kadar yayımlandığı bilgisi sınırlıdır. İlayda bu keşfi, doğadaki düzenin insan aklının öngörebileceğinden çok daha karmaşık olduğunu gösteren simgesel bir örnek olarak görür.\r\nBuna rağmen, son yıllarda hız kazanan derin deniz madenciliği çalışmaları, bu yaşam katmanlarının yeni bir tehlikeyle karşı karşıya olduğunu göstermektedir. Yeryüzünde azalan nadir toprak elementleri için, okyanus tabanları cazip hâle gelmiştir. Ancak bu müdahalelerin yaratacağı tahribat büyük ölçüde öngörülememektedir. İlayda, derinliklerdeki sessizliğin, yalnızca fiziksel değil; etik bir sessizlik olduğunu savunur. Müdahale edilmemiş alanlar, insanın hâlâ haddini bildiği birkaç yerden biri olabilir.\r\nOna göre bilim, sadece keşfetme arzusu değildir. Bilim, keşfettikçe kendini sınırlayabilme erdemini de içinde taşımalıdır. Derinliklerdeki her bir canlı, insana yalnızca biyolojik çeşitliliği değil; aynı zamanda alçakgönüllülüğü de hatırlatır. Okyanus tabanı, doğanın insanı susturan vicdanı gibidir.			4	9	
28	A2 Seviyesi 1. Okuma Sınavı 4. Bölüm (21-29)	21-29. soruları cevaplamak için aşağıdaki metni okuyunuz. Doğru seçeneği işaretleyiniz.\r\n21-24. Sorular: Metne göre doğru seçeneği işaretleyiniz.\r\n25-29. Sorular: Sorulardaki cümleler metne göre DOĞRU, YANLIŞ ya da VERİLMEMİŞ olabilir.			Rüzgârda Savrulan Çamaşır	Zehra Hanım sabah erken uyandı. Hava güneşliydi. Gökyüzü tertemizdi ama biraz rüzgâr esiyordu. Kahvaltıdan sonra çamaşırları makineye attı. Makine çalışırken mutfağı topladı. Evi süpürdü. Sonra pencereyi açtı ve dışarıyı izledi.\r\nYarım saat sonra çamaşırlar yıkandı. Zehra Hanım makineden çamaşırları aldı. Kokusu çok güzeldi. Hepsini bir sepete koydu. Balkona çıktı. Rüzgâr hala esiyordu ama güneş daha parlaktı.\r\nİlk önce beyaz gömlekleri astı. Sonra tişörtleri sıraya dizdi. Pantolonları mandallarla iyice sabitledi. Küçük eşyaları en sona bıraktı. Bir çorap dikkatini çekti. Yeni alınmıştı. Kaybetmek istemedi. Ama mandal yetmediği için sadece bir taneyle astı.\r\nTam içeri girecekken ani bir rüzgâr çıktı. Mandal gevşedi. Çorap ipten kurtuldu. Uçmaya başladı. Zehra Hanım çok şaşırdı. “Aman Allah’ım! Rüzgâr çorabı aldı!” dedi.\r\nHemen aşağı indi. Bahçeye koştu. Çorap yoktu. Etrafa baktı. Çorap küçük bir ağacın dalına takılmıştı. Uzanıp aldı. Hafifçe tozluydu ama zarar görmemişti. Yukarı çıkarken “Neyse ki rüzgâr her şeyi götürmedi,” diye düşündü.\r\nBu sefer tüm küçük çamaşırları iki mandalla astı. “Rüzgâr beni yenemez,” dedi. Gülümsedi. İçeri girdi. Çamaşırların kurumasını bekledi. O sırada bir kahve yaptı. Oturdu ve dergi okumaya başladı.			4	6	
29	A2 Seviyesi 1. Okuma Sınavı 5. Bölüm (30-35)	30-35. soruları cevaplamak için aşağıdaki metni okuyunuz. Doğru seçeneği işaretleyiniz.\r\n30-32. Soruları Metne göre doğru seçeneği (A, B, C veya D) işaretleyiniz\r\n33-35. Sorularda Aşağıdaki cümleleri okuyunuz. Cümlelerin hangi paragraflara (1-5) ait olduğunu bulunuz.			Anasının Tarifiyle İlk Kekini Yapan Kız	A)\r\nElif küçükken mutfağa girmeyi çok severdi. Anası kek yaparken yanında oturur, her adımı izlerdi. Anası “Her tarif bir hikâyedir,” derdi. Elif bu sözleri hiç unutmadı. Bir deftere anasının tariflerini yazdı. Ama hiç denemedi. Çünkü fırından korkardı. Kekin kabarmaması ya da yanması onu endişelendirirdi. Yine de büyüdükçe bu tarifleri okumaya devam etti. En çok da “Elmalı Tarçınlı Kek” tarifini seviyordu. Anası bu keki bayramlarda yapardı. Evin kokusu değişirdi.\r\nB)\r\nBir gün anası şehir dışına gitti. Evde Elif ve babası kaldı. Babası “Keşke sen de ananın kekinden yapabilsen,” dedi. Elif bir anda mutfağa koştu. Defteri çıkardı. Tarifi dikkatlice okudu. Malzemeleri tek tek hazırladı. Un, yumurta, süt, elma ve tarçın... Elif yavaşça karıştırdı. Ellerini ilk defa bu kadar mutfakta kullandı. Fırını çalıştırırken içi biraz ürperdi ama cesaretini topladı. Kek fırında kabardıkça yüzü güldü.\r\nC)\r\nKek piştiğinde mutfak mis gibi kokuyordu. Elif keki dikkatlice çıkardı. Üzerine biraz pudra şekeri serpti. Babası kokuyu alıp geldi. “Tıpkı ananın yaptığı gibi,” dedi. Elif çok mutlu oldu. İlk kez kendi başına kek yapmıştı. Anası eve döndüğünde, Elif ona da bir dilim verdi. Anası keki yavaşça yedi ve gülümsedi. “Bu artık senin tarifin olmuş,” dedi. Elif defterin boş bir sayfasına yeni bir not yazdı: “Bugün anamın tarifini yaşattım.”\r\nD)\r\nElif o günden sonra mutfağa daha çok girmeye başladı. Bazen tarifleri aynen uyguladı, bazen kendi eklemelerini yaptı. Elma yerine muz koydu, bazen içine fındık ekledi. Artık kek yapmak onun için sadece bir yemek değil, bir anıydı. Mutfakta olmak ona güven veriyordu. Anasıyla geçirdiği zamanları hatırlatıyordu. Kek kokusu evin havasını, Elif’in ise duygularını değiştiriyordu. Yaz tatilinde komşularına bile kek götürdü. Herkes çok beğendi.\r\nE)\r\nElif artık yeni tarifler de denemeye başladı. İnternetten okuduğu kekleri, anasının tarif defteriyle karşılaştırdı. Bazen anasına sorular sordu, bazen kendi başına karar verdi. Kek yaparken radyoyu açtı, sevdiği şarkıları dinledi. Mutfakta zaman geçirdikçe daha sakin biri oldu. En çok da kek kabarırken fırının camına bakmayı seviyordu. Çünkü o görüntü, onun için bir başarı işaretiydi.			5	6	
33	B1 Seviyesi 1. Okuma Sınavı 4. Bölüm (21-29)	21-29. soruları cevaplamak için aşağıdaki metni okuyunuz. Doğru seçeneği işaretleyiniz.\r\n21-24. Sorular: Metne göre doğru seçeneği işaretleyiniz.\r\n25-29. Sorular: Sorulardaki cümleler metne göre DOĞRU, YANLIŞ ya da VERİLMEMİŞ olabilir.			Sabahın İlk Işıklarında Horozun Sesiyle Uyanmak	Ali, yaz tatilini dedesinin köyünde geçiriyordu. Köyde sabahlar şehirden çok farklıydı. Saat çalmadan önce horozların sesi duyulurdu. Bu ses Ali’yi her sabah erkenden uyandırıyordu.\r\nAli gözlerini açtığında pencerenin dışı hâlâ karanlıktı. Güneş doğmamıştı ama hava aydınlanmaya başlıyordu. Pencereden bakınca tavukların bahçede dolaştığını gördü. Horozlar sabah şarkısını söylüyordu.\r\nYatağından kalkarken biraz üşüdü çünkü odanın penceresi açıktı. Terliklerini giydi ve dedesinin verdiği yün yeleği üzerine aldı. Aynanın karşısında biraz kendine baktı ve yüzünü yıkamak için lavaboya gitti.\r\nLavaboda sabunla ellerini ve yüzünü yıkadı. Elini havluya silerken aynadaki gülümsemesini fark etti. Bu köy sabahlarını sevdiğini düşündü.\r\nEvde herkes uyanmaya başlamıştı. Dedesinin sobaya odun attığını duydu. Nine mutfakta ekmek kızartıyor, zeytinleri küçük bir tabağa koyuyordu. Kahvaltı hazırlığı güzel kokularla birlikte ilerliyordu.\r\nAli verandaya çıktı ve sabah havasını içine çekti. Gökyüzünde birkaç bulut vardı ama hava yağmurlu değildi. Uzakta bir yerde köpek havlıyordu. Bahçedeki ağacın dalında bir serçe ötüyordu.\r\nBiraz yürüyüş yapmak istedi. Ayakkabılarını giyip evden uzaklaştı. Yolun kenarındaki taşlara bastıkça ayakkabısından hafif bir ses çıkıyordu. Toprak yoldaki serinlik, tenine yumuşakça dokunuyordu.\r\nAli yürürken komşuların evlerine göz attı. Bir komşu kapısının önünü süpürüyordu. Başka bir evin bahçesinde çocuklar oyun oynuyordu. Hepsi sabahın erken saatlerini değerlendiriyordu.\r\nAli patikadan yürüyerek tarlaların olduğu bölgeye geldi. Tarlada bir çiftçi erkenden çalışmaya başlamıştı. Çiftçiye “Günaydın!” dedi. Çiftçi de başını kaldırıp ona gülümsedi.\r\nAli tarladaki sebzelerin yeşilliğine hayran kaldı. Toprağın kokusunu içine çekti. Bu koku ona küçüklüğünü hatırlattı. Dedesinin anlattığı eski hikâyeleri düşündü.\r\nGeri dönerken horozların hâlâ öttüğünü duydu. Bu ses ona artık rahatsızlık vermiyordu. Aksine, köydeki huzurun bir parçası gibiydi.\r\nEve vardığında kahvaltı hazırlanmıştı. Masada domates, peynir, bal ve sıcak ekmek vardı. Herkes sofraya oturmuştu. Ali sandalyeye oturdu ve neşeyle gülümsedi.\r\nBu sabah, Ali için sıradan ama anlamlı bir gündü. Erken kalkmak onu yormamıştı. Aksine, doğayla iç içe olmanın verdiği mutluluk, yüzüne yansıyordu. Ali, şehirde hiç böyle bir sabaha uyanmamıştı.			4	7	
34	B1 Seviyesi 1. Okuma Sınavı 5. Bölüm (30-35)	30-35. soruları cevaplamak için aşağıdaki metni okuyunuz. Doğru seçeneği işaretleyiniz.\r\n30-32. Soruları Metne göre doğru seçeneği (A, B, C veya D) işaretleyiniz\r\n33-35. Sorularda Aşağıdaki cümleleri okuyunuz. Cümlelerin hangi paragraflara (1-5) ait olduğunu bulunuz.			Sen Giderken Ben Geliyordum	A)\r\nOtobüs terminalinin sessizliği akşam saatlerinde daha da belirginleşirdi. Bilet gişesindeki görevli yorgun gözlerle saate bakıyor, içeride birkaç kişi son yolculuk hazırlıklarını yapıyordu. O sırada terminalin dışında, valizini aceleyle çeken bir adam belirdi. Yusuf’tu bu. Gideceği yere yetişmek için son otobüse binmeye çalışıyordu. Terminalin kapısından içeri girdiğinde, gözleri hızlıca peronlara yöneldi. Ancak tam o sırada, başka bir yolcu perondan çıkıyordu: Elif. Elif, uzun bir bekleyişten sonra şehirden ayrılmaya karar vermişti. Valizi elinde, gözleri dolu doluydu. O an, Yusuf ve Elif birkaç saniyeliğine yan yana geldiler. Göz göze bile gelmeden, farklı yönlere yürümeye devam ettiler. Oysa bir zamanlar aynı yolda yürümüşlerdi. Şimdi ise biri giderken diğeri geliyordu; hayat, onların planladığı gibi işlememişti.\r\n________________________________________\r\nB)\r\nElif için bu şehir, umutlarla dolu bir başlangıç olmuştu. Üniversiteyi burada okumuş, ilk işini burada bulmuş, ilkbahar sabahlarını burada tanımıştı. Ancak zamanla yalnızlık artmış, kalabalıklar içinde kendini kaybetmeye başlamıştı. Yusuf’la tanışması bir yaz akşamına denk gelmişti. Her şey birden hızlanmış, planlar yapılmış, hayaller kurulmuştu. Fakat hayat, hep planlardan daha güçlüydü. Yusuf, başka bir şehre tayin alınca, aralarındaki mesafe büyümeye başlamıştı. Elif direnmişti ama şehir artık ona ağır geliyordu. Gideceği yeni yerin neler getireceğini bilmiyordu ama geride bırakacaklarının ne kadar acıtacağını çok iyi biliyordu. Terminalde yürürken bu yüzden ağlıyordu. Çünkü ayrılıklar hep sessiz olurdu; en çok da o sessizlik can yakardı.\r\n________________________________________\r\nC)\r\nYusuf, Elif’ten habersiz dönmüştü şehre. Tayini beklediğinden erken bitmiş, başka bir görevlendirme yapılmıştı. Elif’in hâlâ burada olduğunu düşünüyordu. Terminale girmeden önce onu aramayı düşünmüştü ama sonra vazgeçmişti. İçinde garip bir çekingenlik vardı. “Önce bir yerleşeyim,” demişti kendi kendine. Sonra konuşuruz, sonra anlatırım, sonra her şey düzelir. Ama hayat bazen “sonra”ları hiç getirmezdi. O gün terminalde onunla karşılaştığını bile fark etmemişti. Yıllar sonra bu anı hatırladığında kendi kendine “sen giderken ben geliyordum” demesi bundandı. Çünkü bazı kavuşmalar sadece birkaç dakikaya bağlıdır ve o dakikalar geçince artık hiçbir şey aynı kalmaz.\r\n________________________________________\r\nD)\r\nYıllar sonra, eski bir kutunun içinde sararmış bir fotoğraf buldular. Elif ve Yusuf’un bir kafede çekilmiş kahkahalı bir fotoğrafıydı bu. Fotoğrafın arkasına “Biz hep burada kalsaydık keşke” yazılmıştı. Elif bu yazıyı okuduğunda gözleri doldu. O yazı Yusuf’un el yazısıydı. Şimdi başka bir şehirde, başka bir hayatın içindeydi Elif. Yusuf da belki bir yerde aynı duygularla geçmişe bakıyordu. Bazı hikâyeler tam başlamadan biterdi. Bazı insanlar bir adım daha atsaydı, başka bir hikâye yazılırdı. Ama kimse o adımı atmamıştı. Onlar sadece birbirine yaklaşmış, sonra yine uzaklaşmıştı. Belki de hayat tam da bu yüzden hafif değildi. Çünkü bazı ağırlıklar kelimelerde değil, yaşanamayan anıların içinde taşınırdı.\r\n________________________________________\r\nE)\r\nBir gün tesadüfen aynı şehirde bir sergide buluştular. Kalabalık içinde göz göze geldiler ama bu sefer konuşabildiler. İkisi de eskiyi konuşmadı, yeniye dair birkaç nazik cümle kurdu. “İyi misin?” sorusunun altında yıllar birikmişti ama cevap sade kaldı: “İyiyim, sen?” Sohbet kısa sürdü, sonra yine farklı yönlere gittiler. Ama bu kez ne hüzün vardı ne pişmanlık. Yıllar birbirinden çok şey almıştı ama olgunluk vermişti. Elif sergiden çıktıktan sonra gökyüzüne baktı, hafifçe gülümsedi. Yusuf ise bir kafeye oturdu, eski günlerdeki gibi çay söyledi. O an, ikisi de aynı şeyi düşündü: “Sen giderken ben geliyordum.” Bazen zamanlama sadece saniyelerle değil, yıllarla ölçülürdü. Ve o ölçü, her zaman denk gelmezdi.			5	7	
31	B1 Seviyesi 1. Okuma Sınavı 2. Bölüm (7-14)	Aşağıda verilen durumları (A–J) ve bilgi metinlerini (7–14) okuyunuz. Her durum için uygun olan metni bulup uygun seçeneği işaretleyiniz. Her seçenek yalnız bir defa kullanılabilir. Seçilmemesi gereken İKİ seçenek bulunmaktadır.			Zaman Yönetiminin Hayata Etkisi				2	7	Açıklayıcı Cümleleri:\r\nA. Yapılacakları sıralayarak gereksiz uğraşlardan uzak kalabiliyorum. \r\nB. Kendimi düzenli hissettiğimde işlerimi daha kolay tamamlıyorum. \r\nC. Sabahları erken kalkmak bana günün kontrolünü sağlıyor. \r\nD. Sosyal ve iş hayatı arasında daha dengeli hissediyorum.\r\n E. Planlama yapmadığım zaman işlerim birbirine karışıyor. \r\nF. Önceden belirlediğim küçük molalarla daha verimli çalışıyorum. \r\nG. Zamanımı etkili kullandığımda başarıya daha kolay ulaşıyorum. \r\nH. Önemsiz işlerle uzun zaman kaybettiğimi fark ettiğimde üzülüyorum. \r\nI. Ders çalışırken zamanı kontrol etmezsem çok fazla vakit kaybediyorum. \r\nJ. Küçük molalar vererek dinlenmek günün verimini artırıyor.
32	B1 Seviyesi 1. Okuma Sınavı 3. Bölüm (15-20)	Aşağıdaki başlıkları (A-H) ve paragrafları (15-20) okuyunuz. Her paragraf için uygun bir başlık bulunuz. Her başlık yalnız bir defa kullanılabilir.			Zamanı Durdurmak İstediğimiz Anlar	1. Paragraf\r\nZeynep sabah uyanır uyanmaz perdeyi araladı. Gökyüzü bulutsuzdu ve güneş yavaşça yükseliyordu. Balkona çıktı, derin bir nefes aldı. Kuşların sesi açıkça duyuluyordu. O an hiçbir yere yetişmesi gerekmiyordu, zaman sanki durmuş gibiydi. Gülümsedi, çünkü sabahın bu sade sessizliği ona huzur veriyordu.\r\n2. Paragraf\r\nKahvaltıdan sonra parkta yürüyüşe çıkmaya karar verdi. Ağaçların arasında yürürken yere düşen sarı yaprakları izledi. Hava serin ama keyifliydi. Yanından geçen çocukların kahkahası, parkın canlı olduğunu hatırlattı. Zeynep bir banka oturdu ve çevresine uzun uzun bakındı. O anın tadını çıkarmak istiyordu.\r\n3. Paragraf\r\nYanına küçük bir not defteri almıştı. Sessizce defteri açtı ve bir şeyler karalamaya başladı. “Bazı günler özel olmak zorunda değildir; ama hissettirdikleri özeldir,” diye yazdı. Kafasını kaldırdı ve rüzgârın yüzüne hafifçe çarptığını hissetti. Bu sade an, ona bir kitap sayfası gibi geldi.\r\n4. Paragraf\r\nBir süre sonra evine dönmek için yola çıktı. Yolda bir pastanenin vitrinine göz attı. İçeride oturan yaşlı bir çift çay içip sohbet ediyordu. Onların gülümsemesini izlerken kendi anne ve babasını hatırladı. İçini hem hüzün hem sıcaklık kapladı. Yavaşladı, o vitrinin önünde biraz daha kalmak istedi.\r\n5. Paragraf\r\nEve vardığında camın önüne oturdu. Elindeki sıcak kahveyi yudumlarken dışarıda uçan bir kelebek dikkatini çekti. Kelebek bir çiçeğin etrafında döndü ve sonra uzaklaştı. Zeynep içinden “Keşke zaman şimdi biraz daha yavaş aksa,” diye geçirdi. Çünkü bugünkü anlar, telaşsız ve anlamlıydı.\r\n6. Paragraf\r\nGün sona erdiğinde kendini yorgun ama huzurlu hissetti. Bugün hiçbir özel etkinlik yaşamamıştı ama sanki her detay ona dokunmuştu. Zamanı durdurmak mümkün değildi ama anı hissetmek mümkündü. O günkü sessizlik, renkler ve insanlar zihninde fotoğraf gibi kalmıştı. Zeynep, gece defterine sadece bir cümle yazdı: “Bazı anlar kalpte kalır.”			3	7	A) Doğadaki küçük bir ayrıntı onu zamanın akışı hakkında düşündürür.\r\nB) Zeynep parktaki hareketliliği keyifle gözlemler.\r\nC) Geçmişi hatırlatan bir sahne karşısında duygulanır.\r\nD) Sabahın sessizliği Zeynep'e huzur verir.\r\nE) Zeynep gün boyunca sürekli acele içinde koşar. \r\nF) Günün sonunda yaşadıklarını sade ama özel bulur.\r\nG) Not defteri sayesinde duygularını yazıya döker.\r\nH) Zeynep yoğun kalabalıktan dolayı rahatsız olur.
35	B2 Seviyesi 1. Okuma Sınavı 1. Bölüm (1-6)	Aşağıdaki metni okuyunuz ve alttaki sözcükleri (A–H) kullanarak boşlukları (1-6) doldurunuz. Her sözcük yalnızca bir defa kullanılabilir. Seçmemeniz gereken İKİ seçenek bulunmaktadır.			Dijital Yorgunluk: Ekranın Gözden Kaçan Bedeli	Teknolojinin hayatımızın her alanına hızla nüfuz etmesi, iletişimden iş yapış şekillerimize kadar birçok şeyi kolaylaştırsa da, beraberinde yeni bir sorunu da ............... (S1): dijital yorgunluk. Bu durum, uzun süreli ve yoğun ekran kullanımı sonucunda ortaya çıkan fiziksel, zihinsel ve duygusal bir bitkinlik halidir. Video konuşmaları, çevrimiçi toplantılar ve sürekli gelen bildirimler, beynin sürekli olarak dikkat halinde kalmasına neden olarak zihinsel bir tükenmişliğe yol açar.\r\nDijital yorgunluğun belirtileri, göz yorgunluğu ve baş ağrısından tutun, uykusuzluk ve sinirliliğe kadar çeşitli şekillerde kendini gösterir. Beyin, bir ekranda aynı anda birden fazla şeyi takip etmeye çalışırken, normalden çok daha fazla enerji ............... (S2). Bu durum, özellikle çevrimiçi toplantılarda, sesli ve görüntülü bilgileri aynı anda işleme çabasından kaynaklanır. Ayrıca, ekrandan gelen mavi ışık, uyku döngümüzü düzenleyen melatonin hormonunun salgılanmasını engeller ve uyku kalitemizi düşürür.\r\nBu yorgunlukla başa çıkmak için atılacak ilk adım, ekran başında geçirilen süreyi sınırlandırmaktır. Düzenli aralıklarla mola vermek, gözleri dinlendirmek için pencereden dışarı bakmak veya kısa bir yürüyüş yapmak, zihinsel yorgunluğun azalmasına önemli ölçüde ............... (S3). Ayrıca, dijital cihazları yatmadan en az bir saat önce kullanmamak, uykuya dalmayı kolaylaştırır ve uyku kalitesini ............... (S4).\r\nİletişim biçimimizi de gözden geçirmek, bu yorgunluğu gidermek için önemli bir adım olabilir. Her ihtiyaç duyulduğunda çevrimiçi toplantı yapmak yerine, bazen bir e-posta göndermek veya telefonla konuşmak, ekran etkileşimini ............... (S5) ve zihinsel yükü azaltır.\r\nSonuç olarak, dijital araçlar bize büyük faydalar sağlasa da, bu araçları bilinçli ve kontrollü bir şekilde kullanmak, sağlıklı bir yaşam için hayati bir önem ............... (S6).			1	8	A) sebep olur\r\nB) artırır\r\nC) alır\r\nD) getirir\r\nE) teşkil etmektedir\r\nF) gerektirir\r\nG) düşürür\r\nH) katkıda bulunur
25	A2 Seviyesi 1. Okuma Sınavı 1. Bölüm (1-6)	Aşağıdaki metni okuyunuz ve alttaki sözcükleri (A–H) kullanarak boşlukları (1-6) doldurunuz. Her sözcük yalnızca bir defa kullanılabilir. Seçmemeniz gereken İKİ seçenek bulunmaktadır.			Tarım Köyüne Ziyaret	Geçen hafta, şehirden uzak bir köye gittim. Bu köy, dağların arasında, yeşilliklerin içinde sakin bir yerdir. Sabah erkenden otobüse bindim ve birkaç saatlik yolculuktan sonra köye ulaştım. Köye ilk adım attığımda içimde bir huzur ve mutluluğu _________. (S1)\r\nKöydeki insanlar çok misafirperverdi. Beni sıcak karşıladılar ve hemen sofraya davet ettiler. Sofrada domates, salatalık, taze ekmek ve köy peyniri vardı. Hepsi doğal ve çok _________. (S2)\r\nYemekten sonra köyün gençleriyle birlikte tarlaya gittik. Orada domates topladık, sulama yaptık ve traktörle _________ taşıdık. (S3) Toprakla çalışmak çok yorucu ama aynı zamanda çok güzel bir deneyimdi.\r\nKöyde herkesin bir işi vardı. Kadınlar bahçede çalışıyor, erkekler ahırda hayvanlarla ilgileniyordu. Çocuklar ise okuldan sonra büyüklerine yardım _________. (S4) Bu birlik ve dayanışma beni çok etkiledi.\r\nAkşam olunca hep birlikte köy meydanında oturduk. Yaşlılar eski günlerden, gençlerse yeni umutlardan söz etti. Gökyüzü yıldızlarla doluydu. O an, hayatın sade ama anlamlı tarafını _________ ettim. (S5)\r\nErtesi sabah ayrılırken köyde geçirdiğim zamanı hiç unutmayacağımı biliyordum. Doğaya, insanlara ve emeğe daha çok saygı duymam gerektiğini bir kez daha _________. (S6)			1	6	A) öğrendim   B) tattım    C) yaşadım    D) yapılırdı    E) ürün     F) fark      G) tazeydi     H) ediyorlardı
30	B1 Seviyesi 1. Okuma Sınavı 1. Bölüm (1-6)	Aşağıdaki metni okuyunuz ve alttaki sözcükleri (A–H) kullanarak boşlukları (1-6) doldurunuz. Her sözcük yalnızca bir defa kullanılabilir. Seçmemeniz gereken İKİ seçenek bulunmaktadır.			Yeni Bir Şehre Taşınmak	Üniversiteyi kazandıktan sonra ailemden ayrılıp başka bir şehre taşındım. Başlangıçta bu değişiklik beni oldukça heyecanlandırmıştı ama zamanla bazı zorluklarla da karşılaştım. Yeni bir şehir, yeni insanlar ve tamamen farklı bir yaşam düzeni beni hem meraklandırdı hem de biraz _________ (S1).\r\nİlk haftalar kalacak yer, okul kaydı ve toplu taşıma sistemini öğrenmekle geçti. Her şeyi sıfırdan yapmak zorundaydım. Bu süreçte en çok yalnızlık hissiyle baş etmeye çalıştım. Kendi yemeklerimi _________ (S2), alışverişe gitmek, faturaları takip etmek bana sorumluluk kattı.\r\nAncak zamanla bu şehir bana yabancı gelmemeye başladı. Komşularım ve sınıf arkadaşlarım sayesinde çevreyi daha hızlı tanıdım. Özellikle okulda tanıştığım birkaç arkadaş, hayatımı kolaylaştırdı. Onlarla hem ders çalışıyor hem de boş zamanlarımızı birlikte _________ (S3).\r\nYeni bir yerde yaşamak ilk bakışta zor görünse de insan, farklı ortamlarda kendini daha iyi tanımayı _________ (S4). Şimdi geriye dönüp baktığımda, bu taşınmanın beni olgunlaştırdığını, daha bağımsız bir birey hâline getirdiğini _________ (S5).\r\nHer yeni başlangıç, içinde biraz korku ama aynı zamanda umut taşır. Önemli olan, bu duygularla baş edebilmek ve değişimi _________ (S6).			1	7	A) kabul edebilmektir    B) geçiriyoruz    C) sağlıyor    D) yapmaya başlamıştım    E) anlamış oldum    F) zorladı    G) fark ediyorum    H) geçirmektir
27	A2 Seviyesi 1. Okuma Sınavı 3. Bölüm (15-20)	Aşağıdaki başlıkları (A-H) ve paragrafları (15-20) okuyunuz. Her paragraf için uygun bir başlık bulunuz. Her başlık yalnız bir defa kullanılabilir.			Kütüphanede Bir Gün	1. Paragraf\r\nDeniz okuldan sonra kütüphaneye gitti. Kitap okumayı çok seviyordu. Kütüphanede kimse konuşmuyordu. Herkes sessizdi.\r\n2. Paragraf\r\nDeniz bir masa buldu ve oturdu. Çantasını açtı. Ama kalemini evde unuttuğunu fark etti. Kitaptaki bazı yeni kelimeleri yazmak istiyordu.\r\n3. Paragraf\r\nYanındaki kızın kalem kutusu vardı. Deniz yavaşça dönüp, “Affedersin, kalemini alabilir miyim?” diye fısıldadı.\r\n4. Paragraf\r\nKız başını salladı ve bir kalem uzattı. Gülümsedi ama konuşmadı. Deniz teşekkür etti ve kalemi aldı.\r\n5. Paragraf\r\nDeniz kalemle notlar aldı. Sonra kalemi kıza geri verdi. İkisi de sessizce okumaya devam etti. Aralarında güzel bir paylaşım olmuştu.\r\n6. Paragraf\r\nDeniz çıkarken gülümsedi. “Kütüphane çok sessiz ama çok güzel,” diye düşündü. Eve mutlu gitti.			3	6	A.\tYardım eden kişi gülümseyerek kalem veriyor ama konuşmuyor.\r\nB.\tKalemini evde unuttuğu açıkça yazıyor.\r\nC.\tDeniz mutlu şekilde ayrılıyor, düşüncesi belirtiliyor.\r\nD.\tYardım isteme davranışı doğrudan gösteriliyor.\r\nE.\tSessiz bir paylaşım ve geri verme anlatılıyor.\r\nF.\tKitap okumayı sevdiği ve kütüphaneye gittiği belirtiliyor.\r\nG.\tÇocuk kütüphanede yüksek sesle konuşur.\r\nH.\tÇocuk okulda matematik dersi çalışır.
44	C1 Seviyesi 1. Okuma Sınavı 5. Bölüm (30-35)	30-35. soruları cevaplamak için aşağıdaki metni okuyunuz. Doğru seçeneği işaretleyiniz.\r\n30-32. Soruları Metne göre doğru seçeneği (A, B, C veya D) işaretleyiniz\r\n33-35. Sorularda Aşağıdaki cümleleri okuyunuz. Cümlelerin hangi paragraflara (1-5) ait olduğunu bulunuz.			Onaylanma Döngüsünde Hapsolmak: Beğeni Ekonomisinin Tuzakları	A) \r\nDijital çağın birey üzerinde en çok iz bırakan yönlerinden biri, görünürlükle değer algısı arasında kurulan yeni bağdır. Sosyal medya mecraları, başlangıçta bireysel ifade özgürlüğü ve eşit paylaşım alanı sunmayı vaat etse de, zamanla “beğeni” temelli bir onay ekonomisine dönüşmüştür. Bu sistemde bireyin değeri, maruz kaldığı etkileşim sayısıyla ölçülmeye başlanmış; bu da içsel değerlere dayalı öz-değerlendirme süreçlerini aşındırmıştır. Neticede birey, kendi varlığını, diğerlerinin sunduğu dijital geri bildirimler aracılığıyla tanımlar hâle gelmiş; görünürlük ile varoluş arasında sağlıksız bir özdeşlik kurulmuştur.\r\nB) \r\nBu yeni dijital yapı, bireyleri farkında olmadan bir davranışsal şartlanma döngüsüne sokar. Her yeni paylaşım, yalnızca bilgi verme değil; aynı zamanda bir kabul arayışıdır. Beğenilme arzusu, bireyin zihinsel motivasyonlarını dış referanslara bağlayarak, karar süreçlerini ve kimlik algısını yönlendirir. Zamanla birey, paylaşacağı içeriğin ne kadar “etkileşim alacağı”na göre seçim yapmaya başlar. Bu, bireyin kendisine değil; başkalarının onay ihtimaline göre yaşam planlamasına neden olur. Otantik kimlik, algoritmaların filtrelediği ve ödüllendirdiği temsillerin gölgesinde silikleşir.\r\nC) \r\nBeğeni ekonomisi, sadece sosyal boyutta değil, nöropsikolojik düzeyde de bireyin davranışlarını şekillendirir. Her dijital bildirim veya “beğeni”, beyinde dopamin salınımını tetikleyen bir ödül uyarıcısı işlevi görür. Bu durum, geçici tatmin duygularının arayışını kalıcı bir alışkanlığa dönüştürürken, içsel tatmin kaynaklarının değersizleşmesine neden olur. Birey, kendi varlığını doğrulamak için sürekli bir geri bildirim döngüsüne ihtiyaç duyar hâle gelir. Sessiz kalınması, yani görünürlüğün azalması, bireyde dışlanmışlık ve değersizlik hissi yaratabilir.\r\nD) \r\nSosyal medya algoritmaları bu davranışları pekiştirir. Etkileşim odaklı içerikleri öne çıkararak, popülerliği özgünlüğün önüne koyan bir norm oluştururlar. Bu norm, yalnızca bireysel davranışları değil; aynı zamanda kültürel üretim biçimlerini de dönüştürür. Dijital içerik üreticileri, takipçilerin taleplerine göre biçimlenirken, içeriğin içeriğinden çok “tıklanabilirliği” önem kazanır. Düşünsel derinlik, bu düzende çoğu zaman geri planda kalır; çünkü yüzeysel olan daha hızlı tüketilir ve daha çok ödüllendirilir. Bu durum, bireyde derinlikli ifade çabası yerine stratejik sunum refleksi doğurur.\r\nE) \r\nBütün bu süreçler, bireyin içsel bütünlüğüyle olan bağını zayıflatabilir. Onaylanma arzusu, doğal bir eğilim olmakla birlikte, yaşamın merkezine yerleştiğinde psikolojik dengeyi tehdit eder. Özellikle genç bireylerde, dışsal onaya bağımlı bir özgüven gelişimi, reddedilme korkusunu artırarak duygusal dayanıklılığı zedeler. Oysa sağlıklı bir benlik algısı, yalnızca “görünür olmakla” değil, “anlamlı olmakla” inşa edilir. Bu bağlamda, bireyin dijital görünürlük ile psikolojik ihtiyaçlar arasında bilinçli bir denge kurması, ruhsal esenliğin sürdürülebilirliği açısından hayati önem taşır.			5	9	
11	5. OKUMA METNİ (30-35. sorular)	30-35. soruları cevaplamak için aşağıdaki metni okuyunuz. Doğru seçeneği işaretleyiniz.\r\n30-32. Soruları Metne göre doğru seçeneği (A, B, C veya D) işaretleyiniz.\r\n33-35. Sorularda Aşağıdaki cümleleri okuyunuz. Cümlelerin hangi paragraflara (1-5) ait olduğunu bulunuz.			\N	Özbekistan'da Çocukluk Döneminde Öğretilen İlk Örf ve Adetler\r\nA)\tÖzbekistan, köklü gelenekleri ve zengin kültürüyle bilinen bir ülkedir. Bu kültürel zenginlik, özellikle çocukluk döneminde kazandırılan örf ve adetlerle nesilden nesile aktarılmaktadır. Özbek aile yapısında, çocuklara öğretilen bu gelenekler, bireylerin toplum içindeki rollerini anlamalarına ve sosyal yaşamda daha uyumlu bir şekilde hareket etmelerine yardımcı olur. Çocukluk döneminde öğrenilen örf ve adetler, Özbekistan’ın aile ve toplumsal değerlerinin temel taşlarını oluşturur.\r\nB)\tÇocuklara ilk öğretilen örflerden biri büyüklere saygıdır. Aile içindeki büyüklerin sözüne itaat etmek, onlara karşı saygılı davranmak Özbek kültüründe önemli bir yer tutar. Çocuklar, büyüklerinin ellerini öperek selam verir ve her zaman onların nasihatlerini dinler. Ayrıca, aile büyüklerine hitap ederken kibar bir dil kullanmak, Özbek örflerinin en temel kurallarından biridir. Bu saygı kültürü, sadece aile içinde değil, toplumun genelinde de geçerlidir.\r\nC)\tBir diğer önemli adet, misafirperverliktir. Özbek kültüründe misafir, “Tanrı’nın bir lütfu” olarak görülür ve büyük bir saygıyla karşılanır. Çocuklar, küçük yaşlardan itibaren misafirlere nasıl davranmaları gerektiğini öğrenir. Misafirlere karşı güler yüzlü olmak, ihtiyaçlarını gidermede yardımcı olmak ve onları memnun etmeye çalışmak, Özbek ailelerinin sıkı sıkıya bağlı olduğu bir gelenektir. Özellikle bayramlarda ve özel günlerde, misafirlerin rahat etmesi için çocukların da görev aldığı görülür.\r\nD)\tÖzbekistan’da çocuklara öğretilen bir diğer önemli değer, yardımlaşma ve dayanışmadır. Geleneksel Özbek aile yapısında, komşuluk ilişkileri ve dayanışma önemli bir yere sahiptir. Çocuklar, yardımlaşmanın değerini öğrenerek büyürler. Örneğin, mahallede düzenlenen etkinliklere katılarak toplumsal bağlarını güçlendirirler. Ayrıca, çocuklara zorda kalan birine yardım etmenin ahlaki bir sorumluluk olduğu öğretilir.\r\nE)\tAhlaki değerlerin yanı sıra, Özbek kültüründe temizlik ve düzen de çocuklara küçük yaşlardan itibaren kazandırılır. Çocuklar, ev işlerinde anne babalarına yardımcı olur ve çevrelerini temiz tutmanın önemini öğrenir. Bu değerler, Özbek kültüründe toplumsal düzenin bir parçası olarak kabul edilir. Temizlik, sadece fiziksel bir düzeni değil, aynı zamanda manevi bir saflığı da ifade eder.\r\nF)\tSonuç olarak, Özbekistan’da çocukluk döneminde öğretilen örf ve adetler, bireylerin topluma daha uyumlu bireyler olarak yetişmelerini sağlar. Bu değerler, Özbek toplumunun sosyal yapısını güçlendiren ve kültürel mirasını koruyan önemli unsurlar olarak dikkat çeker.			5	2	
36	B2 Seviyesi 1. Okuma Sınavı 3. Bölüm (15-20)	Aşağıdaki başlıkları (A-H) ve paragrafları (15-20) okuyunuz. Her paragraf için uygun bir başlık bulunuz. Her başlık yalnız bir defa kullanılabilir.			Kütüphanede Yazılmış Bir Notun Ardındaki Anlam	1. Paragraf\r\nNehir, üniversitenin üçüncü katındaki kütüphaneye öğle saatlerinde geldi. Dışarısı kalabalık ve gürültülüydü, ama içerideki sessizlik insana güven veriyordu. Sınav haftası olduğu için pek çok masa doluydu. Nehir, arka raflara yakın bir masaya yerleşti. Yanında bir termos, kalem kutusu ve not defteri vardı. Ders notlarını açtı ve çalışmaya başladı. Bir süre sonra gözleri yorulunca başını kaldırdı. Sandalyenin kenarına ilişmiş bir not kâğıdı dikkatini çekti. Katlanmış kâğıdı merakla açtı. İçinde zarif bir el yazısıyla tek bir cümle yazıyordu: “Sana güveniyorum, başarı seninle.” Ne isim vardı ne de imza. Not, sanki oraya onun için bırakılmış gibiydi. Kalbi bir anda hızla atmaya başladı. Küçük bir kâğıt, beklemediği kadar güçlü bir duygu uyandırmıştı.\r\n\r\n2. Paragraf\r\nNehir, bu notun kime ait olduğunu bir türlü çıkaramadı. Belki başka biri için bırakılmıştı, belki de kütüphane çalışanlarından birinin şakasıydı. Ama kimin yazdığı önemli değildi; o an hissettirdiği şey çok daha güçlüydü. Uzun zamandır bu kadar içten bir güven ifadesi duymamıştı. O cümle, yalnızca kelimelerden oluşmuyordu; sanki içinde saklı bir destek duygusu taşıyordu. Nehir’in omuzlarındaki yük azalmış gibiydi. Derin bir nefes aldı. Kütüphanedeki sessizlik, artık ona daha sıcak geliyordu. İnsan kalabalığına rağmen, bu küçük kâğıt onunla özel bir bağ kurmuştu. Tek başına ders çalışırken bile artık yalnız olmadığını düşündü. Notun kağıdı basit görünse de anlamı çok büyüktü. İçinde taşıdığı bu güven duygusu, kelimelere sığmayacak kadar derindi.\r\n\r\n3. Paragraf\r\nDikkatini toplamaya çalışsa da gözleri hep o nota kayıyordu. Kendine bir çay aldı ve pencereye yöneldi. Dışarıda hafif bir rüzgâr vardı; ağaçların yaprakları usulca salınıyordu. Nehir, camın önünde sessizce durdu. Kütüphanedeki herkes kitaplarına gömülmüşken, onun aklında bir cümle dönüp duruyordu. “Sana güveniyorum, başarı seninle.” Kim böyle bir cümleyi yazar? Ne amaçla bırakır? Yoksa bu bir gelenek mi? Belki bir başkası da daha önce buna benzer bir şey yaşamıştı. Belirsizlikler arasında zihni sorularla doldu. Ama bu sorular onu rahatsız etmiyordu. Aksine, içinde hoş bir merak ve hafif bir umut doğuruyordu. Geri dönerken bir karar verdi: bu kâğıt sadece bir not değil, bir anlam taşıyordu.\r\n\r\n4. Paragraf\r\nMasasına oturduğunda kâğıdı dikkatle katladı ve çantasına yerleştirdi. Bu sıradan gibi görünen eylem, Nehir için çok anlamlıydı. Artık o notun sahibi gibi hissediyordu. Onu bulan kişi olarak, anlamını da taşımalıydı. O andan sonra ders çalışmaya daha motiveydi. Sorulara daha dikkatli odaklandı. Zihni karışık değildi, içi aydınlıktı. O not, zihninde bir pencere açmış gibiydi. Çalıştıkça içinde bir huzur yükseldi. Bu sıradan gün, sıradanlıktan çıkmıştı. Belki bu yalnızca bir tesadüftü ama etkisi büyüktü. Bir an için bile olsa, görünmez bir bağ kurduğuna inanıyordu. Bu bağ, sessizliğin içinde yankılanan bir destek gibiydi.\r\n\r\n5. Paragraf\r\nErtesi gün, kütüphaneye gitmeden önce çantasına küçük bir not kâğıdı koydu. Bugün başkasının hayatına dokunmak istiyordu. Yazdığı cümle sade ama etkiliydi: “Sen düşündüğünden daha güçlüsün.” Kimin okuyacağını bilmiyordu ama bunun önemli olmadığını biliyordu. Masalardan birine oturur gibi yaptı ve kağıdı oraya bıraktı. Kimse görmedi. Ardından kitaplarını alıp başka bir köşeye geçti. O gün ders çalışırken sık sık o masaya baktı. Birinin notu aldığını görmek onu mutlu edecekti. Ama not alınmasa bile, orada bir umut bıraktığını bilmek yetiyordu. Yardım etmek, bazen söz söylemeden de mümkün olabiliyordu. Küçük bir cümle bile birinin iç dünyasında büyük bir yankı uyandırabilirdi. O gün Nehir’in yüzünde huzurlu bir tebessüm vardı.\r\n\r\n6. Paragraf\r\nGünler geçtikçe kütüphanede farklı masalarda başka notlar görülmeye başlandı. Her biri farklı yazıyla yazılmış, ama aynı hissi taşıyan cümlelerdi. “Yorgunsan dur, ama asla vazgeçme.” “Yalnız değilsin.” “Sen bu zorluğun üstesinden gelebilirsin.” Nehir, bu notların yalnızca kendi fikri olmadığını fark etti. Başkaları da aynı sessiz dayanışmayı hissedip paylaşmıştı. Kütüphane artık yalnızca kitaplarla dolu bir yer değildi. Sözsüz bir dostluğun sessiz dili oraya yayılmıştı. İnsanlar, birbirine dokunmadan bile destek olabiliyordu. Bu küçük notlar, büyük bir dönüşümün habercisiydi. Sınav telaşının ortasında bile, bu yazılar kalplere umut serpiyordu. Kütüphanedeki sessizlik, artık yalnızlığı değil; bir aradalığın zarif ifadesini taşıyordu.			3	8	A) Nehir, bir yabancının kelimeleriyle kendisini hiç beklemediği kadar bağlı hisseder.\r\nB) Kütüphanedeki notun görünüşte sade ama etkileyici bir gücü vardır.\r\nC) Nehir, destek görmenin verdiği gücü başkalarıyla paylaşma ihtiyacı hisseder.\r\nD) Notu saklaması, ona yüklediği anlamın göstergesidir.\r\nE) Tanımadığı biri tarafından bırakılmış olan mesaj, ona ilham verir.\r\nF) Zihninde sorular uyandıran bu beklenmedik olay, içindeki farkındalığı artırır.\r\nG) Küçük notların yaygınlaşmasıyla kütüphane kolektif bir moral alanına dönüşür.\r\nH) Nehir, hayatın sıradan bir gününde bile derin bağların kurulabileceğini fark eder.
37	B2 Seviyesi 1. Okuma Sınavı 2. Bölüm (7-14)	Aşağıda verilen durumları (A–J) ve bilgi metinlerini (7–14) okuyunuz. Her durum için uygun olan metni bulup uygun seçeneği işaretleyiniz. Her seçenek yalnız bir defa kullanılabilir. Seçilmemesi gereken İKİ seçenek bulunmaktadır.			Dil ve Düşünce Arasındaki İlişki: Ana Diliyle Düşünmek	Açıklayıcı Cümleleri:\r\nA.\tAna diliyle düşünmek, duyguların kolay ifade edilmesini sağlar.\r\nB.\tDüşünceleri anlatmak için dili etkili kullanmak gerekir.\r\nC.\tDil bilgisi güçlü olan birey, düşüncelerini açıkça ifade eder.\r\nD.\tAna dil, insanların kimliğini yansıtır.\r\nE.\tZengin kelime bilgisi, düşünceyi geliştirir.\r\nF.\tDili iyi bilmek, olayları daha iyi anlamaya yardımcı olur.\r\nG.\tAna diliyle yazmak, düşünceleri düzenlemeyi kolaylaştırır.\r\nH.\tDüşünceyi doğru aktarmak için doğru kelimeleri seçmek önemlidir.\r\nİ.\tAnadil, duyguları doğru şekilde ifade etmenin yoludur.\r\nJ.\tKonuşma becerisi güçlü olan birey, kendini daha rahat ifade eder.			2	8	Soru 7. Ana dil, kişinin kendisini tanıtmasında önemli bir rol oynar.\r\nSoru 8. Zengin kelime hazinesi, düşünceyi genişletir.\r\nSoru 9. Duygular, ana dilde daha açık anlatılır. \r\nSoru 10. Etkili bir anlatım için dili doğru kullanmak gerekir. \r\nSoru 11. Dil sayesinde insanlar olayları daha kolay anlayabilir. \r\nSoru 12. Doğru kelime seçimi, iletişimin netliğini artırır. \r\nSoru 13. Açık ve anlaşılır konuşmak, bireyin özgüvenini yükseltir. \r\nSoru 14.Yazı yazarken düşünceleri düzenlemek daha kolay hale gelir.
38	B2 Seviyesi 1. Okuma Sınavı 4. Bölüm (21-29)	21-29. soruları cevaplamak için aşağıdaki metni okuyunuz. Doğru seçeneği işaretleyiniz.\r\n21-24. Sorular: Metne göre doğru seçeneği işaretleyiniz.\r\n25-29. Sorular: Sorulardaki cümleler metne göre DOĞRU, YANLIŞ ya da VERİLMEMİŞ olabilir.			Nevruz’da Kurulan Ortak Sofralar	Nevruz, Orta Asya’dan Anadolu’ya uzanan geniş bir coğrafyada yüzyıllardır kutlanan köklü bir bayramdır. Baharın gelişiyle birlikte insanlar yeniden doğuşu, umudu ve birlikteliği kutlar. Her toplum, Nevruz’u kendi kültürel mirasına göre yaşatır ama ortak bir gelenek vardır: birlikte sofra kurmak.\r\nKüçük bir Türkistan köyünde, her yıl 21 Mart sabahı erkenden hareket başlar. Kadınlar büyük kazanları çıkarır, erkekler avluyu temizler, gençler masaları taşır. Bu hazırlık, sadece yemek için değil; topluluk olmanın ruhunu yaşatmak içindir.\r\nAli, bu yıl ilk kez sofraların hazırlanmasına yardım etmek üzere köy meydanına gelmişti. Annesi ona tencere taşıma görevi vermiş, dedesi ise pilav için odun getirmesini istemişti. Ali, hem heyecanlı hem de sorumluluk sahibi hissediyordu.\r\nKalabalık yavaş yavaş artarken herkes bir şeylerle meşguldü. Yaşlı kadınlar buğdayı kaynatıyor, çocuklar çevrede oyun oynuyordu. Sobadan çıkan buhar, soğuk havada ince bir duman gibi yükseliyordu.\r\nBir köşede iki komşu kadın birlikte mantı açıyordu. Aralarındaki konuşma, sadece bir yemek sohbeti değil; aynı zamanda geçmişin ve geleneklerin aktarımıydı. "Annem her zaman etli mantıya biraz da reyhan eklerdi," dedi biri. Diğeri gülümsedi: "Demek ki lezzet de bir mirasmış."\r\nÖğle saatlerine doğru meydan renklenmeye başladı. Renkli masa örtüleri, çiçeklerle süslenmiş tabaklar, tencerelerde kaynayan yemekler… Her aile kendi evinden bir yemek getirmişti ama sofralar ortaktı. Kimsenin yemeği kendine ait değildi.\r\nAli, sofralara yardım ederken teyzesi ona küçük bir tabak semeni verdi. “Tatmadan bayram olmaz,” dedi. Semeni, sabırla karıştırılarak yapılan geleneksel bir tatlıydı. Tatlı gibi dili, anlamı da derindi: sabır, bereket ve umut.\r\nSofraya gelen herkes oturacak bir yer buluyordu. Kimse davet beklemiyor, kimse dışlanmıyordu. Herkes bir diğerinin tabağına uzanıyor, çocuklar yaşlıların ellerinden öpüyordu. Ali, bu ortamda büyümenin ne kadar değerli olduğunu fark etti.\r\nÖğle ezanı okunmadan önce dua edildi. Bu dua, sadece bereket için değil, aynı zamanda sağlık, huzur ve toplumsal dayanışma içindi. Herkes el açtı, sessizce amin dedi. Ardından tabaklar yavaş yavaş dolmaya başladı.\r\nAli, pilav sırasına girdiğinde arkasındaki amcayla tanıştı. Adam ona çocukluğunda nasıl Nevruz kutladığını anlattı. Bu sohbet, sadece geçmişi anlatmak değil, geleceğe aktarmak anlamına geliyordu.\r\nYemekten sonra çocuklar uçurtmalarını uçurdu. Gençler geleneksel oyunlar oynadı, yaşlılar çay eşliğinde sohbet etti. Bayram sadece yemekle değil; bakışla, sözle, duruşla hissediliyordu.\r\nAkşam üzeri sofralar yavaş yavaş toplandı. Tencereler yıkandı, masa örtüleri katlandı, kalan yemekler ihtiyaç sahiplerine dağıtıldı. Ortada büyük bir coşku ve tatlı bir yorgunluk vardı.\r\nAli eve dönerken annesine, "Bugün gerçekten bayram gibiydi," dedi. Annesi gülümsedi: “Çünkü bayram, birlikte yaşanırsa bayram olur.”			4	8	
39	B2 Seviyesi 1. Okuma Sınavı 5. Bölüm (30-35)	30-35. soruları cevaplamak için aşağıdaki metni okuyunuz. Doğru seçeneği işaretleyiniz.\r\n30-32. Soruları Metne göre doğru seçeneği (A, B, C veya D) işaretleyiniz\r\n33-35. Sorularda Aşağıdaki cümleleri okuyunuz. Cümlelerin hangi paragraflara (1-5) ait olduğunu bulunuz.			Üç Boyutlu Yazıcıyla Dokunan Hayaller: Tasarımın Sanayide Yeni Biçim Alışı	A) \r\nEskiden bir ürün yapmak çok uzun zaman alırdı. Önce çizimler yapılır, sonra özel kalıplar hazırlanır ve üretim başlardı. Bu süreç, özellikle deneme yanılma yapmak istediğinizde çok pahalı ve yavaştı. Ama şimdi her şey değişiyor! Yeni bir teknoloji var: Üç boyutlu yazıcılar. Bunlar, bilgisayarda tasarladığınız bir şeyi gerçek bir nesneye dönüştürebiliyor. Tıpkı normal bir yazıcı gibi, ama kağıda mürekkep basmak yerine, farklı malzemeleri katman katman üst üste koyarak üç boyutlu bir obje oluşturuyorlar. Bu teknoloji, tasarımcıların hayallerindeki ürünleri daha hızlı ve daha ucuza test etmelerini sağlıyor. Artık karmaşık şekiller bile kolayca yapılabiliyor. Üç boyutlu yazıcılar, sanayide büyük bir değişim yaratıyor ve bize yeni üretim yolları gösteriyor.\r\nB) \r\nÜç boyutlu yazıcıların en büyük avantajlarından biri, bir ürünü kişiye özel yapabilmesidir. Geleneksel üretimde, her şey aynı kalıpla ve seri olarak yapılır. Ama üç boyutlu yazıcılarla, her bir ürün farklı olabilir. Mesela, bir doktor hastası için tam da ona özel bir implant tasarlayabilir. Veya bir ayakkabı firması, müşterinin ayak yapısına göre özel bir taban üretebilir. Bu, sadece ürünleri farklılaştırmakla kalmaz, aynı zamanda israfı da azaltır. Çünkü tam olarak ihtiyacınız olanı üretirsiniz, fazla üretim yapmazsınız. Ayrıca, küçük parçaları veya prototipleri çok hızlı bir şekilde üretebilirsiniz. Tasarımcılar, fikirlerini hemen gerçeğe dönüştürüp test edebilirler. Böylece, bir ürün piyasaya çıkmadan önce birçok kez geliştirilebilir. Bu yöntem, şirketlerin pazardaki değişen taleplere daha hızlı cevap vermesine yardımcı oluyor.\r\nC) \r\nÜç boyutlu yazıcılar, üretimde kullanılan malzemeleri de değiştiriyor. Eskiden sadece belirli malzemelerle çalışılırdı. Ama artık plastik, metal, seramik, hatta biyolojik malzemeler bile üç boyutlu yazıcılarla işlenebiliyor. Bu, mühendislere ve tasarımcılara daha fazla seçenek sunuyor. Örneğin, hafif ve dayanıklı uçak parçaları metal tozlarından basılabilir. Veya biyo-uyumlu malzemelerden insan organı modelleri yapılabilir. Bu malzemelerin doğru kullanılması, ürünlerin daha hafif, daha güçlü veya daha işlevsel olmasını sağlıyor. Ayrıca, atık malzemeyi azaltmaya da yardımcı oluyorlar, çünkü sadece ihtiyacınız olan miktarı kullanıyorsunuz. Bir parçayı üretirken çıkan atık miktarı çok az oluyor. Bu teknoloji, sadece yeni ürünler üretmekle kalmıyor, aynı zamanda eski ürünlerin onarılmasını veya yedek parçalarının yapılmasını da kolaylaştırıyor. Böylece, daha az kaynak harcanıyor ve çevre korunuyor.\r\nD) \r\nÜç boyutlu yazıcılar, üretim süreçlerini daha esnek ve yerelleşmiş hale getiriyor. Geleneksel fabrikalar genellikle büyük ve merkezidir, ürünler dünyanın farklı yerlerine taşınır. Ama üç boyutlu yazıcılarla, üretimi doğrudan ihtiyacın olduğu yere taşıyabilirsiniz. Bu, taşıma maliyetlerini ve zamanını azaltır. Örneğin, uzaktaki bir şantiyede bir yedek parçaya ihtiyacınız varsa, onu hemen orada basabilirsiniz, günler süren bir nakliye beklemek zorunda kalmazsınız. Bu esneklik, şirketlerin daha küçük ve hızlı üretim yapmasına olanak tanır. Ayrıca, küresel tedarik zincirlerindeki bağımlılığı da azaltır. Bir ülkede bir sorun olduğunda, diğer ülkelerdeki üretim etkilenmez. Bu da şirketleri daha dayanıklı hale getirir. Acil durumlarda veya özel siparişlerde hızlıca üretim yapmak çok daha kolay olur. Bu sayede, üretim sadece büyük fabrikalarda değil, küçük atölyelerde veya hatta evlerde bile yapılabilir, bu da yeni iş imkanları yaratır.\r\nE) \r\nÜç boyutlu yazıcı teknolojisi, gelecekteki eğitimi ve iş gücünü de etkileyecek. Bu yeni teknolojiyi kullanabilen insanlara daha fazla ihtiyaç duyulacak. Mühendislerin, tasarımcıların ve teknik elemanların bilgisayar destekli tasarım (CAD) ve yazıcı kullanımı konusunda bilgi sahibi olması gerekecek. Okulların ve üniversitelerin eğitim programlarını bu yeni duruma göre güncellemesi önemli olacak. Bu, sadece teknik becerileri değil, aynı zamanda yaratıcı düşünme ve problem çözme yeteneklerini de geliştirmeyi gerektirir. Toplum olarak, bu yeni teknolojinin bize getireceği fırsatları anlamamız ve ona uyum sağlamamız gerekiyor. Üç boyutlu yazıcılar, üretimde olduğu kadar, sağlık, eğitim ve hatta sanat gibi birçok alanda da kullanılıyor. Örneğin, öğrencilerin daha kolay öğrenmesi için somut modeller basılabiliyor. Bu teknoloji, sadece ürünlerin nasıl yapıldığını değil, aynı zamanda bizim gelecekte nasıl çalışacağımızı ve öğreneceğimizi de değiştiriyor. Hayallerimizi somutlaştırmamızı sağlayan bu yazıcılar, sanayide olduğu kadar günlük hayatımızda da önemli bir yer tutacak.			5	8	
40	C1 Seviyesi 1. Okuma Sınavı 1. Bölüm (1-6)	Aşağıdaki metni okuyunuz ve alttaki sözcükleri (A–H) kullanarak boşlukları (1-6) doldurunuz. Her sözcük yalnızca bir defa kullanılabilir. Seçmemeniz gereken İKİ seçenek bulunmaktadır.			Ağır Akan Zaman: Sabır, Bekleyiş ve Durağanlığın Dili	Zaman, insan zihninin en kadim takıntılarından biridir. Ancak modern çağın hız odaklı ritminde, yavaşlık artık bir eksiklik ya da arıza olarak görülmektedir. Ne var ki, insan yaşamı sadece koşmakla değil, beklemekle de biçimlenir. Bazen hiçbir şeyin değişmediği, saatlerin kıpırtısız aktığı anlarda; zaman, gerçek yüzünü gösterir: ağır, koyu, sabırlı.\r\nSabır, çoğu zaman _________ (S1) ile karıştırılır. Oysa sabır, bilinçli bir duraksama hâlidir; zamanın baskısını kabullenmek değil, onunla eşzamanlı hareket edebilme yetisidir. Beklemek de bu bağlamda bir tür bilgeliktir; çünkü acele, yüzeyde olanı fark ettirirken, bekleyiş ise derinlikteki anlamları görünür kılar. Hareket etmeyen beden, düşünen bir zihne dönüşür. O hâlde sabır, sadece beklemek değil, anlamı içeride _________ (S2) demektir.\r\nModern insan, sabırsızlıkla çevrelenmiş bir sistemin ürünüdür. Hız, _________ (S3) ve verimlilik putlaştırılmış; durağanlık ise tembellik ya da başarısızlıkla etiketlenmiştir. Ancak bu bakış, insanın duygusal ve varoluşsal katmanlarını göz ardı eder. Çünkü bazı değişimler sessizdir; bazı devinimler dışarıdan fark edilmez. Tıpkı toprak altında bekleyen bir tohum gibi; henüz filiz vermemiştir ama _________ (S4) çoktan başlamıştır.\r\nDurağanlığın dili sessizdir; ama suskun değildir. Beklemenin kendi içinde barındırdığı anlamlar, ancak dikkatle okunabilir. Anlam; hareketin gürültüsünden değil, bekleyişin sessizliğinden doğar. Bu nedenle yavaş zamanlar, düşünsel berraklığın filizlendiği anlardır. İnsan, sabrettiği ölçüde değil; sabrını nasıl taşıdığı ölçüde _________ (S5).\r\nBu bağlamda, ağır akan zaman; verimsizliğin değil, derinliğin başka bir adıdır. Hareketsizlik sandığımız o anlar, aslında içsel yolculuklarımızın başlangıcıdır. Gözle görülmeyen gelişimlerin, düşünsel dönüşümlerin ve anlam arayışlarının mekânıdır. Çünkü bazı soruların cevabı hemen ortaya çıkmaz; bazı duyguların olgunlaşması için zamanın _________ (S6) gerekir.			1	9	Seçenekler\r\nA) edilgenlik\r\nB) derinleşir\r\nC) özümsemek\r\nD) üretkenlik\r\nE) içsel dönüşüm\r\nF) hız çağında\r\nG) olgunlaşması\r\nH) mayalamak
41	C1 Seviyesi 1. Okuma Sınavı 2. Bölüm (7-14)	Aşağıda verilen durumları (A–J) ve bilgi metinlerini (7–14) okuyunuz. Her durum için uygun olan metni bulup uygun seçeneği işaretleyiniz. Her seçenek yalnız bir defa kullanılabilir. Seçilmemesi gereken İKİ seçenek bulunmaktadır.			Bursiyer Olmanın Avantajları: Akademik Gelişim, Kültürel Deneyimler ve Kariyer Fırsatları	Açıklayıcı Cümleler\r\nA. Türkiye'deki üniversiteler, öğrencilere modern kütüphaneler, gelişmiş laboratuvarlar ve çeşitli teknolojik imkanlar sunar. Bu olanaklar, derslerinizi daha iyi anlamanıza ve projelerinizi daha kolay yapmanıza yardımcı olur. \r\nB. Bursunuz, eğitim masraflarınızı karşıladığı için, okul için endişelenmeden derslerinize ve kişisel gelişiminize daha fazla odaklanabilirsiniz.\r\n C. Türkiye'de yaşarken, Türk halkının misafirperverliğini, farklı şehirlerin geleneklerini ve zengin mutfak kültürünü yakından tanıma fırsatınız olur. Bu, hayatınıza yeni renkler katar. \r\nD. Burs programları genellikle bursiyerleri için çeşitli geziler ve kültürel etkinlikler düzenler. Bu etkinlikler sayesinde ülkenin farklı yerlerini görebilir ve Türk kültürünü daha iyi anlayabilirsiniz. \r\nE. Türkiye'den alacağınız uluslararası bir diploma, dünya genelinde birçok işveren için değerli bir referans olabilir ve mezun olduktan sonra iş bulmanızı kolaylaştırır. \r\nF. Türkiye'de eğitim alırken hem Türkçeyi hem de İngilizceyi aktif olarak kullanma şansınız olur. Bu durum, gelecekteki kariyeriniz için önemli bir beceri olan çok dilliliği geliştirmenizi sağlar. \r\nG. Burs programları, öğrencilere akademik konularda yardım etmek için danışmanlar veya mentorlar atayabilir. Bu kişiler, derslerinizde başarılı olmanız için size rehberlik eder. \r\nH. Türkiye'de okurken, farklı ülkelerden gelen diğer bursiyerlerle tanışma ve arkadaş olma fırsatınız olur. Bu, dünyaya farklı pencerelerden bakmanızı sağlar. \r\nI. Üniversiteler ve burs programları, öğrencilerin iş hayatına hazırlanması için staj imkanları ve kariyer fuarları düzenler. Bu sayede, gelecekteki mesleğinizle ilgili tecrübe edinebilirsiniz. \r\nJ. Türk kültüründe toplu kutlamalar, festivaller ve özel günler oldukça yaygındır. Bu etkinliklere katılmak, yerel halkla daha hızlı kaynaşmanızı ve kendinizi ait hissetmenizi sağlar.			2	9	Soru 7. Üniversitedeki teknik olanaklar hakkında bilgi almak istiyorum.\r\nSoru 8. Okurken ekonomik olarak rahat edebilecek miyim?\r\nSoru 9. Farklı gelenekleri nasıl deneyimleyeceğim?\r\nSoru 10. Okul dışında gezebilecek miyim?\r\nSoru 11. Mezun olunca iş bulma şansım nasıl olur?\r\nSoru 12. Birden fazla dil öğrenme fırsatım olacak mı?\r\nSoru 13. Derslerimde yardım alabilecek miyim?\r\nSoru 14. Uluslararası arkadaşlar edinecek miyim?
42	C1 Seviyesi 1. Okuma Sınavı 3. Bölüm (15-20)	Aşağıdaki başlıkları (A-H) ve paragrafları (15-20) okuyunuz. Her paragraf için uygun bir başlık bulunuz. Her başlık yalnız bir defa kullanılabilir.			Karanlıkla Konuşmanın İncelikleri	1. Paragraf\r\nGeceyi yalnızca ışığın çekilmesi değil, varlığın içeri kıvrılması olarak tanımlarsak; gökyüzünün kararması değil, zihnin derinleşmesidir asıl olan. Çünkü karanlık, görmenin değil, sezmenin sahnesidir. Ve insanın hakikate en çok yaklaştığı an, gözünün değil, kalbinin baktığı andır. Camus’nun “gece, insanı çıplaklaştırır” sözünü hatırlatan bu karanlık hâl, yalnızca örtülerin değil; kimliklerin de geçici olarak askıya alındığı bir boşluk yaratır. Bu boşluk, ilk bakışta bir hiçlik gibi görünür; ama dikkatle bakıldığında içsel yoğunluğun, bilincin tortular halinde kabardığı bir varlık alanına dönüşür. Karanlıkla konuşabilen insan, artık sıradan ifadelerle değil, sezgisel kelimelerle düşünmeye başlar. Bu düşünme biçimi, ne salt akla ne de salt duyguya aittir. O, üçüncü bir alan yaratır: sessizliğin bilgeliği. O alanda geçmiş yalnızca hatırlanmaz; yeniden kurulur. Ve bu yeniden kurulumda kişi, kim olduğunu değil, kimliğinin altında neyi bastırdığını görür. Gerçek aydınlanma, ışıkla değil; karanlığın sunduğu içe bakan mercekle gerçekleşir.\r\n\r\n2. Paragraf\r\nZamanın geceyle ilişkisinde saat, bir ölçüm aracı olmaktan çıkar; adeta kendini unutur. Çünkü gecede zaman, doğrusal değil; derinlikli akar. Her dakikada bir saat, her sessizlikte bir ömür gizlidir. Bu, doğrudan bir yavaşlama değil; zihinsel bir yoğunlaşmadır. Gece, zamanı yoğunlaştırarak bir tür bilinç yoğunluğu üretir. Bu yoğunluk içinde insanın en sıradan düşünceleri bile metafizik bir yankıya bürünür. “Şimdi ne yapıyorum?” sorusu bile geceleyin “Kimim?” sorusuna dönüşür. Zaman buharlaşır, anlar katılaşır. Ve insan, süreklilik içinde kendini parçalı bir aynada seyreder. Bu aynada hem geçmişin yankılarını hem de geleceğin siluetini aynı anda görür. Yani gece, yalnızca ‘şimdi’nin karanlığı değil; tüm zamanların üst üste bindiği bir aynalı geçittir. O geçitte adım atan, zamandan değil; kendi zihinsel kalıplarından geçer. Ve bu geçişte saatler değil; anlam katmanları birikir. Bu yüzden gece, bilinç için hem bir boşluk hem de yoğun bir varlık deneyimidir.\r\n\r\n3. Paragraf\r\nBazı geceler vardır ki insan, kendi zihninde misafir gibi hisseder. Ne düşünceler ona aittir ne de duygular. Tüm kimlik tanımları, etiketler ve alışkanlıklar geçici olarak çöker. Bu çöküş, kimi zaman sarsıcıdır. Çünkü kişi, ben sandığı şeyin aslında ne kadar geçici olduğunu fark eder. Tam da burada, Nietzsche’nin “içine bakma, uçurum sana bakar” sözü yankılanır. Bu uçurum, insanın içindeki boşluk değil; anlam arayışının sınırsızlığıdır. Ve o sınırsızlıkta, birey bir sınır çizer kendine: ya inkârla yüz çevirir ya da cesaretle derinleşir. Derinleşmeyi seçen kişi, acıdan kaçmaz; onu anlam üretiminin hammaddesi olarak görür. Acı, yalnızca bir duygulanım değil; varoluşsal bir üretim sürecidir. O üretim, karanlıkta başlar ama sabahı doğurur. Çünkü karanlık, ancak anlamla aydınlatıldığında katlanılabilir hâle gelir. Ve gecede şekillenen anlamlar, gündüzün sıradanlığına ruh kazandırır.\r\n\r\n4. Paragraf\r\nSabahın gelişi çoğu zaman bir bitiş olarak algılanır: gecenin sonu, sessizliğin bitimi, ışığın gelişi... Ancak bazı sabahlar vardır ki o sabahlar sadece zamanın değil, zihinsel bir evrenin dönüşümüdür. İnsan, aynı odada, aynı bedende, aynı saatte uyanır; ama artık aynı kişi değildir. Gecede yaşanan içsel yolculuk, kimliğin yapı taşlarını sarsmıştır. Sessizlikte yankılanan sorular, artık yanıtsız değildir. Sabahın ışığı, yalnızca göz kapaklarını değil; iç bilinci de açar. Ve o açılmayla birlikte insan, yalnızca ‘yeniden başlayan bir gün’le değil; ‘yeniden doğan bir benlik’le karşılaşır. Bu karşılaşma, basit bir uyanma değil; neredeyse bir tür içsel törendir. Ve bu törenin ardından gelen sessizlik, artık boş değil; anlam yüklüdür. Geceden doğan bu benlik, artık sadece hayatta kalmakla değil; hayatı anlamlandırmakla ilgilenir. Bu yüzden bazı sabahlar, gün doğumundan çok daha fazlasıdır: bir bilinç doğumudur.\r\n\r\n5. Paragraf\r\nUnutulmaz geceler vardır; çünkü o geceler bizi unuttuğumuz kendimizle tanıştırır. O tanışma, çoğu zaman dramatik değil; sessiz ve ani olur. Bir an gelir, zihnin içinde eski bir fotoğraf belirir, çocukken söylenen bir cümle yankılanır ya da hiç fark edilmemiş bir kırgınlık yeniden belirir. Bu parçacıklar, zihinsel bir arkeoloji gibidir. Ve insan, kendi hafızasının derinliklerinde dolaştıkça yalnızca geçmişi değil; geçmişte unuttuğu duygusal bağlarını da yeniden keşfeder. O bağlar, bugünün davranışlarını da belirleyen görünmez ipliklerdir. Gece, işte bu bağları görünür kılar. İnsan, duygusal olarak eksik kaldığı yerleri hisseder, kendi iç haritasını yeniden çizer. Bu harita artık yalnızca ‘nereye gideceğini’ değil; ‘nereden geldiğini’ de içerir. Ve bu iki yönlü farkındalık, insana yalnızca yön değil; kök de kazandırır.\r\n\r\n6. Paragraf\r\nKaranlıkla kurulan ilişki, aslında bilgiyle kurulan ilişkiye çok benzer. Kimi bilgi, aydınlatır; kimi bilgi ise yakar. Kimi karanlık, korkutur; kimi karanlık ise derinleştirir. Bu nedenle karanlıkla temas, yüzeysel değil; varoluşsal bir bağlamda ele alınmalıdır. Işık, çoğu zaman yön gösterir; ama karanlık, neden yön aradığımızı sorgulatır. Bu sorgulama, bireyin yalnızca dışsal yaşamı değil; içsel hikâyesiyle de yüzleşmesini sağlar. Ve içsel hikâyeyle yüzleşen kişi, artık başkasının senaryosunda figüran olmaktan çıkar; kendi anlatısının yazarı olur. Bu anlatı, hazır reçetelere değil; deneyimle yoğrulmuş bilgeliklere dayanır. Geceden gelen kişi, sabaha sadece bir günü değil; kendi sesini de getirir. O ses artık fısıltı değil; yön veren bir iç yankıdır. Çünkü en derin karanlıktan geçenler, sadece güneşe değil; kendilerine de uyanırlar.			3	9	A) Zaman, gecede doğrusal değil; derinlikli bir yankıya dönüşür.\r\nB) Gerçek dönüşüm, kimliklerin çözüldüğü sessizlikte başlar.\r\nC) Karanlık, sezgisel düşüncenin kıyısında doğan anlam sahnesidir.\r\nD) Bazı sabahlar, yalnızca günü değil; bilinci de başlatır.\r\nE) Acı, anlam üretiminin karanlıkta yoğrulan hammaddesidir.\r\nF) Geceyle kurulan bağ, bilgiyle kurulan yüzleşmeye benzer.\r\nG) Geçmişin tortuları, gecede zihinsel arkeolojiye dönüşür.\r\nH) Karanlığın içinden geçen kişi, artık kendi anlatısını yazmaya başlar.
\.


--
-- Data for Name: multilevel_testresult; Type: TABLE DATA; Schema: public; Owner: turan_user
--

COPY public.multilevel_testresult (id, status, score, start_time, end_time, section_id, user_test_id, created_at) FROM stdin;
2	completed	0	2025-06-28 18:08:51.845351+00	2025-06-28 18:48:51.845362+00	1	1	2025-06-28 18:08:51.845757+00
1	completed	0	2025-06-28 18:08:36.847275+00	2025-06-28 19:11:36.847284+00	3	1	2025-06-28 18:08:36.847672+00
5	completed	0	2025-06-30 09:15:52.537797+00	2025-06-30 09:37:52.770258+00	3	2	2025-06-30 09:15:52.538301+00
6	started	0	2025-06-30 15:59:33.328051+00	2025-06-30 16:39:33.328062+00	1	3	2025-06-30 15:59:33.328727+00
7	started	0	2025-06-30 16:00:03.245609+00	2025-06-30 17:00:03.24562+00	2	3	2025-06-30 16:00:03.246193+00
8	completed	0	2025-06-30 16:00:09.39765+00	2025-06-30 16:24:29.857966+00	3	3	2025-06-30 16:00:09.398176+00
9	started	0	2025-06-30 16:32:36.432799+00	2025-06-30 17:35:36.432809+00	3	3	2025-06-30 16:32:36.433406+00
3	completed	0	2025-06-30 09:15:38.291476+00	2025-06-30 09:55:38.291486+00	1	2	2025-06-30 09:15:38.291952+00
10	completed	0	2025-06-30 18:50:47.967341+00	2025-06-30 19:04:47.967347+00	4	2	2025-06-30 18:50:47.967919+00
4	completed	0	2025-06-30 09:15:46.559325+00	2025-06-30 10:15:46.559332+00	2	2	2025-06-30 09:15:46.559969+00
11	completed	0	2025-07-01 15:46:07.7515+00	2025-07-01 16:26:07.751506+00	1	4	2025-07-01 15:46:07.752102+00
12	completed	0	2025-07-03 09:53:03.400826+00	2025-07-03 10:33:03.400834+00	1	5	2025-07-03 09:53:03.401306+00
13	started	0	2025-07-18 10:53:14.571207+00	2025-07-18 11:33:14.571214+00	1	6	2025-07-18 10:53:14.574519+00
14	started	0	2025-07-30 13:39:26.989417+00	2025-07-30 14:39:26.989428+00	2	7	2025-07-30 13:39:26.99128+00
\.


--
-- Data for Name: multilevel_useranswer; Type: TABLE DATA; Schema: public; Owner: turan_user
--

COPY public.multilevel_useranswer (id, is_correct, question_id, user_answer, user_option_id, test_result_id) FROM stdin;
1	f	1	A) Çünkü çok fazla zamanım vardı, acele etmedim.	1	3
2	f	2	C) Projeyi yönetmedim, ekip arkadaşlarıma bıraktım.	6	3
3	t	3	C) Zaman kısıtlaması vardı, kısa tutmak zorundaydım.	9	3
4	f	4	C) Toplantıya erken gelmek istedim ama zamanında yetişemedim.	12	3
5	t	5	B) Daha önce benzer bir görevi başarıyla tamamladığım için.	14	3
6	f	41	B) Kitabı daha önceden okumuştum ve hızlıca tekrar ettim.	72	3
7	f	42	B) Daha önce bu konuyu hiç düşünmediğimden.	75	3
8	t	43	B) Koşullar benim için uygun olmadığı için.	78	3
9	t	44	A) Doğru	80	3
10	f	46	A) Doğru	84	3
11	f	56	A) Şehir içi ulaşımda yaşanan aksaklıklar hakkında bilgi verilmiştir.	110	3
12	f	59	F	137	3
13	t	1	C) Teslim tarihini karıştırdığım için geç kaldım.	3	6
14	f	51	B) Yüksek hızlı tren seferlerinin durdurulduğuna dair duyuru yapılmıştır.	99	6
15	f	1	A) Çünkü çok fazla zamanım vardı, acele etmedim.	1	11
16	f	2	B) Başka bir yöntem denemek istedim ama vazgeçtim.	5	11
17	t	3	C) Zaman kısıtlaması vardı, kısa tutmak zorundaydım.	9	11
18	f	4	C) Toplantıya erken gelmek istedim ama zamanında yetişemedim.	12	11
19	f	5	C) Görevden kimse memnun olmadığı için.	15	11
20	t	41	A) Çünkü kitap çok sürükleyiciydi.	71	11
21	f	42	B) Daha önce bu konuyu hiç düşünmediğimden.	75	11
23	t	44	A) Doğru	80	11
50	f	1	A) Çünkü çok fazla zamanım vardı, acele etmedim.	1	13
51	f	2	C) Projeyi yönetmedim, ekip arkadaşlarıma bıraktım.	6	13
52	f	3	B) Sunum çok yoğundu ve daha fazla uzatmak istemedim.	8	13
53	t	4	B) Trafik beklenmedik şekilde yoğun olduğu için.	11	13
54	f	5	C) Görevden kimse memnun olmadığı için.	15	13
55	f	41	C) Kitap kısa olduğu için zaman almadı.	73	13
56	f	42	A) Soruyu anlayamadığım için.	74	13
57	f	43	A) Teklif bana ilginç gelmedi.	77	13
58	t	44	A) Doğru	80	13
59	t	45	A) Doğru	82	13
60	t	46	B) Yanlış	85	13
61	t	47	B) Yanlış	87	13
62	f	48	A) Doğru	88	13
63	t	49	A) Doğru	90	13
64	f	50	C) Kabin bagajı kurallarına uyulması gerektiği belirtilmiştir.	94	13
65	f	51	B) Yüksek hızlı tren seferlerinin durdurulduğuna dair duyuru yapılmıştır.	99	13
66	t	55	C) Kabin bagajı kurallarına uyulması gerektiği belirtilmiştir.	106	13
67	f	56	F) Ulaşımda özel güvenlik önlemleri alınmasına dair bilgilendirme yapılmıştır.	115	13
68	f	57	G	122	13
69	f	58	D	127	13
70	f	59	B	133	13
71	f	60	B	141	13
72	f	61	E	152	13
73	t	62	A) Her ikisi de farklı alanlarda araştırma yapıyor ve kaynak bulmakta zorlanıyor.	156	13
74	t	63	B) Çevrimiçi arşivlere ve indekslere öncelik verir.	160	13
75	f	64	B) Dil bilgisi öğrenimine tamamen odaklanmak.	163	13
76	f	65	A) Derslerin yetersiz olduğunu düşünmektedir.	165	13
77	f	66	A) Dinleme ve okuma bölümleri.	168	13
78	f	67	B) Yalnızca konuşma pratiği yapmak.	172	13
79	f	68	A) Nektarı peteklere bırakarak	174	13
80	f	69	C) Balmumuyla petekleri kapatmak	179	13
81	f	70	C) Petek gözlerini balmumuyla kapladıkları için	182	13
82	f	71	A) Bir arı, ömrü boyunca bir çay kaşığı kadar bal üretir.	183	13
83	f	72	A) Nektarın su içeriğinin azaltılmasına	186	13
84	f	73	C) Kanat çırparak nektarı doğrudan tüketmek	191	13
27	f	48	A) Doğru	88	11
28	t	49	A) Doğru	90	11
29	f	50	E) Şehir içi ulaşım ücretleriyle ilgili değişiklik yapılmıştır.	96	11
30	t	51	A) Şehir içi ulaşımda yaşanan aksaklıklar hakkında bilgi verilmiştir.	98	11
31	f	55	F) Ulaşımda özel güvenlik önlemleri alınmasına dair bilgilendirme yapılmıştır.	109	11
32	f	56	C) Kabin bagajı kurallarına uyulması gerektiği belirtilmiştir.	112	11
33	f	57	A	116	11
34	t	58	A	124	11
35	t	59	C	134	11
36	f	60	B	141	11
37	f	61	C	150	11
38	f	62	B) Mahleraym sosyoloji üzerine çalışırken, Aziza bilimsel bir makale yazıyor.	157	11
39	f	63	C) Çalışmalarını genellikle grup çalışmalarıyla yapar.	161	11
40	t	64	C) Şarkılar dinlemek ve konuşma pratiği yapmak.	164	11
41	t	65	B) Derslerin öğretmenleri etkili bulmaktadır.	166	11
42	t	66	C) Okuma ve yazma bölümleri.	170	11
43	f	67	C) Sadece öğretmenlerle çalışmak.	173	11
44	f	68	A) Nektarı peteklere bırakarak	174	11
45	t	69	A) Kanat çırparak nektarın yoğunlaşmasını sağlamak	177	11
46	t	70	B) Çiçeklerin tozlaşmasını sağladıkları için	181	11
47	f	71	A) Bir arı, ömrü boyunca bir çay kaşığı kadar bal üretir.	183	11
48	f	72	B) Balmumunun balın korunmasındaki rolüne	187	11
22	f	43	C) Teklifi değerlendirme fırsatım olmadı.	79	11
24	t	45	A) Doğru	82	11
25	f	46	A) Doğru	84	11
26	f	47	A) Doğru	86	11
49	f	73	C) Kanat çırparak nektarı doğrudan tüketmek	191	11
\.


--
-- Data for Name: multilevel_usertest; Type: TABLE DATA; Schema: public; Owner: turan_user
--

COPY public.multilevel_usertest (id, created_at, user_id, payment_status, score, status, language_id, updated_at, exam_id, transaction_id) FROM stdin;
1	2025-06-28 18:08:36.831419+00	1	pending	0	completed	2	2025-06-30 09:15:11.859225+00	2	\N
3	2025-06-30 15:59:33.313461+00	5	pending	0	started	2	2025-06-30 16:24:29.865579+00	2	\N
2	2025-06-30 09:15:38.271124+00	1	pending	0	completed	2	2025-07-01 06:27:03.538524+00	2	\N
4	2025-07-01 15:46:07.727264+00	1	pending	0	completed	2	2025-07-01 18:31:45.080211+00	2	\N
5	2025-07-03 09:53:03.384969+00	1	pending	0	completed	2	2025-07-07 12:02:39.443803+00	2	\N
6	2025-07-18 10:53:14.525104+00	1	pending	0	started	2	2025-07-18 10:53:14.526364+00	2	\N
7	2025-07-30 13:39:26.936475+00	9	pending	0	started	2	2025-07-30 13:39:26.936507+00	2	\N
\.


--
-- Data for Name: payme_transactions; Type: TABLE DATA; Schema: public; Owner: turan_user
--

COPY public.payme_transactions (id, transaction_id, account_id, amount, state, cancel_reason, created_at, updated_at, performed_at, cancelled_at, fiscal_data) FROM stdin;
\.


--
-- Data for Name: payment_balancetransaction; Type: TABLE DATA; Schema: public; Owner: turan_user
--

COPY public.payment_balancetransaction (id, amount, transaction_type, description, created_at, user_id) FROM stdin;
1	10	topup	Payme orqali to'ldirish kutilmoqda	2025-05-10 11:55:08.971+00	2
2	10	topup	Payme orqali to'ldirish kutilmoqda	2025-06-19 12:41:38.144+00	1
3	10000	topup	Payme orqali to'ldirish kutilmoqda	2025-06-30 19:06:24.588072+00	5
4	1	topup	Payme orqali to'ldirish kutilmoqda	2025-07-27 14:54:21.035977+00	5
5	1	topup	Payme orqali to'ldirish kutilmoqda	2025-07-27 15:14:55.550596+00	5
6	1	topup	Payme orqali to'ldirish kutilmoqda	2025-07-27 15:22:01.152517+00	5
7	1	topup	Payme orqali to'ldirish kutilmoqda	2025-07-27 15:29:38.752482+00	5
8	1	topup	Payme orqali to'ldirish kutilmoqda	2025-07-29 10:29:22.594644+00	5
9	1	topup	Payme orqali to'ldirish kutilmoqda	2025-07-29 10:41:22.966391+00	5
10	1	topup	Payme orqali to'ldirish kutilmoqda	2025-07-29 10:45:22.10422+00	5
11	100	topup	Payme orqali to'ldirish kutilmoqda	2025-07-29 10:47:09.535193+00	5
12	100	topup	Payme orqali to'ldirish kutilmoqda	2025-07-29 10:56:00.732404+00	5
\.


--
-- Data for Name: payment_exampayment; Type: TABLE DATA; Schema: public; Owner: turan_user
--

COPY public.payment_exampayment (id, exam_id, user_id, is_paid, payment_method, amount, created_at, updated_at) FROM stdin;
\.


--
-- Data for Name: payment_userbalance; Type: TABLE DATA; Schema: public; Owner: turan_user
--

COPY public.payment_userbalance (id, balance, user_id) FROM stdin;
1	0	2
2	0	3
3	0	1
4	0	6
5	0	7
6	0	5
7	0	9
\.


--
-- Data for Name: users_country; Type: TABLE DATA; Schema: public; Owner: turan_user
--

COPY public.users_country (id, name) FROM stdin;
\.


--
-- Data for Name: users_region; Type: TABLE DATA; Schema: public; Owner: turan_user
--

COPY public.users_region (id, name, country_id) FROM stdin;
\.


--
-- Data for Name: users_user; Type: TABLE DATA; Schema: public; Owner: turan_user
--

COPY public.users_user (id, password, last_login, is_superuser, first_name, last_name, email, is_staff, is_active, date_joined, created_at, balance, phone, region_id, language_id, picture, gender) FROM stdin;
2	pbkdf2_sha256$600000$umVZTREMFRd4kqPU9LOcUe$IK/HYRGlS9XQ7kZoB91NbmVwDfJ3vuQD73UjVpAswIg=	\N	f	Muhammadali	Rayimjonov	mrxlv87@gmail.com	f	t	2025-05-10 11:54:07.798+00	2025-05-10 11:54:08.076+00	0	+998901112233	\N	\N		\N
3	pbkdf2_sha256$600000$Bn3Uw99TYBoVdo6MbTg945$uqqdDSormN1R/l9F8p2TdfQyRRdfspVekeuApF808Uw=	\N	f	Muhammadali	Rayimjonov	raimjonovblog@gmail.com	f	t	2025-05-17 08:09:48.969+00	2025-05-17 08:09:49.319+00	0	+998949721511	\N	\N		\N
4	pbkdf2_sha256$600000$I3WM82SeavQn7lpue1MIeH$MHjZxEwm79ot41wfccj/5s8IhZNYYCYQTVBWNsZI/0k=	\N	f	Rustam	Yusuf	shamatovrustamjon@gmail.com	f	t	2025-05-28 21:09:21.59+00	2025-05-28 21:09:21.974+00	0	+998903650927	\N	\N		\N
6	pbkdf2_sha256$600000$ZkjgdciKQXYy38Atxm0obR$VTHSguX9STAZCZ6jnElGBgeEK+NmshA5mLx6mVJnCGo=	\N	f	Saidafzal	Maxkamov	saidafzalmaxkamov0205@gmail.com	f	t	2025-06-19 12:31:23.066+00	2025-06-19 12:31:23.359+00	0	+998886632206	\N	\N		\N
7	pbkdf2_sha256$600000$ZJ18MfiHtDzPjkkXRHt4L1$XT9gTGCBhUZjuvtSTsdAWu8/OZAPiXXgGRMI+Khf8UM=	\N	f	Muhammadali	Rayimjonov	salom11@gmail.com	f	t	2025-06-19 13:02:58.963+00	2025-06-19 13:02:59.323+00	0	+998991112233	\N	\N		\N
1	pbkdf2_sha256$600000$GEuki3cKa70lWwqkzxcvh3$CRA9VfbXarQK6u9r+0O2UoTrMKgag4FyQ327ubKpvfY=	2025-07-19 09:53:11.544309+00	t			\N	t	t	2025-05-10 11:16:55.885+00	2025-05-10 11:16:56.173+00	0	+998900913525	\N	\N		\N
8	pbkdf2_sha256$600000$lJqPPm5gfA8rQVOYr0z71v$fzXHt27FpYFt9+QEwZ8lyObJI9KGkCCECIw7ssoRVEI=	\N	f	Husnora	Baxtiyorova	baxtiyorovahusnora55@gmail.com	f	t	2025-07-24 06:33:07.778592+00	2025-07-24 06:33:08.137029+00	0	+998908452174	\N	\N		\N
5	pbkdf2_sha256$600000$Rq9cpxsvvwLwv4qLPMG7pk$4RWdKl5NhYUEL8lUGGwzDsDzcpMmwQ4FEgPpSgYKNHU=	2025-07-27 11:48:20.49222+00	t			\N	t	t	2025-06-18 12:05:36.223+00	2025-06-18 12:05:36.51+00	0	+998908400751	\N	\N		\N
9	pbkdf2_sha256$600000$XwZMLRcCpiBaqAh5AFJohS$rqvQVcOVO22WPRM9nKoxXBVAhryHzzVRmqK+9onXYts=	\N	f	Muhammadali	Rayimjonov	tesgakere@gmail.com	f	t	2025-07-30 13:36:19.856325+00	2025-07-30 13:36:20.241369+00	0	+998931122334	\N	\N		male
\.


--
-- Data for Name: users_user_groups; Type: TABLE DATA; Schema: public; Owner: turan_user
--

COPY public.users_user_groups (id, user_id, group_id) FROM stdin;
\.


--
-- Data for Name: users_user_user_permissions; Type: TABLE DATA; Schema: public; Owner: turan_user
--

COPY public.users_user_user_permissions (id, user_id, permission_id) FROM stdin;
\.


--
-- Data for Name: users_verificationcode; Type: TABLE DATA; Schema: public; Owner: turan_user
--

COPY public.users_verificationcode (id, code, created_at, expires_at, is_used, user_id) FROM stdin;
\.


--
-- Name: auth_group_id_seq; Type: SEQUENCE SET; Schema: public; Owner: turan_user
--

SELECT pg_catalog.setval('public.auth_group_id_seq', 1, false);


--
-- Name: auth_group_permissions_id_seq; Type: SEQUENCE SET; Schema: public; Owner: turan_user
--

SELECT pg_catalog.setval('public.auth_group_permissions_id_seq', 1, false);


--
-- Name: auth_permission_id_seq; Type: SEQUENCE SET; Schema: public; Owner: turan_user
--

SELECT pg_catalog.setval('public.auth_permission_id_seq', 92, true);


--
-- Name: common_versionhistory_id_seq; Type: SEQUENCE SET; Schema: public; Owner: turan_user
--

SELECT pg_catalog.setval('public.common_versionhistory_id_seq', 1, false);


--
-- Name: django_admin_log_id_seq; Type: SEQUENCE SET; Schema: public; Owner: turan_user
--

SELECT pg_catalog.setval('public.django_admin_log_id_seq', 390, true);


--
-- Name: django_content_type_id_seq; Type: SEQUENCE SET; Schema: public; Owner: turan_user
--

SELECT pg_catalog.setval('public.django_content_type_id_seq', 23, true);


--
-- Name: django_migrations_id_seq; Type: SEQUENCE SET; Schema: public; Owner: turan_user
--

SELECT pg_catalog.setval('public.django_migrations_id_seq', 71, true);


--
-- Name: main_language_id_seq; Type: SEQUENCE SET; Schema: public; Owner: turan_user
--

SELECT pg_catalog.setval('public.main_language_id_seq', 2, true);


--
-- Name: multilevel_exam_id_seq; Type: SEQUENCE SET; Schema: public; Owner: turan_user
--

SELECT pg_catalog.setval('public.multilevel_exam_id_seq', 7, true);


--
-- Name: multilevel_option_id_seq; Type: SEQUENCE SET; Schema: public; Owner: turan_user
--

SELECT pg_catalog.setval('public.multilevel_option_id_seq', 470, true);


--
-- Name: multilevel_question_id_seq; Type: SEQUENCE SET; Schema: public; Owner: turan_user
--

SELECT pg_catalog.setval('public.multilevel_question_id_seq', 257, true);


--
-- Name: multilevel_section_id_seq; Type: SEQUENCE SET; Schema: public; Owner: turan_user
--

SELECT pg_catalog.setval('public.multilevel_section_id_seq', 9, true);


--
-- Name: multilevel_test_id_seq; Type: SEQUENCE SET; Schema: public; Owner: turan_user
--

SELECT pg_catalog.setval('public.multilevel_test_id_seq', 44, true);


--
-- Name: multilevel_testresult_id_seq; Type: SEQUENCE SET; Schema: public; Owner: turan_user
--

SELECT pg_catalog.setval('public.multilevel_testresult_id_seq', 14, true);


--
-- Name: multilevel_useranswer_id_seq; Type: SEQUENCE SET; Schema: public; Owner: turan_user
--

SELECT pg_catalog.setval('public.multilevel_useranswer_id_seq', 84, true);


--
-- Name: multilevel_usertest_id_seq; Type: SEQUENCE SET; Schema: public; Owner: turan_user
--

SELECT pg_catalog.setval('public.multilevel_usertest_id_seq', 7, true);


--
-- Name: payme_transactions_id_seq; Type: SEQUENCE SET; Schema: public; Owner: turan_user
--

SELECT pg_catalog.setval('public.payme_transactions_id_seq', 1, false);


--
-- Name: payment_balancetransaction_id_seq; Type: SEQUENCE SET; Schema: public; Owner: turan_user
--

SELECT pg_catalog.setval('public.payment_balancetransaction_id_seq', 12, true);


--
-- Name: payment_exampayment_id_seq; Type: SEQUENCE SET; Schema: public; Owner: turan_user
--

SELECT pg_catalog.setval('public.payment_exampayment_id_seq', 1, false);


--
-- Name: payment_userbalance_id_seq; Type: SEQUENCE SET; Schema: public; Owner: turan_user
--

SELECT pg_catalog.setval('public.payment_userbalance_id_seq', 7, true);


--
-- Name: users_country_id_seq; Type: SEQUENCE SET; Schema: public; Owner: turan_user
--

SELECT pg_catalog.setval('public.users_country_id_seq', 1, false);


--
-- Name: users_region_id_seq; Type: SEQUENCE SET; Schema: public; Owner: turan_user
--

SELECT pg_catalog.setval('public.users_region_id_seq', 1, false);


--
-- Name: users_user_groups_id_seq; Type: SEQUENCE SET; Schema: public; Owner: turan_user
--

SELECT pg_catalog.setval('public.users_user_groups_id_seq', 1, false);


--
-- Name: users_user_id_seq; Type: SEQUENCE SET; Schema: public; Owner: turan_user
--

SELECT pg_catalog.setval('public.users_user_id_seq', 9, true);


--
-- Name: users_user_user_permissions_id_seq; Type: SEQUENCE SET; Schema: public; Owner: turan_user
--

SELECT pg_catalog.setval('public.users_user_user_permissions_id_seq', 1, false);


--
-- Name: users_verificationcode_id_seq; Type: SEQUENCE SET; Schema: public; Owner: turan_user
--

SELECT pg_catalog.setval('public.users_verificationcode_id_seq', 1, false);


--
-- Name: auth_group auth_group_name_key; Type: CONSTRAINT; Schema: public; Owner: turan_user
--

ALTER TABLE ONLY public.auth_group
    ADD CONSTRAINT auth_group_name_key UNIQUE (name);


--
-- Name: auth_group_permissions auth_group_permissions_group_id_permission_id_0cd325b0_uniq; Type: CONSTRAINT; Schema: public; Owner: turan_user
--

ALTER TABLE ONLY public.auth_group_permissions
    ADD CONSTRAINT auth_group_permissions_group_id_permission_id_0cd325b0_uniq UNIQUE (group_id, permission_id);


--
-- Name: auth_group_permissions auth_group_permissions_pkey; Type: CONSTRAINT; Schema: public; Owner: turan_user
--

ALTER TABLE ONLY public.auth_group_permissions
    ADD CONSTRAINT auth_group_permissions_pkey PRIMARY KEY (id);


--
-- Name: auth_group auth_group_pkey; Type: CONSTRAINT; Schema: public; Owner: turan_user
--

ALTER TABLE ONLY public.auth_group
    ADD CONSTRAINT auth_group_pkey PRIMARY KEY (id);


--
-- Name: auth_permission auth_permission_content_type_id_codename_01ab375a_uniq; Type: CONSTRAINT; Schema: public; Owner: turan_user
--

ALTER TABLE ONLY public.auth_permission
    ADD CONSTRAINT auth_permission_content_type_id_codename_01ab375a_uniq UNIQUE (content_type_id, codename);


--
-- Name: auth_permission auth_permission_pkey; Type: CONSTRAINT; Schema: public; Owner: turan_user
--

ALTER TABLE ONLY public.auth_permission
    ADD CONSTRAINT auth_permission_pkey PRIMARY KEY (id);


--
-- Name: common_versionhistory common_versionhistory_pkey; Type: CONSTRAINT; Schema: public; Owner: turan_user
--

ALTER TABLE ONLY public.common_versionhistory
    ADD CONSTRAINT common_versionhistory_pkey PRIMARY KEY (id);


--
-- Name: django_admin_log django_admin_log_pkey; Type: CONSTRAINT; Schema: public; Owner: turan_user
--

ALTER TABLE ONLY public.django_admin_log
    ADD CONSTRAINT django_admin_log_pkey PRIMARY KEY (id);


--
-- Name: django_content_type django_content_type_app_label_model_76bd3d3b_uniq; Type: CONSTRAINT; Schema: public; Owner: turan_user
--

ALTER TABLE ONLY public.django_content_type
    ADD CONSTRAINT django_content_type_app_label_model_76bd3d3b_uniq UNIQUE (app_label, model);


--
-- Name: django_content_type django_content_type_pkey; Type: CONSTRAINT; Schema: public; Owner: turan_user
--

ALTER TABLE ONLY public.django_content_type
    ADD CONSTRAINT django_content_type_pkey PRIMARY KEY (id);


--
-- Name: django_migrations django_migrations_pkey; Type: CONSTRAINT; Schema: public; Owner: turan_user
--

ALTER TABLE ONLY public.django_migrations
    ADD CONSTRAINT django_migrations_pkey PRIMARY KEY (id);


--
-- Name: django_session django_session_pkey; Type: CONSTRAINT; Schema: public; Owner: turan_user
--

ALTER TABLE ONLY public.django_session
    ADD CONSTRAINT django_session_pkey PRIMARY KEY (session_key);


--
-- Name: main_language main_language_pkey; Type: CONSTRAINT; Schema: public; Owner: turan_user
--

ALTER TABLE ONLY public.main_language
    ADD CONSTRAINT main_language_pkey PRIMARY KEY (id);


--
-- Name: multilevel_exam multilevel_exam_pkey; Type: CONSTRAINT; Schema: public; Owner: turan_user
--

ALTER TABLE ONLY public.multilevel_exam
    ADD CONSTRAINT multilevel_exam_pkey PRIMARY KEY (id);


--
-- Name: multilevel_option multilevel_option_pkey; Type: CONSTRAINT; Schema: public; Owner: turan_user
--

ALTER TABLE ONLY public.multilevel_option
    ADD CONSTRAINT multilevel_option_pkey PRIMARY KEY (id);


--
-- Name: multilevel_question multilevel_question_pkey; Type: CONSTRAINT; Schema: public; Owner: turan_user
--

ALTER TABLE ONLY public.multilevel_question
    ADD CONSTRAINT multilevel_question_pkey PRIMARY KEY (id);


--
-- Name: multilevel_section multilevel_section_pkey; Type: CONSTRAINT; Schema: public; Owner: turan_user
--

ALTER TABLE ONLY public.multilevel_section
    ADD CONSTRAINT multilevel_section_pkey PRIMARY KEY (id);


--
-- Name: multilevel_test multilevel_test_pkey; Type: CONSTRAINT; Schema: public; Owner: turan_user
--

ALTER TABLE ONLY public.multilevel_test
    ADD CONSTRAINT multilevel_test_pkey PRIMARY KEY (id);


--
-- Name: multilevel_testresult multilevel_testresult_pkey; Type: CONSTRAINT; Schema: public; Owner: turan_user
--

ALTER TABLE ONLY public.multilevel_testresult
    ADD CONSTRAINT multilevel_testresult_pkey PRIMARY KEY (id);


--
-- Name: multilevel_useranswer multilevel_useranswer_pkey; Type: CONSTRAINT; Schema: public; Owner: turan_user
--

ALTER TABLE ONLY public.multilevel_useranswer
    ADD CONSTRAINT multilevel_useranswer_pkey PRIMARY KEY (id);


--
-- Name: multilevel_usertest multilevel_usertest_pkey; Type: CONSTRAINT; Schema: public; Owner: turan_user
--

ALTER TABLE ONLY public.multilevel_usertest
    ADD CONSTRAINT multilevel_usertest_pkey PRIMARY KEY (id);


--
-- Name: payme_transactions payme_transactions_pkey; Type: CONSTRAINT; Schema: public; Owner: turan_user
--

ALTER TABLE ONLY public.payme_transactions
    ADD CONSTRAINT payme_transactions_pkey PRIMARY KEY (id);


--
-- Name: payment_balancetransaction payment_balancetransaction_pkey; Type: CONSTRAINT; Schema: public; Owner: turan_user
--

ALTER TABLE ONLY public.payment_balancetransaction
    ADD CONSTRAINT payment_balancetransaction_pkey PRIMARY KEY (id);


--
-- Name: payment_exampayment payment_exampayment_pkey; Type: CONSTRAINT; Schema: public; Owner: turan_user
--

ALTER TABLE ONLY public.payment_exampayment
    ADD CONSTRAINT payment_exampayment_pkey PRIMARY KEY (id);


--
-- Name: payment_userbalance payment_userbalance_pkey; Type: CONSTRAINT; Schema: public; Owner: turan_user
--

ALTER TABLE ONLY public.payment_userbalance
    ADD CONSTRAINT payment_userbalance_pkey PRIMARY KEY (id);


--
-- Name: payment_userbalance payment_userbalance_user_id_key; Type: CONSTRAINT; Schema: public; Owner: turan_user
--

ALTER TABLE ONLY public.payment_userbalance
    ADD CONSTRAINT payment_userbalance_user_id_key UNIQUE (user_id);


--
-- Name: users_country users_country_pkey; Type: CONSTRAINT; Schema: public; Owner: turan_user
--

ALTER TABLE ONLY public.users_country
    ADD CONSTRAINT users_country_pkey PRIMARY KEY (id);


--
-- Name: users_region users_region_pkey; Type: CONSTRAINT; Schema: public; Owner: turan_user
--

ALTER TABLE ONLY public.users_region
    ADD CONSTRAINT users_region_pkey PRIMARY KEY (id);


--
-- Name: users_user users_user_email_243f6e77_uniq; Type: CONSTRAINT; Schema: public; Owner: turan_user
--

ALTER TABLE ONLY public.users_user
    ADD CONSTRAINT users_user_email_243f6e77_uniq UNIQUE (email);


--
-- Name: users_user_groups users_user_groups_pkey; Type: CONSTRAINT; Schema: public; Owner: turan_user
--

ALTER TABLE ONLY public.users_user_groups
    ADD CONSTRAINT users_user_groups_pkey PRIMARY KEY (id);


--
-- Name: users_user_groups users_user_groups_user_id_group_id_b88eab82_uniq; Type: CONSTRAINT; Schema: public; Owner: turan_user
--

ALTER TABLE ONLY public.users_user_groups
    ADD CONSTRAINT users_user_groups_user_id_group_id_b88eab82_uniq UNIQUE (user_id, group_id);


--
-- Name: users_user users_user_phone_key; Type: CONSTRAINT; Schema: public; Owner: turan_user
--

ALTER TABLE ONLY public.users_user
    ADD CONSTRAINT users_user_phone_key UNIQUE (phone);


--
-- Name: users_user users_user_pkey; Type: CONSTRAINT; Schema: public; Owner: turan_user
--

ALTER TABLE ONLY public.users_user
    ADD CONSTRAINT users_user_pkey PRIMARY KEY (id);


--
-- Name: users_user_user_permissions users_user_user_permissions_pkey; Type: CONSTRAINT; Schema: public; Owner: turan_user
--

ALTER TABLE ONLY public.users_user_user_permissions
    ADD CONSTRAINT users_user_user_permissions_pkey PRIMARY KEY (id);


--
-- Name: users_user_user_permissions users_user_user_permissions_user_id_permission_id_43338c45_uniq; Type: CONSTRAINT; Schema: public; Owner: turan_user
--

ALTER TABLE ONLY public.users_user_user_permissions
    ADD CONSTRAINT users_user_user_permissions_user_id_permission_id_43338c45_uniq UNIQUE (user_id, permission_id);


--
-- Name: users_verificationcode users_verificationcode_pkey; Type: CONSTRAINT; Schema: public; Owner: turan_user
--

ALTER TABLE ONLY public.users_verificationcode
    ADD CONSTRAINT users_verificationcode_pkey PRIMARY KEY (id);


--
-- Name: auth_group_name_a6ea08ec_like; Type: INDEX; Schema: public; Owner: turan_user
--

CREATE INDEX auth_group_name_a6ea08ec_like ON public.auth_group USING btree (name varchar_pattern_ops);


--
-- Name: auth_group_permissions_group_id_b120cbf9; Type: INDEX; Schema: public; Owner: turan_user
--

CREATE INDEX auth_group_permissions_group_id_b120cbf9 ON public.auth_group_permissions USING btree (group_id);


--
-- Name: auth_group_permissions_permission_id_84c5c92e; Type: INDEX; Schema: public; Owner: turan_user
--

CREATE INDEX auth_group_permissions_permission_id_84c5c92e ON public.auth_group_permissions USING btree (permission_id);


--
-- Name: auth_permission_content_type_id_2f476e4b; Type: INDEX; Schema: public; Owner: turan_user
--

CREATE INDEX auth_permission_content_type_id_2f476e4b ON public.auth_permission USING btree (content_type_id);


--
-- Name: django_admin_log_content_type_id_c4bce8eb; Type: INDEX; Schema: public; Owner: turan_user
--

CREATE INDEX django_admin_log_content_type_id_c4bce8eb ON public.django_admin_log USING btree (content_type_id);


--
-- Name: django_admin_log_user_id_c564eba6; Type: INDEX; Schema: public; Owner: turan_user
--

CREATE INDEX django_admin_log_user_id_c564eba6 ON public.django_admin_log USING btree (user_id);


--
-- Name: django_session_expire_date_a5c62663; Type: INDEX; Schema: public; Owner: turan_user
--

CREATE INDEX django_session_expire_date_a5c62663 ON public.django_session USING btree (expire_date);


--
-- Name: django_session_session_key_c0390e0f_like; Type: INDEX; Schema: public; Owner: turan_user
--

CREATE INDEX django_session_session_key_c0390e0f_like ON public.django_session USING btree (session_key varchar_pattern_ops);


--
-- Name: multilevel_exam_language_id_91b6b449; Type: INDEX; Schema: public; Owner: turan_user
--

CREATE INDEX multilevel_exam_language_id_91b6b449 ON public.multilevel_exam USING btree (language_id);


--
-- Name: multilevel_option_question_id_1eff599c; Type: INDEX; Schema: public; Owner: turan_user
--

CREATE INDEX multilevel_option_question_id_1eff599c ON public.multilevel_option USING btree (question_id);


--
-- Name: multilevel_question_test_id_0399e7b8; Type: INDEX; Schema: public; Owner: turan_user
--

CREATE INDEX multilevel_question_test_id_0399e7b8 ON public.multilevel_question USING btree (test_id);


--
-- Name: multilevel_section_exam_id_496a8f68; Type: INDEX; Schema: public; Owner: turan_user
--

CREATE INDEX multilevel_section_exam_id_496a8f68 ON public.multilevel_section USING btree (exam_id);


--
-- Name: multilevel_test_section_id_95e778ee; Type: INDEX; Schema: public; Owner: turan_user
--

CREATE INDEX multilevel_test_section_id_95e778ee ON public.multilevel_test USING btree (section_id);


--
-- Name: multilevel_testresult_section_id_3c8ec32c; Type: INDEX; Schema: public; Owner: turan_user
--

CREATE INDEX multilevel_testresult_section_id_3c8ec32c ON public.multilevel_testresult USING btree (section_id);


--
-- Name: multilevel_testresult_user_test_id_8505072c; Type: INDEX; Schema: public; Owner: turan_user
--

CREATE INDEX multilevel_testresult_user_test_id_8505072c ON public.multilevel_testresult USING btree (user_test_id);


--
-- Name: multilevel_useranswer_question_id_3a9e4aa2; Type: INDEX; Schema: public; Owner: turan_user
--

CREATE INDEX multilevel_useranswer_question_id_3a9e4aa2 ON public.multilevel_useranswer USING btree (question_id);


--
-- Name: multilevel_useranswer_test_result_id_c494d18e; Type: INDEX; Schema: public; Owner: turan_user
--

CREATE INDEX multilevel_useranswer_test_result_id_c494d18e ON public.multilevel_useranswer USING btree (test_result_id);


--
-- Name: multilevel_useranswer_user_option_id_6ba3ec4a; Type: INDEX; Schema: public; Owner: turan_user
--

CREATE INDEX multilevel_useranswer_user_option_id_6ba3ec4a ON public.multilevel_useranswer USING btree (user_option_id);


--
-- Name: multilevel_usertest_exam_id_4b704528; Type: INDEX; Schema: public; Owner: turan_user
--

CREATE INDEX multilevel_usertest_exam_id_4b704528 ON public.multilevel_usertest USING btree (exam_id);


--
-- Name: multilevel_usertest_language_id_1826ca93; Type: INDEX; Schema: public; Owner: turan_user
--

CREATE INDEX multilevel_usertest_language_id_1826ca93 ON public.multilevel_usertest USING btree (language_id);


--
-- Name: multilevel_usertest_user_id_ab8c63ca; Type: INDEX; Schema: public; Owner: turan_user
--

CREATE INDEX multilevel_usertest_user_id_ab8c63ca ON public.multilevel_usertest USING btree (user_id);


--
-- Name: payme_transactions_cancelled_at_a812bc26; Type: INDEX; Schema: public; Owner: turan_user
--

CREATE INDEX payme_transactions_cancelled_at_a812bc26 ON public.payme_transactions USING btree (cancelled_at);


--
-- Name: payme_transactions_created_at_e424911b; Type: INDEX; Schema: public; Owner: turan_user
--

CREATE INDEX payme_transactions_created_at_e424911b ON public.payme_transactions USING btree (created_at);


--
-- Name: payme_transactions_performed_at_30a82c17; Type: INDEX; Schema: public; Owner: turan_user
--

CREATE INDEX payme_transactions_performed_at_30a82c17 ON public.payme_transactions USING btree (performed_at);


--
-- Name: payme_transactions_updated_at_4805abeb; Type: INDEX; Schema: public; Owner: turan_user
--

CREATE INDEX payme_transactions_updated_at_4805abeb ON public.payme_transactions USING btree (updated_at);


--
-- Name: payment_balancetransaction_user_id_83cc7414; Type: INDEX; Schema: public; Owner: turan_user
--

CREATE INDEX payment_balancetransaction_user_id_83cc7414 ON public.payment_balancetransaction USING btree (user_id);


--
-- Name: payment_exampayment_exam_id_a7aff594; Type: INDEX; Schema: public; Owner: turan_user
--

CREATE INDEX payment_exampayment_exam_id_a7aff594 ON public.payment_exampayment USING btree (exam_id);


--
-- Name: payment_exampayment_user_id_4bbc75f8; Type: INDEX; Schema: public; Owner: turan_user
--

CREATE INDEX payment_exampayment_user_id_4bbc75f8 ON public.payment_exampayment USING btree (user_id);


--
-- Name: users_region_country_id_76083053; Type: INDEX; Schema: public; Owner: turan_user
--

CREATE INDEX users_region_country_id_76083053 ON public.users_region USING btree (country_id);


--
-- Name: users_user_email_243f6e77_like; Type: INDEX; Schema: public; Owner: turan_user
--

CREATE INDEX users_user_email_243f6e77_like ON public.users_user USING btree (email varchar_pattern_ops);


--
-- Name: users_user_groups_group_id_9afc8d0e; Type: INDEX; Schema: public; Owner: turan_user
--

CREATE INDEX users_user_groups_group_id_9afc8d0e ON public.users_user_groups USING btree (group_id);


--
-- Name: users_user_groups_user_id_5f6f5a90; Type: INDEX; Schema: public; Owner: turan_user
--

CREATE INDEX users_user_groups_user_id_5f6f5a90 ON public.users_user_groups USING btree (user_id);


--
-- Name: users_user_language_id_f5a44fdf; Type: INDEX; Schema: public; Owner: turan_user
--

CREATE INDEX users_user_language_id_f5a44fdf ON public.users_user USING btree (language_id);


--
-- Name: users_user_phone_fe37f55c_like; Type: INDEX; Schema: public; Owner: turan_user
--

CREATE INDEX users_user_phone_fe37f55c_like ON public.users_user USING btree (phone varchar_pattern_ops);


--
-- Name: users_user_region_id_5f144ed5; Type: INDEX; Schema: public; Owner: turan_user
--

CREATE INDEX users_user_region_id_5f144ed5 ON public.users_user USING btree (region_id);


--
-- Name: users_user_user_permissions_permission_id_0b93982e; Type: INDEX; Schema: public; Owner: turan_user
--

CREATE INDEX users_user_user_permissions_permission_id_0b93982e ON public.users_user_user_permissions USING btree (permission_id);


--
-- Name: users_user_user_permissions_user_id_20aca447; Type: INDEX; Schema: public; Owner: turan_user
--

CREATE INDEX users_user_user_permissions_user_id_20aca447 ON public.users_user_user_permissions USING btree (user_id);


--
-- Name: users_verificationcode_user_id_9a818ffb; Type: INDEX; Schema: public; Owner: turan_user
--

CREATE INDEX users_verificationcode_user_id_9a818ffb ON public.users_verificationcode USING btree (user_id);


--
-- Name: auth_group_permissions auth_group_permissio_permission_id_84c5c92e_fk_auth_perm; Type: FK CONSTRAINT; Schema: public; Owner: turan_user
--

ALTER TABLE ONLY public.auth_group_permissions
    ADD CONSTRAINT auth_group_permissio_permission_id_84c5c92e_fk_auth_perm FOREIGN KEY (permission_id) REFERENCES public.auth_permission(id) DEFERRABLE INITIALLY DEFERRED;


--
-- Name: auth_group_permissions auth_group_permissions_group_id_b120cbf9_fk_auth_group_id; Type: FK CONSTRAINT; Schema: public; Owner: turan_user
--

ALTER TABLE ONLY public.auth_group_permissions
    ADD CONSTRAINT auth_group_permissions_group_id_b120cbf9_fk_auth_group_id FOREIGN KEY (group_id) REFERENCES public.auth_group(id) DEFERRABLE INITIALLY DEFERRED;


--
-- Name: auth_permission auth_permission_content_type_id_2f476e4b_fk_django_co; Type: FK CONSTRAINT; Schema: public; Owner: turan_user
--

ALTER TABLE ONLY public.auth_permission
    ADD CONSTRAINT auth_permission_content_type_id_2f476e4b_fk_django_co FOREIGN KEY (content_type_id) REFERENCES public.django_content_type(id) DEFERRABLE INITIALLY DEFERRED;


--
-- Name: django_admin_log django_admin_log_content_type_id_c4bce8eb_fk_django_co; Type: FK CONSTRAINT; Schema: public; Owner: turan_user
--

ALTER TABLE ONLY public.django_admin_log
    ADD CONSTRAINT django_admin_log_content_type_id_c4bce8eb_fk_django_co FOREIGN KEY (content_type_id) REFERENCES public.django_content_type(id) DEFERRABLE INITIALLY DEFERRED;


--
-- Name: django_admin_log django_admin_log_user_id_c564eba6_fk_users_user_id; Type: FK CONSTRAINT; Schema: public; Owner: turan_user
--

ALTER TABLE ONLY public.django_admin_log
    ADD CONSTRAINT django_admin_log_user_id_c564eba6_fk_users_user_id FOREIGN KEY (user_id) REFERENCES public.users_user(id) DEFERRABLE INITIALLY DEFERRED;


--
-- Name: multilevel_exam multilevel_exam_language_id_91b6b449_fk_main_language_id; Type: FK CONSTRAINT; Schema: public; Owner: turan_user
--

ALTER TABLE ONLY public.multilevel_exam
    ADD CONSTRAINT multilevel_exam_language_id_91b6b449_fk_main_language_id FOREIGN KEY (language_id) REFERENCES public.main_language(id) DEFERRABLE INITIALLY DEFERRED;


--
-- Name: multilevel_option multilevel_option_question_id_1eff599c_fk_multileve; Type: FK CONSTRAINT; Schema: public; Owner: turan_user
--

ALTER TABLE ONLY public.multilevel_option
    ADD CONSTRAINT multilevel_option_question_id_1eff599c_fk_multileve FOREIGN KEY (question_id) REFERENCES public.multilevel_question(id) DEFERRABLE INITIALLY DEFERRED;


--
-- Name: multilevel_question multilevel_question_test_id_0399e7b8_fk_multilevel_test_id; Type: FK CONSTRAINT; Schema: public; Owner: turan_user
--

ALTER TABLE ONLY public.multilevel_question
    ADD CONSTRAINT multilevel_question_test_id_0399e7b8_fk_multilevel_test_id FOREIGN KEY (test_id) REFERENCES public.multilevel_test(id) DEFERRABLE INITIALLY DEFERRED;


--
-- Name: multilevel_section multilevel_section_exam_id_496a8f68_fk_multilevel_exam_id; Type: FK CONSTRAINT; Schema: public; Owner: turan_user
--

ALTER TABLE ONLY public.multilevel_section
    ADD CONSTRAINT multilevel_section_exam_id_496a8f68_fk_multilevel_exam_id FOREIGN KEY (exam_id) REFERENCES public.multilevel_exam(id) DEFERRABLE INITIALLY DEFERRED;


--
-- Name: multilevel_test multilevel_test_section_id_95e778ee_fk_multilevel_section_id; Type: FK CONSTRAINT; Schema: public; Owner: turan_user
--

ALTER TABLE ONLY public.multilevel_test
    ADD CONSTRAINT multilevel_test_section_id_95e778ee_fk_multilevel_section_id FOREIGN KEY (section_id) REFERENCES public.multilevel_section(id) DEFERRABLE INITIALLY DEFERRED;


--
-- Name: multilevel_testresult multilevel_testresul_section_id_3c8ec32c_fk_multileve; Type: FK CONSTRAINT; Schema: public; Owner: turan_user
--

ALTER TABLE ONLY public.multilevel_testresult
    ADD CONSTRAINT multilevel_testresul_section_id_3c8ec32c_fk_multileve FOREIGN KEY (section_id) REFERENCES public.multilevel_section(id) DEFERRABLE INITIALLY DEFERRED;


--
-- Name: multilevel_testresult multilevel_testresul_user_test_id_8505072c_fk_multileve; Type: FK CONSTRAINT; Schema: public; Owner: turan_user
--

ALTER TABLE ONLY public.multilevel_testresult
    ADD CONSTRAINT multilevel_testresul_user_test_id_8505072c_fk_multileve FOREIGN KEY (user_test_id) REFERENCES public.multilevel_usertest(id) DEFERRABLE INITIALLY DEFERRED;


--
-- Name: multilevel_useranswer multilevel_useranswe_question_id_3a9e4aa2_fk_multileve; Type: FK CONSTRAINT; Schema: public; Owner: turan_user
--

ALTER TABLE ONLY public.multilevel_useranswer
    ADD CONSTRAINT multilevel_useranswe_question_id_3a9e4aa2_fk_multileve FOREIGN KEY (question_id) REFERENCES public.multilevel_question(id) DEFERRABLE INITIALLY DEFERRED;


--
-- Name: multilevel_useranswer multilevel_useranswe_test_result_id_c494d18e_fk_multileve; Type: FK CONSTRAINT; Schema: public; Owner: turan_user
--

ALTER TABLE ONLY public.multilevel_useranswer
    ADD CONSTRAINT multilevel_useranswe_test_result_id_c494d18e_fk_multileve FOREIGN KEY (test_result_id) REFERENCES public.multilevel_testresult(id) DEFERRABLE INITIALLY DEFERRED;


--
-- Name: multilevel_useranswer multilevel_useranswe_user_option_id_6ba3ec4a_fk_multileve; Type: FK CONSTRAINT; Schema: public; Owner: turan_user
--

ALTER TABLE ONLY public.multilevel_useranswer
    ADD CONSTRAINT multilevel_useranswe_user_option_id_6ba3ec4a_fk_multileve FOREIGN KEY (user_option_id) REFERENCES public.multilevel_option(id) DEFERRABLE INITIALLY DEFERRED;


--
-- Name: multilevel_usertest multilevel_usertest_exam_id_4b704528_fk_multilevel_exam_id; Type: FK CONSTRAINT; Schema: public; Owner: turan_user
--

ALTER TABLE ONLY public.multilevel_usertest
    ADD CONSTRAINT multilevel_usertest_exam_id_4b704528_fk_multilevel_exam_id FOREIGN KEY (exam_id) REFERENCES public.multilevel_exam(id) DEFERRABLE INITIALLY DEFERRED;


--
-- Name: multilevel_usertest multilevel_usertest_language_id_1826ca93_fk_main_language_id; Type: FK CONSTRAINT; Schema: public; Owner: turan_user
--

ALTER TABLE ONLY public.multilevel_usertest
    ADD CONSTRAINT multilevel_usertest_language_id_1826ca93_fk_main_language_id FOREIGN KEY (language_id) REFERENCES public.main_language(id) DEFERRABLE INITIALLY DEFERRED;


--
-- Name: multilevel_usertest multilevel_usertest_user_id_ab8c63ca_fk_users_user_id; Type: FK CONSTRAINT; Schema: public; Owner: turan_user
--

ALTER TABLE ONLY public.multilevel_usertest
    ADD CONSTRAINT multilevel_usertest_user_id_ab8c63ca_fk_users_user_id FOREIGN KEY (user_id) REFERENCES public.users_user(id) DEFERRABLE INITIALLY DEFERRED;


--
-- Name: payment_balancetransaction payment_balancetransaction_user_id_83cc7414_fk_users_user_id; Type: FK CONSTRAINT; Schema: public; Owner: turan_user
--

ALTER TABLE ONLY public.payment_balancetransaction
    ADD CONSTRAINT payment_balancetransaction_user_id_83cc7414_fk_users_user_id FOREIGN KEY (user_id) REFERENCES public.users_user(id) DEFERRABLE INITIALLY DEFERRED;


--
-- Name: payment_exampayment payment_exampayment_exam_id_a7aff594_fk_multilevel_exam_id; Type: FK CONSTRAINT; Schema: public; Owner: turan_user
--

ALTER TABLE ONLY public.payment_exampayment
    ADD CONSTRAINT payment_exampayment_exam_id_a7aff594_fk_multilevel_exam_id FOREIGN KEY (exam_id) REFERENCES public.multilevel_exam(id) DEFERRABLE INITIALLY DEFERRED;


--
-- Name: payment_exampayment payment_exampayment_user_id_4bbc75f8_fk_users_user_id; Type: FK CONSTRAINT; Schema: public; Owner: turan_user
--

ALTER TABLE ONLY public.payment_exampayment
    ADD CONSTRAINT payment_exampayment_user_id_4bbc75f8_fk_users_user_id FOREIGN KEY (user_id) REFERENCES public.users_user(id) DEFERRABLE INITIALLY DEFERRED;


--
-- Name: payment_userbalance payment_userbalance_user_id_563b9eb5_fk_users_user_id; Type: FK CONSTRAINT; Schema: public; Owner: turan_user
--

ALTER TABLE ONLY public.payment_userbalance
    ADD CONSTRAINT payment_userbalance_user_id_563b9eb5_fk_users_user_id FOREIGN KEY (user_id) REFERENCES public.users_user(id) DEFERRABLE INITIALLY DEFERRED;


--
-- Name: users_region users_region_country_id_76083053_fk_users_country_id; Type: FK CONSTRAINT; Schema: public; Owner: turan_user
--

ALTER TABLE ONLY public.users_region
    ADD CONSTRAINT users_region_country_id_76083053_fk_users_country_id FOREIGN KEY (country_id) REFERENCES public.users_country(id) DEFERRABLE INITIALLY DEFERRED;


--
-- Name: users_user_groups users_user_groups_group_id_9afc8d0e_fk_auth_group_id; Type: FK CONSTRAINT; Schema: public; Owner: turan_user
--

ALTER TABLE ONLY public.users_user_groups
    ADD CONSTRAINT users_user_groups_group_id_9afc8d0e_fk_auth_group_id FOREIGN KEY (group_id) REFERENCES public.auth_group(id) DEFERRABLE INITIALLY DEFERRED;


--
-- Name: users_user_groups users_user_groups_user_id_5f6f5a90_fk_users_user_id; Type: FK CONSTRAINT; Schema: public; Owner: turan_user
--

ALTER TABLE ONLY public.users_user_groups
    ADD CONSTRAINT users_user_groups_user_id_5f6f5a90_fk_users_user_id FOREIGN KEY (user_id) REFERENCES public.users_user(id) DEFERRABLE INITIALLY DEFERRED;


--
-- Name: users_user users_user_language_id_f5a44fdf_fk_main_language_id; Type: FK CONSTRAINT; Schema: public; Owner: turan_user
--

ALTER TABLE ONLY public.users_user
    ADD CONSTRAINT users_user_language_id_f5a44fdf_fk_main_language_id FOREIGN KEY (language_id) REFERENCES public.main_language(id) DEFERRABLE INITIALLY DEFERRED;


--
-- Name: users_user users_user_region_id_5f144ed5_fk_users_region_id; Type: FK CONSTRAINT; Schema: public; Owner: turan_user
--

ALTER TABLE ONLY public.users_user
    ADD CONSTRAINT users_user_region_id_5f144ed5_fk_users_region_id FOREIGN KEY (region_id) REFERENCES public.users_region(id) DEFERRABLE INITIALLY DEFERRED;


--
-- Name: users_user_user_permissions users_user_user_perm_permission_id_0b93982e_fk_auth_perm; Type: FK CONSTRAINT; Schema: public; Owner: turan_user
--

ALTER TABLE ONLY public.users_user_user_permissions
    ADD CONSTRAINT users_user_user_perm_permission_id_0b93982e_fk_auth_perm FOREIGN KEY (permission_id) REFERENCES public.auth_permission(id) DEFERRABLE INITIALLY DEFERRED;


--
-- Name: users_user_user_permissions users_user_user_permissions_user_id_20aca447_fk_users_user_id; Type: FK CONSTRAINT; Schema: public; Owner: turan_user
--

ALTER TABLE ONLY public.users_user_user_permissions
    ADD CONSTRAINT users_user_user_permissions_user_id_20aca447_fk_users_user_id FOREIGN KEY (user_id) REFERENCES public.users_user(id) DEFERRABLE INITIALLY DEFERRED;


--
-- Name: users_verificationcode users_verificationcode_user_id_9a818ffb_fk_users_user_id; Type: FK CONSTRAINT; Schema: public; Owner: turan_user
--

ALTER TABLE ONLY public.users_verificationcode
    ADD CONSTRAINT users_verificationcode_user_id_9a818ffb_fk_users_user_id FOREIGN KEY (user_id) REFERENCES public.users_user(id) DEFERRABLE INITIALLY DEFERRED;


--
-- PostgreSQL database dump complete
--

